ISO-10303-21;
HEADER;
FILE_DESCRIPTION (( 'STEP AP214' ),
    '1' );
FILE_NAME ('Aztechs_Hackathon.Housing_Body_V2.STEP',
    '2026-09-19T00:43:15',
    ( '' ),
    ( '' ),
    'SwSTEP 2.0',
    'SolidWorks 2025',
    '' );
FILE_SCHEMA (( 'AUTOMOTIVE_DESIGN' ));
ENDSEC;

DATA;
#1 = CARTESIAN_POINT ( 'NONE',  ( -134.4000000000000057, -1.533257792532486074E-14, -65.09999999999999432 ) ) ;
#2 = VERTEX_POINT ( 'NONE', #906 ) ;
#3 = CARTESIAN_POINT ( 'NONE',  ( -132.5999999999999659, 87.04857057125708764, -53.10000000000000853 ) ) ;
#4 = DIRECTION ( 'NONE',  ( 1.000000000000000000, 1.606225440719265381E-16, 0.000000000000000000 ) ) ;
#5 = DIRECTION ( 'NONE',  ( 0.000000000000000000, -0.7141428428542850870, 0.6999999999999999556 ) ) ;
#6 = CARTESIAN_POINT ( 'NONE',  ( -132.5999999999999943, 68.11632632648976937, 55.09999999999998721 ) ) ;
#7 = ORIENTED_EDGE ( 'NONE', *, *, #1537, .F. ) ;
#8 = EDGE_CURVE ( 'NONE', #1421, #1484, #523, .T. ) ;
#9 = ORIENTED_EDGE ( 'NONE', *, *, #960, .T. ) ;
#10 = LINE ( 'NONE', #1179, #623 ) ;
#11 = AXIS2_PLACEMENT_3D ( 'NONE', #1283, #70, #615 ) ;
#12 = ORIENTED_EDGE ( 'NONE', *, *, #1033, .F. ) ;
#13 = CARTESIAN_POINT ( 'NONE',  ( -132.5999999999999943, 102.3485705712570848, -174.5657564912843611 ) ) ;
#14 = LINE ( 'NONE', #1632, #832 ) ;
#15 = CIRCLE ( 'NONE', #189, 9.999999999999994671 ) ;
#16 = PLANE ( 'NONE',  #1346 ) ;
#17 = DIRECTION ( 'NONE',  ( 0.000000000000000000, 0.000000000000000000, 1.000000000000000000 ) ) ;
#18 = EDGE_LOOP ( 'NONE', ( #1674, #1227, #1084, #491, #280, #214 ) ) ;
#19 = EDGE_CURVE ( 'NONE', #1172, #1530, #689, .T. ) ;
#20 = VECTOR ( 'NONE', #548, 1000.000000000000000 ) ;
#21 = EDGE_LOOP ( 'NONE', ( #1207, #1101, #325, #1199 ) ) ;
#22 = ADVANCED_BREP_SHAPE_REPRESENTATION ( 'Aztechs_Hackathon.Housing_Body_V2', ( #299, #1383 ), #1437 ) ;
#23 = EDGE_CURVE ( 'NONE', #582, #290, #791, .T. ) ;
#24 = VERTEX_POINT ( 'NONE', #1059 ) ;
#25 = DIRECTION ( 'NONE',  ( 0.000000000000000000, 0.7141428428542848650, -0.7000000000000002887 ) ) ;
#26 = CARTESIAN_POINT ( 'NONE',  ( -11.79999999999999538, 39.99999999999999289, 45.81999999999995765 ) ) ;
#27 = CARTESIAN_POINT ( 'NONE',  ( -132.5999999999999943, 12.19999999999997620, 65.09999999999999432 ) ) ;
#28 = SPHERICAL_SURFACE ( 'NONE', #378, 10.00000000000000000 ) ;
#29 = VERTEX_POINT ( 'NONE', #1322 ) ;
#30 = EDGE_LOOP ( 'NONE', ( #1117, #1563, #555, #215, #814, #1032, #1276, #314 ) ) ;
#31 = DIRECTION ( 'NONE',  ( 0.000000000000000000, 0.000000000000000000, 1.000000000000000000 ) ) ;
#32 = ORIENTED_EDGE ( 'NONE', *, *, #311, .T. ) ;
#33 = EDGE_CURVE ( 'NONE', #680, #24, #1038, .T. ) ;
#34 = PLANE ( 'NONE',  #1578 ) ;
#35 = DIRECTION ( 'NONE',  ( 1.000000000000000000, 0.000000000000000000, -0.000000000000000000 ) ) ;
#36 = DIRECTION ( 'NONE',  ( 0.000000000000000000, -0.000000000000000000, 1.000000000000000000 ) ) ;
#37 = VERTEX_POINT ( 'NONE', #1332 ) ;
#38 = CARTESIAN_POINT ( 'NONE',  ( -120.1999999999999744, 102.3485705712570848, -43.40000000000000568 ) ) ;
#39 = APPLICATION_CONTEXT ( 'automotive_design' ) ;
#40 = ORIENTED_EDGE ( 'NONE', *, *, #853, .F. ) ;
#41 = ADVANCED_FACE ( 'NONE', ( #659 ), #276, .T. ) ;
#42 = CARTESIAN_POINT ( 'NONE',  ( -144.4000000000000057, 105.0485705712570876, 18.89915974791595943 ) ) ;
#43 = DIRECTION ( 'NONE',  ( -1.032366962250120227E-16, 0.7141428428542850870, -0.6999999999999999556 ) ) ;
#44 = FACE_OUTER_BOUND ( 'NONE', #414, .T. ) ;
#45 = ORIENTED_EDGE ( 'NONE', *, *, #754, .F. ) ;
#46 = VERTEX_POINT ( 'NONE', #1194 ) ;
#47 = AXIS2_PLACEMENT_3D ( 'NONE', #1278, #86, #1401 ) ;
#48 = VECTOR ( 'NONE', #1473, 1000.000000000000000 ) ;
#49 = ORIENTED_EDGE ( 'NONE', *, *, #1592, .F. ) ;
#50 = PLANE ( 'NONE',  #685 ) ;
#51 = ORIENTED_EDGE ( 'NONE', *, *, #754, .T. ) ;
#52 = DIRECTION ( 'NONE',  ( 0.000000000000000000, -0.7141428428542850870, 0.6999999999999999556 ) ) ;
#53 = CYLINDRICAL_SURFACE ( 'NONE', #1096, 10.00000000000000000 ) ;
#54 = DIRECTION ( 'NONE',  ( 0.000000000000000000, -1.000000000000000000, 0.000000000000000000 ) ) ;
#55 = VERTEX_POINT ( 'NONE', #1728 ) ;
#56 = EDGE_CURVE ( 'NONE', #1686, #483, #1606, .T. ) ;
#57 = DIRECTION ( 'NONE',  ( -1.606225440719265381E-16, 1.000000000000000000, 0.000000000000000000 ) ) ;
#58 = ORIENTED_EDGE ( 'NONE', *, *, #1063, .F. ) ;
#59 = SURFACE_SIDE_STYLE ('',( #1018 ) ) ;
#60 = FACE_OUTER_BOUND ( 'NONE', #359, .T. ) ;
#61 = PLANE ( 'NONE',  #1418 ) ;
#62 = VERTEX_POINT ( 'NONE', #1170 ) ;
#63 = ADVANCED_FACE ( 'NONE', ( #1576 ), #643, .F. ) ;
#64 = ORIENTED_EDGE ( 'NONE', *, *, #1399, .F. ) ;
#65 = DIRECTION ( 'NONE',  ( 0.000000000000000000, 0.000000000000000000, 1.000000000000000000 ) ) ;
#66 = ORIENTED_EDGE ( 'NONE', *, *, #1024, .F. ) ;
#67 = EDGE_CURVE ( 'NONE', #1011, #1556, #539, .T. ) ;
#68 = VECTOR ( 'NONE', #1156, 1000.000000000000000 ) ;
#69 =( NAMED_UNIT ( * ) PLANE_ANGLE_UNIT ( ) SI_UNIT ( $, .RADIAN. ) );
#70 = DIRECTION ( 'NONE',  ( 0.000000000000000000, 0.000000000000000000, -1.000000000000000000 ) ) ;
#71 = DIRECTION ( 'NONE',  ( 1.000000000000000000, 0.000000000000000000, 0.000000000000000000 ) ) ;
#72 = EDGE_LOOP ( 'NONE', ( #1017, #1636, #982, #473 ) ) ;
#73 = AXIS2_PLACEMENT_3D ( 'NONE', #780, #1704, #647 ) ;
#74 = ORIENTED_EDGE ( 'NONE', *, *, #1308, .F. ) ;
#75 = EDGE_CURVE ( 'NONE', #270, #163, #800, .T. ) ;
#76 = VECTOR ( 'NONE', #208, 1000.000000000000000 ) ;
#77 = VECTOR ( 'NONE', #330, 1000.000000000000000 ) ;
#78 = ORIENTED_EDGE ( 'NONE', *, *, #786, .T. ) ;
#79 = VECTOR ( 'NONE', #306, 1000.000000000000000 ) ;
#80 = CARTESIAN_POINT ( 'NONE',  ( -34.00000000000000000, 115.0485705712571161, -53.09999999999999432 ) ) ;
#81 = CARTESIAN_POINT ( 'NONE',  ( -131.8000000000000398, 39.99999999999997868, 45.81999999999995765 ) ) ;
#82 = DIRECTION ( 'NONE',  ( 0.000000000000000000, 0.7071067811865495711, -0.7071067811865455743 ) ) ;
#83 = EDGE_LOOP ( 'NONE', ( #515, #795, #464, #552, #1700, #413, #356, #235, #66, #166, #671, #534, #347, #321, #803, #51, #1270, #1021 ) ) ;
#84 = LINE ( 'NONE', #1161, #358 ) ;
#85 = ORIENTED_EDGE ( 'NONE', *, *, #1399, .T. ) ;
#86 = DIRECTION ( 'NONE',  ( -0.000000000000000000, 0.000000000000000000, -1.000000000000000000 ) ) ;
#87 = ORIENTED_EDGE ( 'NONE', *, *, #1532, .T. ) ;
#88 = EDGE_CURVE ( 'NONE', #582, #1288, #1712, .T. ) ;
#89 = CARTESIAN_POINT ( 'NONE',  ( -134.4000000000000057, 9.999999999999984013, -65.09999999999999432 ) ) ;
#90 = CARTESIAN_POINT ( 'NONE',  ( -11.80000000000003268, 102.3485705712570848, -43.40000000000001990 ) ) ;
#91 = DIRECTION ( 'NONE',  ( 0.000000000000000000, 2.412509384324603169E-16, -1.000000000000000000 ) ) ;
#92 = EDGE_LOOP ( 'NONE', ( #971, #1675, #610, #1268 ) ) ;
#93 = ORIENTED_EDGE ( 'NONE', *, *, #238, .T. ) ;
#94 = ORIENTED_EDGE ( 'NONE', *, *, #1460, .F. ) ;
#95 = CARTESIAN_POINT ( 'NONE',  ( -134.4000000000000057, 68.11632632648976937, 55.09999999999998721 ) ) ;
#96 = EDGE_CURVE ( 'NONE', #806, #758, #138, .T. ) ;
#97 = DIRECTION ( 'NONE',  ( 0.000000000000000000, 0.000000000000000000, -1.000000000000000000 ) ) ;
#98 = DIRECTION ( 'NONE',  ( 1.000000000000000000, 0.000000000000000000, 0.000000000000000000 ) ) ;
#99 = ORIENTED_EDGE ( 'NONE', *, *, #1308, .T. ) ;
#100 = VECTOR ( 'NONE', #118, 1000.000000000000000 ) ;
#101 = VERTEX_POINT ( 'NONE', #665 ) ;
#102 = EDGE_CURVE ( 'NONE', #852, #455, #1044, .T. ) ;
#103 = CYLINDRICAL_SURFACE ( 'NONE', #1216, 10.00000000000000178 ) ;
#104 = AXIS2_PLACEMENT_3D ( 'NONE', #95, #789, #1459 ) ;
#105 = PLANE ( 'NONE',  #1549 ) ;
#106 = DIRECTION ( 'NONE',  ( 1.000000000000000000, 0.000000000000000000, 0.000000000000000000 ) ) ;
#107 = CARTESIAN_POINT ( 'NONE',  ( -11.80000000000000426, 68.11632632648976937, 55.09999999999998721 ) ) ;
#108 = CARTESIAN_POINT ( 'NONE',  ( -10.00000000000000000, 68.11632632648976937, 65.09999999999999432 ) ) ;
#109 = ADVANCED_FACE ( 'NONE', ( #257 ), #782, .F. ) ;
#110 = CARTESIAN_POINT ( 'NONE',  ( -22.59999999999999076, 39.99999999999999289, 55.09999999999995168 ) ) ;
#111 = PLANE ( 'NONE',  #1692 ) ;
#112 = DIRECTION ( 'NONE',  ( -1.000000000000000000, -0.000000000000000000, -0.000000000000000000 ) ) ;
#113 = DIRECTION ( 'NONE',  ( -0.000000000000000000, 0.6999999999999999556, 0.7141428428542850870 ) ) ;
#114 = EDGE_CURVE ( 'NONE', #1286, #341, #766, .T. ) ;
#115 = CARTESIAN_POINT ( 'NONE',  ( -144.4000000000000057, 115.0485705712570876, 18.89915974791595943 ) ) ;
#116 = PLANE ( 'NONE',  #1022 ) ;
#117 = CARTESIAN_POINT ( 'NONE',  ( -34.00000000000000000, 115.0485705712571161, -33.39999999999999858 ) ) ;
#118 = DIRECTION ( 'NONE',  ( -0.000000000000000000, 0.000000000000000000, -1.000000000000000000 ) ) ;
#119 = DIRECTION ( 'NONE',  ( 0.000000000000000000, 0.7141428428542851981, -0.6999999999999999556 ) ) ;
#120 = VECTOR ( 'NONE', #1659, 1000.000000000000000 ) ;
#121 = ORIENTED_EDGE ( 'NONE', *, *, #744, .F. ) ;
#122 = FACE_OUTER_BOUND ( 'NONE', #1357, .T. ) ;
#123 = CARTESIAN_POINT ( 'NONE',  ( -132.5999999999999943, 12.19999999999997620, 45.81999999999991502 ) ) ;
#124 = ADVANCED_FACE ( 'NONE', ( #1052 ), #1451, .F. ) ;
#125 = CIRCLE ( 'NONE', #991, 9.999999999999994671 ) ;
#126 = AXIS2_PLACEMENT_3D ( 'NONE', #1255, #460, #361 ) ;
#127 = FACE_OUTER_BOUND ( 'NONE', #1527, .T. ) ;
#128 = VECTOR ( 'NONE', #71, 1000.000000000000000 ) ;
#129 = CARTESIAN_POINT ( 'NONE',  ( -10.00000000000000888, 105.0485705712570876, 18.89915974791595943 ) ) ;
#130 = AXIS2_PLACEMENT_3D ( 'NONE', #264, #397, #1306 ) ;
#131 = DIRECTION ( 'NONE',  ( 1.000000000000000000, 0.000000000000000000, 0.000000000000000000 ) ) ;
#132 = CARTESIAN_POINT ( 'NONE',  ( -121.7999999999999972, 29.99999999999994316, 45.81999999999995765 ) ) ;
#133 = ORIENTED_EDGE ( 'NONE', *, *, #327, .T. ) ;
#134 = DIRECTION ( 'NONE',  ( 0.000000000000000000, 0.000000000000000000, 1.000000000000000000 ) ) ;
#135 = VERTEX_POINT ( 'NONE', #108 ) ;
#136 = EDGE_CURVE ( 'NONE', #544, #172, #845, .T. ) ;
#137 = DIRECTION ( 'NONE',  ( 0.000000000000000000, -1.000000000000000000, 0.000000000000000000 ) ) ;
#138 = LINE ( 'NONE', #383, #1553 ) ;
#139 = FACE_OUTER_BOUND ( 'NONE', #893, .T. ) ;
#140 = ORIENTED_EDGE ( 'NONE', *, *, #1655, .F. ) ;
#141 = CARTESIAN_POINT ( 'NONE',  ( -144.4000000000000057, 60.92148934886974843, 62.15235084931271814 ) ) ;
#142 = VERTEX_POINT ( 'NONE', #703 ) ;
#143 = CARTESIAN_POINT ( 'NONE',  ( -132.5999999999999659, 115.0485705712570876, 18.89915974791595943 ) ) ;
#144 = LINE ( 'NONE', #26, #164 ) ;
#145 = ADVANCED_FACE ( 'NONE', ( #1362 ), #34, .T. ) ;
#146 = LINE ( 'NONE', #1483, #568 ) ;
#147 = CARTESIAN_POINT ( 'NONE',  ( -10.00000000000000000, 75.11632632648978358, 62.24142842854283941 ) ) ;
#148 = ORIENTED_EDGE ( 'NONE', *, *, #853, .T. ) ;
#149 = EDGE_CURVE ( 'NONE', #29, #859, #557, .T. ) ;
#150 = VERTEX_POINT ( 'NONE', #1095 ) ;
#151 = PRODUCT_RELATED_PRODUCT_CATEGORY ( 'part', '', ( #1110 ) ) ;
#152 = VERTEX_POINT ( 'NONE', #158 ) ;
#153 = AXIS2_PLACEMENT_3D ( 'NONE', #1515, #1634, #1524 ) ;
#154 = CARTESIAN_POINT ( 'NONE',  ( -10.00000000000000888, 115.0485705712570876, 18.89915974791595943 ) ) ;
#155 = VERTEX_POINT ( 'NONE', #1349 ) ;
#156 = DIRECTION ( 'NONE',  ( -1.000000000000000000, -1.292426430777422502E-16, 0.000000000000000000 ) ) ;
#157 = AXIS2_PLACEMENT_3D ( 'NONE', #339, #591, #1372 ) ;
#158 = CARTESIAN_POINT ( 'NONE',  ( -134.4000000000000057, 9.999999999999984013, 65.09999999999999432 ) ) ;
#159 = VECTOR ( 'NONE', #404, 1000.000000000000000 ) ;
#160 = VECTOR ( 'NONE', #1058, 1000.000000000000000 ) ;
#161 = CARTESIAN_POINT ( 'NONE',  ( -132.5999999999999943, 68.11632632648975516, 65.09999999999999432 ) ) ;
#162 = LINE ( 'NONE', #386, #1100 ) ;
#163 = VERTEX_POINT ( 'NONE', #952 ) ;
#164 = VECTOR ( 'NONE', #1612, 1000.000000000000000 ) ;
#165 = ADVANCED_FACE ( 'NONE', ( #695 ), #1231, .T. ) ;
#166 = ORIENTED_EDGE ( 'NONE', *, *, #655, .F. ) ;
#167 = EDGE_LOOP ( 'NONE', ( #1648, #1616, #1090, #1650 ) ) ;
#168 = DIRECTION ( 'NONE',  ( 1.000000000000000000, 0.000000000000000000, 0.000000000000000000 ) ) ;
#169 = FACE_OUTER_BOUND ( 'NONE', #684, .T. ) ;
#170 = CARTESIAN_POINT ( 'NONE',  ( -24.20000000000002771, 87.04857057125708764, -53.10000000000002274 ) ) ;
#171 = ORIENTED_EDGE ( 'NONE', *, *, #1128, .F. ) ;
#172 = VERTEX_POINT ( 'NONE', #1224 ) ;
#173 = ADVANCED_FACE ( 'NONE', ( #443 ), #1246, .F. ) ;
#174 = LINE ( 'NONE', #1640, #1600 ) ;
#175 = ORIENTED_EDGE ( 'NONE', *, *, #678, .T. ) ;
#176 = CARTESIAN_POINT ( 'NONE',  ( -10.00000000000000000, 0.000000000000000000, 55.09999999999998721 ) ) ;
#177 = LINE ( 'NONE', #704, #959 ) ;
#178 = CARTESIAN_POINT ( 'NONE',  ( -131.8000000000000398, 39.99999999999997868, 0.000000000000000000 ) ) ;
#179 = EDGE_LOOP ( 'NONE', ( #1672, #1111, #593, #283 ) ) ;
#180 = CARTESIAN_POINT ( 'NONE',  ( -144.4000000000000057, 75.11632632648978358, 62.24142842854283941 ) ) ;
#181 = VECTOR ( 'NONE', #540, 1000.000000000000114 ) ;
#182 = EDGE_LOOP ( 'NONE', ( #1385, #74, #589, #916 ) ) ;
#183 = VECTOR ( 'NONE', #351, 1000.000000000000000 ) ;
#184 = ADVANCED_FACE ( 'NONE', ( #968 ), #1210, .T. ) ;
#185 = DIRECTION ( 'NONE',  ( 1.000000000000000000, 0.000000000000000000, -0.000000000000000000 ) ) ;
#186 = CYLINDRICAL_SURFACE ( 'NONE', #374, 10.00000000000000178 ) ;
#187 = CARTESIAN_POINT ( 'NONE',  ( -11.80000000000000426, 115.0485705712570876, 18.89915974791595943 ) ) ;
#188 = ORIENTED_EDGE ( 'NONE', *, *, #1422, .T. ) ;
#189 = AXIS2_PLACEMENT_3D ( 'NONE', #1257, #1240, #962 ) ;
#190 = CIRCLE ( 'NONE', #1438, 9.999999999999994671 ) ;
#191 = ORIENTED_EDGE ( 'NONE', *, *, #1668, .T. ) ;
#192 = VECTOR ( 'NONE', #1445, 1000.000000000000114 ) ;
#193 = ORIENTED_EDGE ( 'NONE', *, *, #509, .T. ) ;
#194 = EDGE_CURVE ( 'NONE', #1241, #1686, #1507, .T. ) ;
#195 = DIRECTION ( 'NONE',  ( 0.000000000000000000, -0.6999999999999999556, -0.7141428428542851981 ) ) ;
#196 = FACE_OUTER_BOUND ( 'NONE', #1062, .T. ) ;
#197 = ORIENTED_EDGE ( 'NONE', *, *, #1676, .F. ) ;
#198 = ORIENTED_EDGE ( 'NONE', *, *, #194, .F. ) ;
#199 = EDGE_CURVE ( 'NONE', #55, #340, #432, .T. ) ;
#200 = DIRECTION ( 'NONE',  ( -1.000000000000000000, -1.606225440719265381E-16, 0.000000000000000000 ) ) ;
#201 = SURFACE_STYLE_USAGE ( .BOTH. , #59 ) ;
#202 = DIRECTION ( 'NONE',  ( 1.000000000000000000, 0.000000000000000000, -0.000000000000000000 ) ) ;
#203 = CARTESIAN_POINT ( 'NONE',  ( -134.4000000000000057, 105.0485705712570876, 18.89915974791595943 ) ) ;
#204 = ORIENTED_EDGE ( 'NONE', *, *, #1440, .T. ) ;
#205 = EDGE_CURVE ( 'NONE', #596, #1172, #14, .T. ) ;
#206 = EDGE_CURVE ( 'NONE', #1287, #458, #1087, .T. ) ;
#207 = ORIENTED_EDGE ( 'NONE', *, *, #1544, .F. ) ;
#208 = DIRECTION ( 'NONE',  ( 1.000000000000000000, -0.000000000000000000, -0.000000000000000000 ) ) ;
#209 = VERTEX_POINT ( 'NONE', #1340 ) ;
#210 = VECTOR ( 'NONE', #1396, 1000.000000000000000 ) ;
#211 = CARTESIAN_POINT ( 'NONE',  ( 0.000000000000000000, 105.0485705712570876, -65.09999999999996589 ) ) ;
#212 = DIRECTION ( 'NONE',  ( -0.000000000000000000, -0.000000000000000000, -1.000000000000000000 ) ) ;
#213 = FACE_OUTER_BOUND ( 'NONE', #451, .T. ) ;
#214 = ORIENTED_EDGE ( 'NONE', *, *, #1583, .F. ) ;
#215 = ORIENTED_EDGE ( 'NONE', *, *, #217, .T. ) ;
#216 = COLOUR_RGB ( '',0.7921568627450980005, 0.8196078431372548767, 0.9333333333333333481 ) ;
#217 = EDGE_CURVE ( 'NONE', #55, #1011, #1360, .T. ) ;
#218 = AXIS2_PLACEMENT_3D ( 'NONE', #1727, #408, #389 ) ;
#219 = ORIENTED_EDGE ( 'NONE', *, *, #925, .F. ) ;
#220 = AXIS2_PLACEMENT_3D ( 'NONE', #728, #1139, #614 ) ;
#221 = VECTOR ( 'NONE', #878, 1000.000000000000000 ) ;
#222 = DIRECTION ( 'NONE',  ( 0.000000000000000000, -1.000000000000000000, 0.000000000000000000 ) ) ;
#223 = FACE_OUTER_BOUND ( 'NONE', #933, .T. ) ;
#224 = DIRECTION ( 'NONE',  ( -0.000000000000000000, -0.000000000000000000, -1.000000000000000000 ) ) ;
#225 = ORIENTED_EDGE ( 'NONE', *, *, #354, .T. ) ;
#226 = DIRECTION ( 'NONE',  ( 0.000000000000000000, -1.000000000000000000, 0.000000000000000000 ) ) ;
#227 = VERTEX_POINT ( 'NONE', #809 ) ;
#228 = EDGE_CURVE ( 'NONE', #1344, #883, #144, .T. ) ;
#229 = CARTESIAN_POINT ( 'NONE',  ( -11.79999999999998828, 12.19999999999999218, 65.09999999999999432 ) ) ;
#230 = FACE_OUTER_BOUND ( 'NONE', #888, .T. ) ;
#231 = CARTESIAN_POINT ( 'NONE',  ( 0.000000000000000000, 88.04857057125708764, -33.39999999999999858 ) ) ;
#232 = ADVANCED_FACE ( 'NONE', ( #425 ), #673, .T. ) ;
#233 = ORIENTED_EDGE ( 'NONE', *, *, #366, .F. ) ;
#234 = ORIENTED_EDGE ( 'NONE', *, *, #692, .F. ) ;
#235 = ORIENTED_EDGE ( 'NONE', *, *, #102, .F. ) ;
#236 = CARTESIAN_POINT ( 'NONE',  ( -34.00000000000000000, 88.04857057125710185, -33.39999999999999858 ) ) ;
#237 = LINE ( 'NONE', #764, #401 ) ;
#238 = EDGE_CURVE ( 'NONE', #1279, #1392, #958, .T. ) ;
#239 = CARTESIAN_POINT ( 'NONE',  ( -132.5999999999999943, 102.3485705712570848, -43.39999999999999147 ) ) ;
#240 = DIRECTION ( 'NONE',  ( 0.000000000000000000, -0.000000000000000000, -1.000000000000000000 ) ) ;
#241 = VECTOR ( 'NONE', #1104, 1000.000000000000000 ) ;
#242 = CARTESIAN_POINT ( 'NONE',  ( -24.20000000000002771, 87.04857057125708764, -43.40000000000001990 ) ) ;
#243 = ORIENTED_EDGE ( 'NONE', *, *, #88, .F. ) ;
#244 = CARTESIAN_POINT ( 'NONE',  ( 0.000000000000000000, 0.000000000000000000, 0.000000000000000000 ) ) ;
#245 = VECTOR ( 'NONE', #1262, 1000.000000000000114 ) ;
#246 =( GEOMETRIC_REPRESENTATION_CONTEXT ( 3 ) GLOBAL_UNCERTAINTY_ASSIGNED_CONTEXT ( ( #1529 ) ) GLOBAL_UNIT_ASSIGNED_CONTEXT ( ( #1132, #69, #1273 ) ) REPRESENTATION_CONTEXT ( 'NONE', 'WORKASPACE' ) );
#247 = DIRECTION ( 'NONE',  ( 0.000000000000000000, -0.000000000000000000, -1.000000000000000000 ) ) ;
#248 = VECTOR ( 'NONE', #1079, 1000.000000000000000 ) ;
#249 = CARTESIAN_POINT ( 'NONE',  ( -121.7999999999999972, 12.19999999999997797, 45.81999999999995765 ) ) ;
#250 = DIRECTION ( 'NONE',  ( 1.000000000000000000, -0.000000000000000000, -0.000000000000000000 ) ) ;
#251 = ADVANCED_FACE ( 'NONE', ( #831 ), #1237, .T. ) ;
#252 = CARTESIAN_POINT ( 'NONE',  ( -110.3999999999999773, 88.04857057125708764, -33.39999999999999858 ) ) ;
#253 = DIRECTION ( 'NONE',  ( 1.000000000000000000, 0.000000000000000000, 0.000000000000000000 ) ) ;
#254 = DIRECTION ( 'NONE',  ( -1.000000000000000000, 0.000000000000000000, 0.000000000000000000 ) ) ;
#255 = DIRECTION ( 'NONE',  ( 1.000000000000000000, 0.000000000000000000, 0.000000000000000000 ) ) ;
#256 = PLANE ( 'NONE',  #714 ) ;
#257 = FACE_OUTER_BOUND ( 'NONE', #403, .T. ) ;
#258 = PLANE ( 'NONE',  #400 ) ;
#259 = LINE ( 'NONE', #550, #1637 ) ;
#260 = EDGE_CURVE ( 'NONE', #393, #1025, #1414, .T. ) ;
#261 = DIRECTION ( 'NONE',  ( 0.000000000000000000, 0.000000000000000000, -1.000000000000000000 ) ) ;
#262 = DIRECTION ( 'NONE',  ( 0.000000000000000000, -0.7141428428542846429, 0.7000000000000003997 ) ) ;
#263 = CARTESIAN_POINT ( 'NONE',  ( -120.1999999999999744, 102.3485705712570848, -53.09999999999996589 ) ) ;
#264 = CARTESIAN_POINT ( 'NONE',  ( -134.4000000000000057, 68.11632632648976937, 55.09999999999998721 ) ) ;
#265 = VECTOR ( 'NONE', #611, 1000.000000000000000 ) ;
#266 = DIRECTION ( 'NONE',  ( -2.312964634635742957E-16, -1.000000000000000000, 0.000000000000000000 ) ) ;
#267 = DIRECTION ( 'NONE',  ( 0.000000000000000000, 0.6999999999999994005, 0.7141428428542854201 ) ) ;
#268 = VECTOR ( 'NONE', #590, 1000.000000000000000 ) ;
#269 =( NAMED_UNIT ( * ) PLANE_ANGLE_UNIT ( ) SI_UNIT ( $, .RADIAN. ) );
#270 = VERTEX_POINT ( 'NONE', #738 ) ;
#271 = EDGE_CURVE ( 'NONE', #629, #340, #967, .T. ) ;
#272 = DIRECTION ( 'NONE',  ( 0.000000000000000000, -1.000000000000000000, 0.000000000000000000 ) ) ;
#273 = CIRCLE ( 'NONE', #907, 10.00000000000000178 ) ;
#274 = CARTESIAN_POINT ( 'NONE',  ( -11.80000000000000426, 132.1999999999999886, -235.3722525839134221 ) ) ;
#275 = VECTOR ( 'NONE', #1294, 1000.000000000000000 ) ;
#276 = SPHERICAL_SURFACE ( 'NONE', #1498, 10.00000000000000000 ) ;
#277 = CARTESIAN_POINT ( 'NONE',  ( -110.3999999999999915, 102.3485705712570848, -53.09999999999996589 ) ) ;
#278 = LINE ( 'NONE', #784, #882 ) ;
#279 = ORIENTED_EDGE ( 'NONE', *, *, #311, .F. ) ;
#280 = ORIENTED_EDGE ( 'NONE', *, *, #1311, .F. ) ;
#281 = DIRECTION ( 'NONE',  ( -0.7071067811865464625, -0.7071067811865486830, -0.000000000000000000 ) ) ;
#282 = EDGE_CURVE ( 'NONE', #227, #449, #1145, .T. ) ;
#283 = ORIENTED_EDGE ( 'NONE', *, *, #1472, .F. ) ;
#284 = DIRECTION ( 'NONE',  ( 0.000000000000000000, -1.000000000000000000, 0.000000000000000000 ) ) ;
#285 = CARTESIAN_POINT ( 'NONE',  ( -144.4000000000000057, 115.0485705712570876, -53.09999999999995879 ) ) ;
#286 = FACE_OUTER_BOUND ( 'NONE', #83, .T. ) ;
#287 = DIRECTION ( 'NONE',  ( 0.000000000000000000, -0.7141428428542851981, 0.6999999999999999556 ) ) ;
#288 = ADVANCED_FACE ( 'NONE', ( #1395 ), #478, .T. ) ;
#289 = ORIENTED_EDGE ( 'NONE', *, *, #605, .T. ) ;
#290 = VERTEX_POINT ( 'NONE', #1264 ) ;
#291 = CARTESIAN_POINT ( 'NONE',  ( -131.8000000000000398, 39.99999999999997868, 55.09999999999995168 ) ) ;
#292 = VERTEX_POINT ( 'NONE', #1289 ) ;
#293 = CARTESIAN_POINT ( 'NONE',  ( -132.5999999999999943, 78.04857057125710185, -43.40000000000003411 ) ) ;
#294 = DIRECTION ( 'NONE',  ( 0.000000000000000000, 0.000000000000000000, 1.000000000000000000 ) ) ;
#295 = EDGE_CURVE ( 'NONE', #292, #544, #1416, .T. ) ;
#296 = CARTESIAN_POINT ( 'NONE',  ( 0.000000000000000000, 87.04857057125708764, 0.000000000000000000 ) ) ;
#297 = FACE_OUTER_BOUND ( 'NONE', #447, .T. ) ;
#298 = ORIENTED_EDGE ( 'NONE', *, *, #1532, .F. ) ;
#299 = MANIFOLD_SOLID_BREP ( 'Fillet4', #1221 ) ;
#300 = ORIENTED_EDGE ( 'NONE', *, *, #645, .T. ) ;
#301 = CIRCLE ( 'NONE', #513, 9.999999999999994671 ) ;
#302 = CARTESIAN_POINT ( 'NONE',  ( -10.00000000000000000, 68.11632632648976937, 55.09999999999998721 ) ) ;
#303 = ORIENTED_EDGE ( 'NONE', *, *, #1353, .T. ) ;
#304 = CARTESIAN_POINT ( 'NONE',  ( -134.4000000000000057, 68.11632632648976937, 55.09999999999998721 ) ) ;
#305 = VECTOR ( 'NONE', #1539, 1000.000000000000000 ) ;
#306 = DIRECTION ( 'NONE',  ( -0.000000000000000000, 1.000000000000000000, -0.000000000000000000 ) ) ;
#307 = VECTOR ( 'NONE', #617, 1000.000000000000000 ) ;
#308 = DIRECTION ( 'NONE',  ( 1.000000000000000000, 0.000000000000000000, -0.000000000000000000 ) ) ;
#309 = PLANE ( 'NONE',  #1047 ) ;
#310 = EDGE_LOOP ( 'NONE', ( #612, #1479, #1548, #1222 ) ) ;
#311 = EDGE_CURVE ( 'NONE', #717, #142, #583, .T. ) ;
#312 = VECTOR ( 'NONE', #4, 1000.000000000000000 ) ;
#313 = PRODUCT_DEFINITION ( 'UNKNOWN', '', #355, #917 ) ;
#314 = ORIENTED_EDGE ( 'NONE', *, *, #628, .T. ) ;
#315 = CARTESIAN_POINT ( 'NONE',  ( -10.00000000000000000, 9.999999999999984013, -65.09999999999999432 ) ) ;
#316 = CARTESIAN_POINT ( 'NONE',  ( -22.59999999999999076, 39.99999999999999289, 45.81999999999995765 ) ) ;
#317 = DIRECTION ( 'NONE',  ( 0.000000000000000000, 0.000000000000000000, -1.000000000000000000 ) ) ;
#318 = VERTEX_POINT ( 'NONE', #1551 ) ;
#319 = EDGE_CURVE ( 'NONE', #1657, #867, #344, .T. ) ;
#320 = DIRECTION ( 'NONE',  ( 1.000000000000000000, 0.000000000000000000, 0.000000000000000000 ) ) ;
#321 = ORIENTED_EDGE ( 'NONE', *, *, #678, .F. ) ;
#322 = CARTESIAN_POINT ( 'NONE',  ( -132.5999999999999943, 78.04857057125710185, -53.09999999999999432 ) ) ;
#323 = LINE ( 'NONE', #1378, #1208 ) ;
#324 = CARTESIAN_POINT ( 'NONE',  ( -144.4000000000000057, 9.999999999999984013, 55.09999999999998721 ) ) ;
#325 = ORIENTED_EDGE ( 'NONE', *, *, #1094, .T. ) ;
#326 = ORIENTED_EDGE ( 'NONE', *, *, #335, .T. ) ;
#327 = EDGE_CURVE ( 'NONE', #733, #1288, #600, .T. ) ;
#328 = DIRECTION ( 'NONE',  ( -9.376883653928692294E-17, 1.000000000000000000, -0.000000000000000000 ) ) ;
#329 = CARTESIAN_POINT ( 'NONE',  ( -22.59999999999998721, 12.19999999999999041, 55.09999999999995168 ) ) ;
#330 = DIRECTION ( 'NONE',  ( -0.000000000000000000, 1.000000000000000000, -0.000000000000000000 ) ) ;
#331 = ORIENTED_EDGE ( 'NONE', *, *, #1572, .T. ) ;
#332 = VECTOR ( 'NONE', #569, 1000.000000000000000 ) ;
#333 = ORIENTED_EDGE ( 'NONE', *, *, #433, .F. ) ;
#334 = ORIENTED_EDGE ( 'NONE', *, *, #819, .T. ) ;
#335 = EDGE_CURVE ( 'NONE', #1697, #680, #993, .T. ) ;
#336 = CARTESIAN_POINT ( 'NONE',  ( 0.000000000000000000, -1.533257792532486074E-14, 55.09999999999998721 ) ) ;
#337 = CARTESIAN_POINT ( 'NONE',  ( -11.80000000000000426, 132.1999999999999318, -53.09999999999998010 ) ) ;
#338 = EDGE_CURVE ( 'NONE', #1484, #551, #350, .T. ) ;
#339 = CARTESIAN_POINT ( 'NONE',  ( -132.5999999999999659, 87.04857057125708764, -43.40000000000000568 ) ) ;
#340 = VERTEX_POINT ( 'NONE', #211 ) ;
#341 = VERTEX_POINT ( 'NONE', #229 ) ;
#342 = LINE ( 'NONE', #868, #76 ) ;
#343 = ORIENTED_EDGE ( 'NONE', *, *, #88, .T. ) ;
#344 = LINE ( 'NONE', #755, #305 ) ;
#345 = CARTESIAN_POINT ( 'NONE',  ( -120.1999999999999744, 87.04857057125708764, -43.40000000000000568 ) ) ;
#346 = CYLINDRICAL_SURFACE ( 'NONE', #686, 10.00000000000000000 ) ;
#347 = ORIENTED_EDGE ( 'NONE', *, *, #96, .F. ) ;
#348 = LINE ( 'NONE', #873, #265 ) ;
#349 = ORIENTED_EDGE ( 'NONE', *, *, #1318, .T. ) ;
#350 = LINE ( 'NONE', #1403, #1217 ) ;
#351 = DIRECTION ( 'NONE',  ( -1.000000000000000000, -0.000000000000000000, -0.000000000000000000 ) ) ;
#352 = CARTESIAN_POINT ( 'NONE',  ( -144.4000000000000057, 0.000000000000000000, 55.09999999999998721 ) ) ;
#353 = ORIENTED_EDGE ( 'NONE', *, *, #75, .T. ) ;
#354 = EDGE_CURVE ( 'NONE', #604, #270, #1112, .T. ) ;
#355 = PRODUCT_DEFINITION_FORMATION_WITH_SPECIFIED_SOURCE ( 'ANY', '', #1110, .NOT_KNOWN. ) ;
#356 = ORIENTED_EDGE ( 'NONE', *, *, #1366, .T. ) ;
#357 = FACE_OUTER_BOUND ( 'NONE', #1159, .T. ) ;
#358 = VECTOR ( 'NONE', #775, 1000.000000000000000 ) ;
#359 = EDGE_LOOP ( 'NONE', ( #787, #1630, #1137, #49 ) ) ;
#360 = ADVANCED_FACE ( 'NONE', ( #1651 ), #983, .F. ) ;
#361 = DIRECTION ( 'NONE',  ( 0.000000000000000000, 0.7000000000000006217, 0.7141428428542845319 ) ) ;
#362 = LINE ( 'NONE', #1036, #822 ) ;
#363 = CARTESIAN_POINT ( 'NONE',  ( -144.4000000000000057, 105.0485705712570876, 18.89915974791596298 ) ) ;
#364 = EDGE_LOOP ( 'NONE', ( #720, #1082, #1680, #1409 ) ) ;
#365 = DIRECTION ( 'NONE',  ( 1.000000000000000000, 0.000000000000000000, -0.000000000000000000 ) ) ;
#366 = EDGE_CURVE ( 'NONE', #1488, #1172, #1495, .T. ) ;
#367 = CYLINDRICAL_SURFACE ( 'NONE', #1521, 10.00000000000000000 ) ;
#368 = CARTESIAN_POINT ( 'NONE',  ( -132.5999999999999659, 87.04857057125708764, -43.40000000000000568 ) ) ;
#369 = CARTESIAN_POINT ( 'NONE',  ( -144.4000000000000057, 105.0485705712570876, 18.89915974791595943 ) ) ;
#370 = DIRECTION ( 'NONE',  ( -0.000000000000000000, -0.000000000000000000, 1.000000000000000000 ) ) ;
#371 = VERTEX_POINT ( 'NONE', #380 ) ;
#372 = EDGE_CURVE ( 'NONE', #706, #1530, #1029, .T. ) ;
#373 = DIRECTION ( 'NONE',  ( -0.000000000000000000, -0.000000000000000000, -1.000000000000000000 ) ) ;
#374 = AXIS2_PLACEMENT_3D ( 'NONE', #984, #308, #1350 ) ;
#375 = FACE_OUTER_BOUND ( 'NONE', #835, .T. ) ;
#376 = CARTESIAN_POINT ( 'NONE',  ( -132.5999999999999659, 72.19999999999998863, 65.09999999999999432 ) ) ;
#377 = ADVANCED_FACE ( 'NONE', ( #1443 ), #1296, .T. ) ;
#378 = AXIS2_PLACEMENT_3D ( 'NONE', #821, #1722, #287 ) ;
#379 = CIRCLE ( 'NONE', #218, 10.00000000000000000 ) ;
#380 = CARTESIAN_POINT ( 'NONE',  ( -11.80000000000000426, 75.11632632648978358, 62.24142842854283941 ) ) ;
#381 = ADVANCED_FACE ( 'NONE', ( #1155 ), #105, .F. ) ;
#382 = CARTESIAN_POINT ( 'NONE',  ( -134.4000000000000057, -1.533257792532486074E-14, 65.09999999999999432 ) ) ;
#383 = CARTESIAN_POINT ( 'NONE',  ( -132.5999999999999943, 102.3485705712570848, -174.5657564912843611 ) ) ;
#384 = EDGE_CURVE ( 'NONE', #1263, #859, #1726, .T. ) ;
#385 = DIRECTION ( 'NONE',  ( 0.000000000000000000, 0.7071067811865495711, -0.7071067811865455743 ) ) ;
#386 = CARTESIAN_POINT ( 'NONE',  ( -110.3999999999999915, 115.0485705712571018, -53.09999999999999432 ) ) ;
#387 = LINE ( 'NONE', #291, #1715 ) ;
#388 = LINE ( 'NONE', #528, #1183 ) ;
#389 = DIRECTION ( 'NONE',  ( 0.000000000000000000, -0.6999999999999999556, -0.7141428428542851981 ) ) ;
#390 = CARTESIAN_POINT ( 'NONE',  ( -132.5999999999999943, 102.3485705712570848, -174.5657564912843611 ) ) ;
#391 = LINE ( 'NONE', #1177, #986 ) ;
#392 = DIRECTION ( 'NONE',  ( 1.635512977795594397E-16, 0.7071067811865455743, 0.7071067811865495711 ) ) ;
#393 = VERTEX_POINT ( 'NONE', #910 ) ;
#394 = CARTESIAN_POINT ( 'NONE',  ( 0.000000000000000000, 105.0485705712571018, 18.89915974791597364 ) ) ;
#395 = CARTESIAN_POINT ( 'NONE',  ( -10.00000000000000533, 105.0485705712570876, 18.89915974791595943 ) ) ;
#396 = CARTESIAN_POINT ( 'NONE',  ( -24.20000000000002771, 102.3485705712570848, -43.40000000000001990 ) ) ;
#397 = DIRECTION ( 'NONE',  ( 0.000000000000000000, -1.000000000000000000, 0.000000000000000000 ) ) ;
#398 = CARTESIAN_POINT ( 'NONE',  ( -11.79999999999999893, 78.04857057125711606, -43.40000000000003411 ) ) ;
#399 = DIRECTION ( 'NONE',  ( 0.000000000000000000, 0.000000000000000000, -1.000000000000000000 ) ) ;
#400 = AXIS2_PLACEMENT_3D ( 'NONE', #914, #113, #5 ) ;
#401 = VECTOR ( 'NONE', #1297, 1000.000000000000000 ) ;
#402 = ADVANCED_FACE ( 'NONE', ( #657 ), #1304, .T. ) ;
#403 = EDGE_LOOP ( 'NONE', ( #1091, #1295, #963, #1335, #225 ) ) ;
#404 = DIRECTION ( 'NONE',  ( 1.000000000000000000, 0.000000000000000000, 0.000000000000000000 ) ) ;
#405 = ORIENTED_EDGE ( 'NONE', *, *, #327, .F. ) ;
#406 = VECTOR ( 'NONE', #1054, 1000.000000000000000 ) ;
#407 = ADVANCED_FACE ( 'NONE', ( #1693 ), #641, .F. ) ;
#408 = DIRECTION ( 'NONE',  ( 0.000000000000000000, -0.7141428428542851981, 0.6999999999999998446 ) ) ;
#409 = AXIS2_PLACEMENT_3D ( 'NONE', #231, #82, #891 ) ;
#410 = CARTESIAN_POINT ( 'NONE',  ( 0.000000000000000000, 115.0485705712570876, -65.09999999999996589 ) ) ;
#411 = VECTOR ( 'NONE', #168, 1000.000000000000000 ) ;
#412 = DIRECTION ( 'NONE',  ( 0.7071067811865486830, -0.7071067811865464625, -6.369348863700516179E-32 ) ) ;
#413 = ORIENTED_EDGE ( 'NONE', *, *, #1353, .F. ) ;
#414 = EDGE_LOOP ( 'NONE', ( #1625, #193, #1004, #1093, #1327 ) ) ;
#415 = CARTESIAN_POINT ( 'NONE',  ( -10.00000000000000000, -1.533257792532486074E-14, 55.09999999999998721 ) ) ;
#416 = ORIENTED_EDGE ( 'NONE', *, *, #205, .F. ) ;
#417 = DIRECTION ( 'NONE',  ( 1.000000000000000000, 1.606225440719265874E-16, -0.000000000000000000 ) ) ;
#418 = CARTESIAN_POINT ( 'NONE',  ( -144.4000000000000057, -1.533257792532486074E-14, -65.09999999999999432 ) ) ;
#419 = FACE_OUTER_BOUND ( 'NONE', #364, .T. ) ;
#420 = ORIENTED_EDGE ( 'NONE', *, *, #33, .T. ) ;
#421 = DIRECTION ( 'NONE',  ( 0.000000000000000000, 0.000000000000000000, 1.000000000000000000 ) ) ;
#422 = ORIENTED_EDGE ( 'NONE', *, *, #1028, .F. ) ;
#423 = EDGE_CURVE ( 'NONE', #37, #290, #1320, .T. ) ;
#424 = DIRECTION ( 'NONE',  ( 0.000000000000000000, 0.7000000000000002887, 0.7141428428542848650 ) ) ;
#425 = FACE_OUTER_BOUND ( 'NONE', #1426, .T. ) ;
#426 = FACE_OUTER_BOUND ( 'NONE', #603, .T. ) ;
#427 = DIRECTION ( 'NONE',  ( 0.7071067811865475727, 0.7071067811865475727, -0.000000000000000000 ) ) ;
#428 = ORIENTED_EDGE ( 'NONE', *, *, #1368, .F. ) ;
#429 = LINE ( 'NONE', #180, #332 ) ;
#430 = ORIENTED_EDGE ( 'NONE', *, *, #205, .T. ) ;
#431 = VECTOR ( 'NONE', #1566, 1000.000000000000000 ) ;
#432 = LINE ( 'NONE', #410, #20 ) ;
#433 = EDGE_CURVE ( 'NONE', #743, #1287, #1180, .T. ) ;
#434 = VECTOR ( 'NONE', #830, 1000.000000000000000 ) ;
#435 = LINE ( 'NONE', #558, #1714 ) ;
#436 = DIRECTION ( 'NONE',  ( 0.000000000000000000, 0.000000000000000000, 1.000000000000000000 ) ) ;
#437 = VERTEX_POINT ( 'NONE', #1559 ) ;
#438 = EDGE_LOOP ( 'NONE', ( #877, #989, #191, #85 ) ) ;
#439 = VECTOR ( 'NONE', #793, 1000.000000000000000 ) ;
#440 = ORIENTED_EDGE ( 'NONE', *, *, #149, .T. ) ;
#441 = CARTESIAN_POINT ( 'NONE',  ( -134.4000000000000057, 9.999999999999984013, 55.09999999999998721 ) ) ;
#442 = ORIENTED_EDGE ( 'NONE', *, *, #206, .T. ) ;
#443 = FACE_OUTER_BOUND ( 'NONE', #736, .T. ) ;
#444 = DIRECTION ( 'NONE',  ( 1.164168558032393237E-47, -9.007619546530943507E-32, 1.000000000000000000 ) ) ;
#445 = DIRECTION ( 'NONE',  ( -1.000000000000000000, 0.000000000000000000, 0.000000000000000000 ) ) ;
#446 = ORIENTED_EDGE ( 'NONE', *, *, #1041, .T. ) ;
#447 = EDGE_LOOP ( 'NONE', ( #197, #1654, #1641 ) ) ;
#448 = ADVANCED_FACE ( 'NONE', ( #1434 ), #1313, .F. ) ;
#449 = VERTEX_POINT ( 'NONE', #495 ) ;
#450 = LINE ( 'NONE', #981, #245 ) ;
#451 = EDGE_LOOP ( 'NONE', ( #1070, #476, #776, #121, #679, #442, #45, #64, #1499, #331, #1374, #1218, #1512, #1109, #1205, #1136 ) ) ;
#452 = PRESENTATION_STYLE_ASSIGNMENT (( #201 ) ) ;
#453 = DIRECTION ( 'NONE',  ( 1.000000000000000000, 0.000000000000000000, -0.000000000000000000 ) ) ;
#454 = CARTESIAN_POINT ( 'NONE',  ( -11.80000000000003268, 87.04857057125708764, -43.40000000000001990 ) ) ;
#455 = VERTEX_POINT ( 'NONE', #123 ) ;
#456 = ADVANCED_FACE ( 'NONE', ( #1049 ), #367, .T. ) ;
#457 = AXIS2_PLACEMENT_3D ( 'NONE', #296, #1307, #1713 ) ;
#458 = VERTEX_POINT ( 'NONE', #1191 ) ;
#459 = VECTOR ( 'NONE', #97, 1000.000000000000000 ) ;
#460 = DIRECTION ( 'NONE',  ( 0.000000000000000000, 0.7141428428542845319, -0.7000000000000006217 ) ) ;
#461 = EDGE_CURVE ( 'NONE', #1586, #867, #388, .T. ) ;
#462 = PLANE ( 'NONE',  #1152 ) ;
#463 = DIRECTION ( 'NONE',  ( -1.000000000000000000, 0.000000000000000000, 0.000000000000000000 ) ) ;
#464 = ORIENTED_EDGE ( 'NONE', *, *, #1285, .T. ) ;
#465 = VECTOR ( 'NONE', #740, 1000.000000000000000 ) ;
#466 = VERTEX_POINT ( 'NONE', #236 ) ;
#467 = VECTOR ( 'NONE', #1439, 1000.000000000000000 ) ;
#468 = CARTESIAN_POINT ( 'NONE',  ( -11.80000000000000426, 132.1999999999999886, 65.09999999999999432 ) ) ;
#469 = ORIENTED_EDGE ( 'NONE', *, *, #1138, .T. ) ;
#470 = DIRECTION ( 'NONE',  ( 0.000000000000000000, 2.412509384324603169E-16, -1.000000000000000000 ) ) ;
#471 = CARTESIAN_POINT ( 'NONE',  ( -22.59999999999999432, 12.19999999999999041, 55.09999999999998010 ) ) ;
#472 = LINE ( 'NONE', #1003, #796 ) ;
#473 = ORIENTED_EDGE ( 'NONE', *, *, #1192, .T. ) ;
#474 = ORIENTED_EDGE ( 'NONE', *, *, #1071, .T. ) ;
#475 = LINE ( 'NONE', #242, #575 ) ;
#476 = ORIENTED_EDGE ( 'NONE', *, *, #1311, .T. ) ;
#477 = ORIENTED_EDGE ( 'NONE', *, *, #937, .T. ) ;
#478 = CYLINDRICAL_SURFACE ( 'NONE', #656, 10.00000000000000000 ) ;
#479 = EDGE_CURVE ( 'NONE', #150, #1344, #1173, .T. ) ;
#480 = DIRECTION ( 'NONE',  ( -1.000000000000000000, 0.000000000000000000, 0.000000000000000000 ) ) ;
#481 = LINE ( 'NONE', #1417, #909 ) ;
#482 = ORIENTED_EDGE ( 'NONE', *, *, #508, .T. ) ;
#483 = VERTEX_POINT ( 'NONE', #798 ) ;
#484 = VECTOR ( 'NONE', #1274, 1000.000000000000000 ) ;
#485 = FILL_AREA_STYLE ('',( #1658 ) ) ;
#486 = CARTESIAN_POINT ( 'NONE',  ( -121.7999999999999972, 12.19999999999997797, 45.81999999999995765 ) ) ;
#487 = SPHERICAL_SURFACE ( 'NONE', #938, 10.00000000000000000 ) ;
#488 = ORIENTED_EDGE ( 'NONE', *, *, #1455, .T. ) ;
#489 = EDGE_CURVE ( 'NONE', #1697, #838, #1042, .T. ) ;
#490 = VECTOR ( 'NONE', #510, 1000.000000000000000 ) ;
#491 = ORIENTED_EDGE ( 'NONE', *, *, #937, .F. ) ;
#492 = PLANE ( 'NONE',  #47 ) ;
#493 = AXIS2_PLACEMENT_3D ( 'NONE', #203, #1391, #436 ) ;
#494 = EDGE_LOOP ( 'NONE', ( #816, #837, #94, #751 ) ) ;
#495 = CARTESIAN_POINT ( 'NONE',  ( 0.000000000000000000, 9.999999999999984013, 55.09999999999998721 ) ) ;
#496 = LINE ( 'NONE', #1009, #210 ) ;
#497 = CARTESIAN_POINT ( 'NONE',  ( -132.5999999999999659, 87.04857057125708764, -53.10000000000000853 ) ) ;
#498 = VERTEX_POINT ( 'NONE', #1185 ) ;
#499 = DIRECTION ( 'NONE',  ( 0.7071067811865464625, 0.7071067811865486830, -0.000000000000000000 ) ) ;
#500 = ORIENTED_EDGE ( 'NONE', *, *, #33, .F. ) ;
#501 = ADVANCED_FACE ( 'NONE', ( #297 ), #28, .T. ) ;
#502 = CARTESIAN_POINT ( 'NONE',  ( -134.4000000000000057, 9.999999999999984013, 55.09999999999998721 ) ) ;
#503 = CARTESIAN_POINT ( 'NONE',  ( -144.4000000000000057, 75.11632632648978358, 62.24142842854283941 ) ) ;
#504 = LINE ( 'NONE', #1560, #1123 ) ;
#505 = CARTESIAN_POINT ( 'NONE',  ( -11.80000000000003268, 87.04857057125708764, -53.10000000000002274 ) ) ;
#506 = DIRECTION ( 'NONE',  ( -1.164168558032393237E-47, 9.007619546530943507E-32, -1.000000000000000000 ) ) ;
#507 = ORIENTED_EDGE ( 'NONE', *, *, #1229, .F. ) ;
#508 = EDGE_CURVE ( 'NONE', #62, #1254, #1447, .T. ) ;
#509 = EDGE_CURVE ( 'NONE', #340, #1488, #1466, .T. ) ;
#510 = DIRECTION ( 'NONE',  ( 1.000000000000000000, 1.606225440719265874E-16, -0.000000000000000000 ) ) ;
#511 = DIRECTION ( 'NONE',  ( -0.000000000000000000, -0.000000000000000000, 1.000000000000000000 ) ) ;
#512 = DIRECTION ( 'NONE',  ( -0.000000000000000000, -0.000000000000000000, 1.000000000000000000 ) ) ;
#513 = AXIS2_PLACEMENT_3D ( 'NONE', #788, #1458, #654 ) ;
#514 = CARTESIAN_POINT ( 'NONE',  ( -10.00000000000000000, 115.0485705712570876, -65.09999999999996589 ) ) ;
#515 = ORIENTED_EDGE ( 'NONE', *, *, #23, .T. ) ;
#516 = VECTOR ( 'NONE', #328, 1000.000000000000000 ) ;
#517 = VECTOR ( 'NONE', #1588, 1000.000000000000000 ) ;
#518 = DIRECTION ( 'NONE',  ( -1.000000000000000000, 0.000000000000000000, 0.000000000000000000 ) ) ;
#519 = DIRECTION ( 'NONE',  ( 1.000000000000000000, 1.292426430777422502E-16, 0.000000000000000000 ) ) ;
#520 = AXIS2_PLACEMENT_3D ( 'NONE', #176, #573, #606 ) ;
#521 = EDGE_CURVE ( 'NONE', #46, #1013, #259, .T. ) ;
#522 = CARTESIAN_POINT ( 'NONE',  ( -134.4000000000000057, 9.999999999999984013, -65.09999999999999432 ) ) ;
#523 = LINE ( 'NONE', #1300, #718 ) ;
#524 = CARTESIAN_POINT ( 'NONE',  ( -11.79999999999998828, 12.19999999999998863, -53.10000000000000853 ) ) ;
#525 = CARTESIAN_POINT ( 'NONE',  ( -134.4000000000000057, 115.0485705712570876, 23.10000000000000142 ) ) ;
#526 = ORIENTED_EDGE ( 'NONE', *, *, #217, .F. ) ;
#527 = CARTESIAN_POINT ( 'NONE',  ( -144.4000000000000057, 68.11632632648976937, 55.09999999999998721 ) ) ;
#528 = CARTESIAN_POINT ( 'NONE',  ( -120.1999999999999744, 102.3485705712570848, -43.40000000000000568 ) ) ;
#529 = CARTESIAN_POINT ( 'NONE',  ( -11.80000000000003268, 87.04857057125708764, -43.40000000000001990 ) ) ;
#530 = CARTESIAN_POINT ( 'NONE',  ( -134.4000000000000057, 9.999999999999984013, 55.09999999999998721 ) ) ;
#531 = EDGE_CURVE ( 'NONE', #706, #1287, #1324, .T. ) ;
#532 = LINE ( 'NONE', #1316, #875 ) ;
#533 = CARTESIAN_POINT ( 'NONE',  ( -10.00000000000000000, 60.92148934886974843, 62.15235084931271814 ) ) ;
#534 = ORIENTED_EDGE ( 'NONE', *, *, #1678, .F. ) ;
#535 = ORIENTED_EDGE ( 'NONE', *, *, #67, .T. ) ;
#536 = PLANE ( 'NONE',  #1381 ) ;
#537 = VERTEX_POINT ( 'NONE', #1069 ) ;
#538 = LINE ( 'NONE', #1314, #160 ) ;
#539 = LINE ( 'NONE', #1568, #467 ) ;
#540 = DIRECTION ( 'NONE',  ( -0.000000000000000000, 0.7071067811865455743, 0.7071067811865495711 ) ) ;
#541 = DIRECTION ( 'NONE',  ( 1.000000000000000000, -2.312964634635742957E-16, -0.000000000000000000 ) ) ;
#542 = ORIENTED_EDGE ( 'NONE', *, *, #1359, .T. ) ;
#543 = EDGE_CURVE ( 'NONE', #1556, #437, #1453, .T. ) ;
#544 = VERTEX_POINT ( 'NONE', #1603 ) ;
#545 = ORIENTED_EDGE ( 'NONE', *, *, #1247, .T. ) ;
#546 = VECTOR ( 'NONE', #54, 1000.000000000000000 ) ;
#547 = CARTESIAN_POINT ( 'NONE',  ( -11.79999999999999893, 78.04857057125711606, -43.40000000000003411 ) ) ;
#548 = DIRECTION ( 'NONE',  ( -0.000000000000000000, 1.000000000000000000, 2.412509384324603169E-16 ) ) ;
#549 = PLANE ( 'NONE',  #621 ) ;
#550 = CARTESIAN_POINT ( 'NONE',  ( -121.7999999999999972, 39.99999999999997868, 45.81999999999995765 ) ) ;
#551 = VERTEX_POINT ( 'NONE', #1591 ) ;
#552 = ORIENTED_EDGE ( 'NONE', *, *, #1613, .F. ) ;
#553 = EDGE_CURVE ( 'NONE', #859, #1107, #162, .T. ) ;
#554 = LINE ( 'NONE', #1083, #159 ) ;
#555 = ORIENTED_EDGE ( 'NONE', *, *, #199, .F. ) ;
#556 = CARTESIAN_POINT ( 'NONE',  ( -121.7999999999999972, 29.99999999999994316, 55.09999999999995168 ) ) ;
#557 = LINE ( 'NONE', #322, #411 ) ;
#558 = CARTESIAN_POINT ( 'NONE',  ( -132.5999999999999659, 87.04857057125708764, -43.40000000000000568 ) ) ;
#559 = DIRECTION ( 'NONE',  ( -1.000000000000000000, -1.606225440719265381E-16, 0.000000000000000000 ) ) ;
#560 = ORIENTED_EDGE ( 'NONE', *, *, #228, .T. ) ;
#561 = ORIENTED_EDGE ( 'NONE', *, *, #136, .F. ) ;
#562 = EDGE_CURVE ( 'NONE', #965, #393, #915, .T. ) ;
#563 = ORIENTED_EDGE ( 'NONE', *, *, #1480, .F. ) ;
#564 = DIRECTION ( 'NONE',  ( -0.000000000000000000, 0.6999999999999999556, 0.7141428428542850870 ) ) ;
#565 = CARTESIAN_POINT ( 'NONE',  ( -11.79999999999998828, 12.19999999999999218, 55.09999999999995168 ) ) ;
#566 = FACE_OUTER_BOUND ( 'NONE', #1135, .T. ) ;
#567 = VERTEX_POINT ( 'NONE', #132 ) ;
#568 = VECTOR ( 'NONE', #650, 1000.000000000000000 ) ;
#569 = DIRECTION ( 'NONE',  ( 1.000000000000000000, 0.000000000000000000, 0.000000000000000000 ) ) ;
#570 = ORIENTED_EDGE ( 'NONE', *, *, #1318, .F. ) ;
#571 = CIRCLE ( 'NONE', #828, 10.00000000000000178 ) ;
#572 = AXIS2_PLACEMENT_3D ( 'NONE', #533, #119, #267 ) ;
#573 = DIRECTION ( 'NONE',  ( 0.000000000000000000, 1.000000000000000000, -0.000000000000000000 ) ) ;
#574 = EDGE_CURVE ( 'NONE', #956, #743, #278, .T. ) ;
#575 = VECTOR ( 'NONE', #767, 1000.000000000000000 ) ;
#576 = LINE ( 'NONE', #1643, #1238 ) ;
#577 = FACE_OUTER_BOUND ( 'NONE', #746, .T. ) ;
#578 = EDGE_LOOP ( 'NONE', ( #289, #1478, #32, #7 ) ) ;
#579 = ORIENTED_EDGE ( 'NONE', *, *, #1094, .F. ) ;
#580 = VECTOR ( 'NONE', #649, 1000.000000000000000 ) ;
#581 = DIRECTION ( 'NONE',  ( 0.000000000000000000, -1.000000000000000000, -1.734723475976808080E-15 ) ) ;
#582 = VERTEX_POINT ( 'NONE', #924 ) ;
#583 = LINE ( 'NONE', #1531, #516 ) ;
#584 = CARTESIAN_POINT ( 'NONE',  ( -134.4000000000000057, 65.19999999999997442, 57.95857157145714211 ) ) ;
#585 = DIRECTION ( 'NONE',  ( 0.000000000000000000, 1.000000000000000000, 0.000000000000000000 ) ) ;
#586 = ORIENTED_EDGE ( 'NONE', *, *, #1572, .F. ) ;
#587 = ADVANCED_FACE ( 'NONE', ( #1317 ), #1342, .T. ) ;
#588 = ADVANCED_FACE ( 'NONE', ( #802 ), #1196, .T. ) ;
#589 = ORIENTED_EDGE ( 'NONE', *, *, #1368, .T. ) ;
#590 = DIRECTION ( 'NONE',  ( -2.312964634635742957E-16, -1.000000000000000000, -0.000000000000000000 ) ) ;
#591 = DIRECTION ( 'NONE',  ( -0.000000000000000000, 0.000000000000000000, 1.000000000000000000 ) ) ;
#592 = ORIENTED_EDGE ( 'NONE', *, *, #974, .F. ) ;
#593 = ORIENTED_EDGE ( 'NONE', *, *, #372, .F. ) ;
#594 = VECTOR ( 'NONE', #923, 1000.000000000000000 ) ;
#595 = EDGE_CURVE ( 'NONE', #290, #1241, #273, .T. ) ;
#596 = VERTEX_POINT ( 'NONE', #147 ) ;
#597 = DIRECTION ( 'NONE',  ( 1.000000000000000000, 0.000000000000000000, 0.000000000000000000 ) ) ;
#598 = LINE ( 'NONE', #345, #876 ) ;
#599 = DIRECTION ( 'NONE',  ( 0.000000000000000000, 0.000000000000000000, -1.000000000000000000 ) ) ;
#600 = CIRCLE ( 'NONE', #126, 10.00000000000000000 ) ;
#601 = ORIENTED_EDGE ( 'NONE', *, *, #960, .F. ) ;
#602 = VECTOR ( 'NONE', #511, 1000.000000000000000 ) ;
#603 = EDGE_LOOP ( 'NONE', ( #1277, #1027, #422, #936, #985, #12, #500, #661, #1419, #1402, #601, #1400 ) ) ;
#604 = VERTEX_POINT ( 'NONE', #675 ) ;
#605 = EDGE_CURVE ( 'NONE', #537, #466, #1364, .T. ) ;
#606 = DIRECTION ( 'NONE',  ( 0.000000000000000000, 0.000000000000000000, 1.000000000000000000 ) ) ;
#607 = DIRECTION ( 'NONE',  ( 1.292426430777422502E-16, -1.000000000000000000, -0.000000000000000000 ) ) ;
#608 = CARTESIAN_POINT ( 'NONE',  ( -24.20000000000002771, 87.04857057125708764, -43.40000000000001990 ) ) ;
#609 = ADVANCED_FACE ( 'NONE', ( #196 ), #723, .T. ) ;
#610 = ORIENTED_EDGE ( 'NONE', *, *, #295, .F. ) ;
#611 = DIRECTION ( 'NONE',  ( -0.000000000000000000, -0.000000000000000000, 1.000000000000000000 ) ) ;
#612 = ORIENTED_EDGE ( 'NONE', *, *, #747, .F. ) ;
#613 = ORIENTED_EDGE ( 'NONE', *, *, #1557, .T. ) ;
#614 = DIRECTION ( 'NONE',  ( 0.000000000000000000, 1.000000000000000000, 0.000000000000000000 ) ) ;
#615 = DIRECTION ( 'NONE',  ( -1.000000000000000000, 0.000000000000000000, 0.000000000000000000 ) ) ;
#616 = ADVANCED_FACE ( 'NONE', ( #566 ), #705, .F. ) ;
#617 = DIRECTION ( 'NONE',  ( 1.292426430777422502E-16, -1.000000000000000000, -0.000000000000000000 ) ) ;
#618 = ORIENTED_EDGE ( 'NONE', *, *, #974, .T. ) ;
#619 = ORIENTED_EDGE ( 'NONE', *, *, #228, .F. ) ;
#620 = ORIENTED_EDGE ( 'NONE', *, *, #1375, .T. ) ;
#621 = AXIS2_PLACEMENT_3D ( 'NONE', #1452, #644, #266 ) ;
#622 = CARTESIAN_POINT ( 'NONE',  ( -132.5999999999999943, 39.99999999999997868, 55.09999999999995168 ) ) ;
#623 = VECTOR ( 'NONE', #1345, 1000.000000000000000 ) ;
#624 = CARTESIAN_POINT ( 'NONE',  ( -134.4000000000000057, 9.999999999999984013, 55.09999999999998721 ) ) ;
#625 = DIRECTION ( 'NONE',  ( -1.734723475976808080E-16, 1.000000000000000000, -5.551115123125785858E-15 ) ) ;
#626 = CIRCLE ( 'NONE', #1213, 10.00000000000000178 ) ;
#627 = ORIENTED_EDGE ( 'NONE', *, *, #887, .T. ) ;
#628 = EDGE_CURVE ( 'NONE', #172, #62, #15, .T. ) ;
#629 = VERTEX_POINT ( 'NONE', #1098 ) ;
#630 = AXIS2_PLACEMENT_3D ( 'NONE', #901, #272, #247 ) ;
#631 = ORIENTED_EDGE ( 'NONE', *, *, #1647, .T. ) ;
#632 = VECTOR ( 'NONE', #261, 1000.000000000000000 ) ;
#633 = CARTESIAN_POINT ( 'NONE',  ( -134.4000000000000057, -1.533257792532486074E-14, 55.09999999999998721 ) ) ;
#634 = AXIS2_PLACEMENT_3D ( 'NONE', #42, #713, #1067 ) ;
#635 = DIRECTION ( 'NONE',  ( -1.000000000000000000, 0.000000000000000000, 0.000000000000000000 ) ) ;
#636 = LINE ( 'NONE', #337, #484 ) ;
#637 = LINE ( 'NONE', #765, #307 ) ;
#638 = LINE ( 'NONE', #1427, #884 ) ;
#639 = ADVANCED_FACE ( 'NONE', ( #44 ), #61, .F. ) ;
#640 = ADVANCED_FACE ( 'NONE', ( #577 ), #865, .F. ) ;
#641 = PLANE ( 'NONE',  #630 ) ;
#642 = CARTESIAN_POINT ( 'NONE',  ( -11.79999999999998828, 12.19999999999999218, -235.3722525839134221 ) ) ;
#643 = PLANE ( 'NONE',  #1326 ) ;
#644 = DIRECTION ( 'NONE',  ( -1.000000000000000000, 2.312964634635742957E-16, 0.000000000000000000 ) ) ;
#645 = EDGE_CURVE ( 'NONE', #449, #1556, #1571, .T. ) ;
#646 = CARTESIAN_POINT ( 'NONE',  ( -11.79999999999998828, 9.138158993671693153, -112.3104115775858247 ) ) ;
#647 = DIRECTION ( 'NONE',  ( 0.000000000000000000, 1.000000000000000000, 2.412509384324603169E-16 ) ) ;
#648 = DIRECTION ( 'NONE',  ( 0.000000000000000000, -0.000000000000000000, 1.000000000000000000 ) ) ;
#649 = DIRECTION ( 'NONE',  ( -1.000000000000000000, -0.000000000000000000, -0.000000000000000000 ) ) ;
#650 = DIRECTION ( 'NONE',  ( -3.750753461571475931E-16, 1.000000000000000000, -0.000000000000000000 ) ) ;
#651 = VECTOR ( 'NONE', #1731, 1000.000000000000000 ) ;
#652 = ORIENTED_EDGE ( 'NONE', *, *, #461, .T. ) ;
#653 = VECTOR ( 'NONE', #799, 1000.000000000000000 ) ;
#654 = DIRECTION ( 'NONE',  ( -1.734723475976808080E-16, 1.000000000000000000, 7.979727989493317367E-15 ) ) ;
#655 = EDGE_CURVE ( 'NONE', #965, #29, #1266, .T. ) ;
#656 = AXIS2_PLACEMENT_3D ( 'NONE', #1683, #1001, #862 ) ;
#657 = FACE_OUTER_BOUND ( 'NONE', #30, .T. ) ;
#658 = DIRECTION ( 'NONE',  ( -0.000000000000000000, 1.000000000000000000, 0.000000000000000000 ) ) ;
#659 = FACE_OUTER_BOUND ( 'NONE', #1506, .T. ) ;
#660 = DIRECTION ( 'NONE',  ( 0.000000000000000000, 0.000000000000000000, -1.000000000000000000 ) ) ;
#661 = ORIENTED_EDGE ( 'NONE', *, *, #1613, .T. ) ;
#662 = CARTESIAN_POINT ( 'NONE',  ( -132.5999999999999943, 102.3485705712570848, -33.39999999999999858 ) ) ;
#663 = ORIENTED_EDGE ( 'NONE', *, *, #562, .F. ) ;
#664 = DIRECTION ( 'NONE',  ( 0.000000000000000000, 0.000000000000000000, -1.000000000000000000 ) ) ;
#665 = CARTESIAN_POINT ( 'NONE',  ( -120.1999999999999744, 87.04857057125708764, -43.40000000000000568 ) ) ;
#666 = ADVANCED_FACE ( 'NONE', ( #1653 ), #1635, .T. ) ;
#667 = FACE_OUTER_BOUND ( 'NONE', #1411, .T. ) ;
#668 = ORIENTED_EDGE ( 'NONE', *, *, #1491, .F. ) ;
#669 = ORIENTED_EDGE ( 'NONE', *, *, #887, .F. ) ;
#670 = DIRECTION ( 'NONE',  ( -0.000000000000000000, 0.7141428428542850870, -0.6999999999999999556 ) ) ;
#671 = ORIENTED_EDGE ( 'NONE', *, *, #562, .T. ) ;
#672 = DIRECTION ( 'NONE',  ( -1.445602896647339410E-16, 1.000000000000000000, 0.000000000000000000 ) ) ;
#673 = PLANE ( 'NONE',  #1048 ) ;
#674 = FACE_OUTER_BOUND ( 'NONE', #1555, .T. ) ;
#675 = CARTESIAN_POINT ( 'NONE',  ( -34.00000000000000000, 102.3485705712570848, -53.09999999999996589 ) ) ;
#676 = AXIS2_PLACEMENT_3D ( 'NONE', #1730, #412, #801 ) ;
#677 = EDGE_LOOP ( 'NONE', ( #721, #99, #561, #1393, #1236 ) ) ;
#678 = EDGE_CURVE ( 'NONE', #1365, #806, #1660, .T. ) ;
#679 = ORIENTED_EDGE ( 'NONE', *, *, #433, .T. ) ;
#680 = VERTEX_POINT ( 'NONE', #848 ) ;
#681 = VECTOR ( 'NONE', #670, 1000.000000000000114 ) ;
#682 = CIRCLE ( 'NONE', #1663, 10.00000000000000178 ) ;
#683 = EDGE_CURVE ( 'NONE', #135, #596, #682, .T. ) ;
#684 = EDGE_LOOP ( 'NONE', ( #954, #691, #405, #668 ) ) ;
#685 = AXIS2_PLACEMENT_3D ( 'NONE', #1649, #57, #200 ) ;
#686 = AXIS2_PLACEMENT_3D ( 'NONE', #369, #1284, #1020 ) ;
#687 = DIRECTION ( 'NONE',  ( -0.000000000000000000, -0.000000000000000000, 1.000000000000000000 ) ) ;
#688 = DIRECTION ( 'NONE',  ( 0.000000000000000000, 0.000000000000000000, -1.000000000000000000 ) ) ;
#689 = CIRCLE ( 'NONE', #1695, 10.00000000000000000 ) ;
#690 = CARTESIAN_POINT ( 'NONE',  ( -134.4000000000000057, 115.0485705712570876, 18.89915974791595943 ) ) ;
#691 = ORIENTED_EDGE ( 'NONE', *, *, #1171, .F. ) ;
#692 = EDGE_CURVE ( 'NONE', #956, #209, #978, .T. ) ;
#693 = EDGE_CURVE ( 'NONE', #498, #2, #1234, .T. ) ;
#694 = ORIENTED_EDGE ( 'NONE', *, *, #574, .F. ) ;
#695 = FACE_OUTER_BOUND ( 'NONE', #179, .T. ) ;
#696 = APPLICATION_CONTEXT ( 'automotive_design' ) ;
#697 = DIRECTION ( 'NONE',  ( -0.000000000000000000, -0.000000000000000000, 1.000000000000000000 ) ) ;
#698 = DIRECTION ( 'NONE',  ( -0.000000000000000000, -0.000000000000000000, -1.000000000000000000 ) ) ;
#699 = ORIENTED_EDGE ( 'NONE', *, *, #1334, .F. ) ;
#700 = ORIENTED_EDGE ( 'NONE', *, *, #1723, .F. ) ;
#701 = DIRECTION ( 'NONE',  ( 0.000000000000000000, 0.000000000000000000, -1.000000000000000000 ) ) ;
#702 = ORIENTED_EDGE ( 'NONE', *, *, #238, .F. ) ;
#703 = CARTESIAN_POINT ( 'NONE',  ( -11.80000000000000426, 102.3485705712570848, -33.39999999999999858 ) ) ;
#704 = CARTESIAN_POINT ( 'NONE',  ( -11.80000000000000426, 72.20000000000000284, 65.09999999999998010 ) ) ;
#705 = PLANE ( 'NONE',  #157 ) ;
#706 = VERTEX_POINT ( 'NONE', #187 ) ;
#707 = CIRCLE ( 'NONE', #1687, 10.00000000000000888 ) ;
#708 = LINE ( 'NONE', #726, #1463 ) ;
#709 = ORIENTED_EDGE ( 'NONE', *, *, #824, .F. ) ;
#710 = ADVANCED_FACE ( 'NONE', ( #716 ), #1249, .T. ) ;
#711 = VECTOR ( 'NONE', #1656, 1000.000000000000000 ) ;
#712 = STYLED_ITEM ( 'NONE', ( #452 ), #299 ) ;
#713 = DIRECTION ( 'NONE',  ( 1.000000000000000000, 0.000000000000000000, 0.000000000000000000 ) ) ;
#714 = AXIS2_PLACEMENT_3D ( 'NONE', #13, #137, #817 ) ;
#715 = CARTESIAN_POINT ( 'NONE',  ( -132.5999999999999659, 87.04857057125708764, -43.40000000000000568 ) ) ;
#716 = FACE_OUTER_BOUND ( 'NONE', #1055, .T. ) ;
#717 = VERTEX_POINT ( 'NONE', #858 ) ;
#718 = VECTOR ( 'NONE', #506, 1000.000000000000000 ) ;
#719 = EDGE_CURVE ( 'NONE', #292, #1011, #970, .T. ) ;
#720 = ORIENTED_EDGE ( 'NONE', *, *, #1723, .T. ) ;
#721 = ORIENTED_EDGE ( 'NONE', *, *, #1491, .T. ) ;
#722 = PLANE ( 'NONE',  #153 ) ;
#723 = PLANE ( 'NONE',  #935 ) ;
#724 = ORIENTED_EDGE ( 'NONE', *, *, #1455, .F. ) ;
#725 = ORIENTED_EDGE ( 'NONE', *, *, #521, .T. ) ;
#726 = CARTESIAN_POINT ( 'NONE',  ( -22.59999999999998721, 12.19999999999999041, 45.81999999999995765 ) ) ;
#727 = ORIENTED_EDGE ( 'NONE', *, *, #1511, .F. ) ;
#728 = CARTESIAN_POINT ( 'NONE',  ( -10.00000000000000000, 105.0485705712570876, -65.09999999999996589 ) ) ;
#729 = CARTESIAN_POINT ( 'NONE',  ( -22.59999999999999076, 29.99999999999998224, 55.09999999999995168 ) ) ;
#730 = CARTESIAN_POINT ( 'NONE',  ( -144.4000000000000057, -1.533257792532486074E-14, -65.09999999999999432 ) ) ;
#731 = ORIENTED_EDGE ( 'NONE', *, *, #1041, .F. ) ;
#732 = ADVANCED_FACE ( 'NONE', ( #1493 ), #309, .F. ) ;
#733 = VERTEX_POINT ( 'NONE', #363 ) ;
#734 = AXIS2_PLACEMENT_3D ( 'NONE', #316, #1492, #453 ) ;
#735 = CARTESIAN_POINT ( 'NONE',  ( -132.5999999999999659, 105.0485705712570876, 18.89915974791595943 ) ) ;
#736 = EDGE_LOOP ( 'NONE', ( #488, #652, #1701, #1469 ) ) ;
#737 = ADVANCED_FACE ( 'NONE', ( #1298 ), #346, .T. ) ;
#738 = CARTESIAN_POINT ( 'NONE',  ( -34.00000000000000000, 78.04857057125711606, -53.09999999999997300 ) ) ;
#739 = CARTESIAN_POINT ( 'NONE',  ( -132.5999999999999943, 102.3485705712570848, -53.09999999999996589 ) ) ;
#740 = DIRECTION ( 'NONE',  ( -0.000000000000000000, 1.000000000000000000, -0.000000000000000000 ) ) ;
#741 = VECTOR ( 'NONE', #1570, 1000.000000000000000 ) ;
#742 = ORIENTED_EDGE ( 'NONE', *, *, #1063, .T. ) ;
#743 = VERTEX_POINT ( 'NONE', #505 ) ;
#744 = EDGE_CURVE ( 'NONE', #743, #498, #1561, .T. ) ;
#745 = VECTOR ( 'NONE', #597, 1000.000000000000000 ) ;
#746 = EDGE_LOOP ( 'NONE', ( #949, #613, #1734, #440 ) ) ;
#747 = EDGE_CURVE ( 'NONE', #567, #825, #637, .T. ) ;
#748 = DIRECTION ( 'NONE',  ( 0.000000000000000000, 1.000000000000000000, 0.000000000000000000 ) ) ;
#749 = LINE ( 'NONE', #90, #1595 ) ;
#750 = CARTESIAN_POINT ( 'NONE',  ( -132.5999999999999943, 12.19999999999997620, -53.10000000000000853 ) ) ;
#751 = ORIENTED_EDGE ( 'NONE', *, *, #824, .T. ) ;
#752 = ORIENTED_EDGE ( 'NONE', *, *, #719, .T. ) ;
#753 = ORIENTED_EDGE ( 'NONE', *, *, #1480, .T. ) ;
#754 = EDGE_CURVE ( 'NONE', #860, #458, #1037, .T. ) ;
#755 = CARTESIAN_POINT ( 'NONE',  ( -120.1999999999999744, 87.04857057125708764, -53.10000000000000853 ) ) ;
#756 = DIRECTION ( 'NONE',  ( -0.000000000000000000, 1.000000000000000000, -0.000000000000000000 ) ) ;
#757 = DIRECTION ( 'NONE',  ( 0.000000000000000000, 0.000000000000000000, 1.000000000000000000 ) ) ;
#758 = VERTEX_POINT ( 'NONE', #898 ) ;
#759 = DIRECTION ( 'NONE',  ( -2.312964634635742957E-16, -1.000000000000000000, -2.412509384324603169E-16 ) ) ;
#760 = VERTEX_POINT ( 'NONE', #1425 ) ;
#761 = DIRECTION ( 'NONE',  ( 0.000000000000000000, -1.000000000000000000, 0.000000000000000000 ) ) ;
#762 = DIRECTION ( 'NONE',  ( -0.000000000000000000, 1.000000000000000000, -0.000000000000000000 ) ) ;
#763 = EDGE_CURVE ( 'NONE', #964, #483, #1148, .T. ) ;
#764 = CARTESIAN_POINT ( 'NONE',  ( -10.00000000000000000, 72.19999999999998863, 65.09999999999999432 ) ) ;
#765 = CARTESIAN_POINT ( 'NONE',  ( -121.7999999999999972, 39.99999999999997868, 45.81999999999995765 ) ) ;
#766 = LINE ( 'NONE', #1582, #1162 ) ;
#767 = DIRECTION ( 'NONE',  ( -0.000000000000000000, -0.000000000000000000, 1.000000000000000000 ) ) ;
#768 = ORIENTED_EDGE ( 'NONE', *, *, #1633, .T. ) ;
#769 = AXIS2_PLACEMENT_3D ( 'NONE', #1015, #365, #1547 ) ;
#770 = VECTOR ( 'NONE', #945, 1000.000000000000000 ) ;
#771 = VECTOR ( 'NONE', #943, 1000.000000000000000 ) ;
#772 = DIRECTION ( 'NONE',  ( 0.000000000000000000, 0.000000000000000000, -1.000000000000000000 ) ) ;
#773 = CARTESIAN_POINT ( 'NONE',  ( -144.4000000000000057, 115.0485705712570876, -53.09999999999996589 ) ) ;
#774 = DIRECTION ( 'NONE',  ( 1.000000000000000000, 0.000000000000000000, 0.000000000000000000 ) ) ;
#775 = DIRECTION ( 'NONE',  ( 0.000000000000000000, 0.000000000000000000, -1.000000000000000000 ) ) ;
#776 = ORIENTED_EDGE ( 'NONE', *, *, #693, .F. ) ;
#777 = ADVANCED_FACE ( 'NONE', ( #213 ), #111, .F. ) ;
#778 = APPLICATION_PROTOCOL_DEFINITION ( 'draft international standard', 'automotive_design', 1998, #696 ) ;
#779 = LINE ( 'NONE', #1312, #905 ) ;
#780 = CARTESIAN_POINT ( 'NONE',  ( -144.4000000000000057, 115.0485705712570876, -65.09999999999996589 ) ) ;
#781 = FACE_OUTER_BOUND ( 'NONE', #92, .T. ) ;
#782 = PLANE ( 'NONE',  #797 ) ;
#783 = DIRECTION ( 'NONE',  ( 1.000000000000000000, 0.000000000000000000, 0.000000000000000000 ) ) ;
#784 = CARTESIAN_POINT ( 'NONE',  ( -11.80000000000003268, 87.04857057125708764, -43.40000000000001990 ) ) ;
#785 = EDGE_LOOP ( 'NONE', ( #300, #1005, #526, #1538 ) ) ;
#786 = EDGE_CURVE ( 'NONE', #1488, #1530, #1468, .T. ) ;
#787 = ORIENTED_EDGE ( 'NONE', *, *, #819, .F. ) ;
#788 = CARTESIAN_POINT ( 'NONE',  ( -11.80000000000000426, 105.0485705712570876, 18.89915974791595943 ) ) ;
#789 = DIRECTION ( 'NONE',  ( 1.000000000000000000, 0.000000000000000000, 0.000000000000000000 ) ) ;
#790 = CARTESIAN_POINT ( 'NONE',  ( -110.3999999999999773, 78.04857057125710185, -53.09999999999997300 ) ) ;
#791 = LINE ( 'NONE', #376, #192 ) ;
#792 = CARTESIAN_POINT ( 'NONE',  ( -34.00000000000000000, 78.04857057125711606, -33.39999999999999858 ) ) ;
#793 = DIRECTION ( 'NONE',  ( 0.000000000000000000, 0.000000000000000000, -1.000000000000000000 ) ) ;
#794 = CIRCLE ( 'NONE', #1299, 9.999999999999994671 ) ;
#795 = ORIENTED_EDGE ( 'NONE', *, *, #595, .T. ) ;
#796 = VECTOR ( 'NONE', #1534, 1000.000000000000000 ) ;
#797 = AXIS2_PLACEMENT_3D ( 'NONE', #117, #1182, #900 ) ;
#798 = CARTESIAN_POINT ( 'NONE',  ( -144.4000000000000057, 68.11632632648976937, 55.09999999999998721 ) ) ;
#799 = DIRECTION ( 'NONE',  ( 1.000000000000000000, 0.000000000000000000, 0.000000000000000000 ) ) ;
#800 = LINE ( 'NONE', #1562, #1669 ) ;
#801 = DIRECTION ( 'NONE',  ( 1.164168558032393237E-47, -9.007619546530943507E-32, 1.000000000000000000 ) ) ;
#802 = FACE_OUTER_BOUND ( 'NONE', #182, .T. ) ;
#803 = ORIENTED_EDGE ( 'NONE', *, *, #1260, .F. ) ;
#804 = ORIENTED_EDGE ( 'NONE', *, *, #56, .T. ) ;
#805 = DIRECTION ( 'NONE',  ( 1.000000000000000000, 0.000000000000000000, 0.000000000000000000 ) ) ;
#806 = VERTEX_POINT ( 'NONE', #239 ) ;
#807 = ADVANCED_FACE ( 'NONE', ( #375 ), #1432, .F. ) ;
#808 = FACE_OUTER_BOUND ( 'NONE', #18, .T. ) ;
#809 = CARTESIAN_POINT ( 'NONE',  ( 0.000000000000000000, 68.11632632648976937, 55.09999999999998721 ) ) ;
#810 = LINE ( 'NONE', #1184, #1629 ) ;
#811 = ORIENTED_EDGE ( 'NONE', *, *, #531, .T. ) ;
#812 = ADVANCED_FACE ( 'NONE', ( #1567 ), #487, .T. ) ;
#813 = ORIENTED_EDGE ( 'NONE', *, *, #1334, .T. ) ;
#814 = ORIENTED_EDGE ( 'NONE', *, *, #719, .F. ) ;
#815 = DIRECTION ( 'NONE',  ( -1.000000000000000000, 0.000000000000000000, 0.000000000000000000 ) ) ;
#816 = ORIENTED_EDGE ( 'NONE', *, *, #282, .F. ) ;
#817 = DIRECTION ( 'NONE',  ( 0.000000000000000000, -0.000000000000000000, -1.000000000000000000 ) ) ;
#818 = CARTESIAN_POINT ( 'NONE',  ( -144.4000000000000057, -1.533257792532486074E-14, 65.09999999999999432 ) ) ;
#819 = EDGE_CURVE ( 'NONE', #760, #371, #190, .T. ) ;
#820 = DIRECTION ( 'NONE',  ( 1.292426430777422502E-16, -1.000000000000000000, 0.000000000000000000 ) ) ;
#821 = CARTESIAN_POINT ( 'NONE',  ( -10.00000000000000000, 68.11632632648976937, 55.09999999999998721 ) ) ;
#822 = VECTOR ( 'NONE', #1670, 1000.000000000000114 ) ;
#823 = ORIENTED_EDGE ( 'NONE', *, *, #1647, .F. ) ;
#824 = EDGE_CURVE ( 'NONE', #1261, #449, #1386, .T. ) ;
#825 = VERTEX_POINT ( 'NONE', #249 ) ;
#826 = AXIS2_PLACEMENT_3D ( 'NONE', #1509, #599, #1502 ) ;
#827 = EDGE_LOOP ( 'NONE', ( #1293, #507, #204, #1008 ) ) ;
#828 = AXIS2_PLACEMENT_3D ( 'NONE', #502, #998, #1528 ) ;
#829 = VECTOR ( 'NONE', #687, 1000.000000000000000 ) ;
#830 = DIRECTION ( 'NONE',  ( 0.000000000000000000, 0.000000000000000000, 1.000000000000000000 ) ) ;
#831 = FACE_OUTER_BOUND ( 'NONE', #494, .T. ) ;
#832 = VECTOR ( 'NONE', #1474, 1000.000000000000114 ) ;
#833 = CARTESIAN_POINT ( 'NONE',  ( -134.4000000000000057, 112.0485705712571018, 26.04058817645881518 ) ) ;
#834 = CARTESIAN_POINT ( 'NONE',  ( -132.5999999999999943, 78.04857057125710185, -33.39999999999999858 ) ) ;
#835 = EDGE_LOOP ( 'NONE', ( #663, #1119, #997, #1309 ) ) ;
#836 = EDGE_CURVE ( 'NONE', #466, #717, #472, .T. ) ;
#837 = ORIENTED_EDGE ( 'NONE', *, *, #1676, .T. ) ;
#838 = VERTEX_POINT ( 'NONE', #871 ) ;
#839 = DIRECTION ( 'NONE',  ( 0.000000000000000000, 2.412509384324603169E-16, -1.000000000000000000 ) ) ;
#840 = LINE ( 'NONE', #977, #120 ) ;
#841 = DIRECTION ( 'NONE',  ( 0.000000000000000000, 0.000000000000000000, 1.000000000000000000 ) ) ;
#842 = EDGE_LOOP ( 'NONE', ( #1228, #1394, #474, #353 ) ) ;
#843 = ADVANCED_FACE ( 'NONE', ( #880 ), #1405, .F. ) ;
#844 = ORIENTED_EDGE ( 'NONE', *, *, #1564, .T. ) ;
#845 = LINE ( 'NONE', #1376, #940 ) ;
#846 = EDGE_CURVE ( 'NONE', #1115, #163, #481, .T. ) ;
#847 = PLANE ( 'NONE',  #734 ) ;
#848 = CARTESIAN_POINT ( 'NONE',  ( -132.5999999999999943, 12.19999999999997620, 55.09999999999998010 ) ) ;
#849 = ORIENTED_EDGE ( 'NONE', *, *, #1513, .T. ) ;
#850 = VECTOR ( 'NONE', #697, 1000.000000000000000 ) ;
#851 = AXIS2_PLACEMENT_3D ( 'NONE', #879, #1552, #1415 ) ;
#852 = VERTEX_POINT ( 'NONE', #750 ) ;
#853 = EDGE_CURVE ( 'NONE', #1686, #152, #1581, .T. ) ;
#854 = AXIS2_PLACEMENT_3D ( 'NONE', #527, #1470, #1594 ) ;
#855 = PRESENTATION_LAYER_ASSIGNMENT (  '', '', ( #712 ) ) ;
#856 = CARTESIAN_POINT ( 'NONE',  ( -11.80000000000003268, 87.04857057125708764, -43.40000000000001990 ) ) ;
#857 = FACE_OUTER_BOUND ( 'NONE', #1471, .T. ) ;
#858 = CARTESIAN_POINT ( 'NONE',  ( -11.80000000000000071, 88.04857057125710185, -33.39999999999999858 ) ) ;
#859 = VERTEX_POINT ( 'NONE', #790 ) ;
#860 = VERTEX_POINT ( 'NONE', #3 ) ;
#861 = CARTESIAN_POINT ( 'NONE',  ( -121.7999999999999972, 39.99999999999997868, 55.09999999999995168 ) ) ;
#862 = DIRECTION ( 'NONE',  ( 1.000000000000000000, 0.000000000000000000, 0.000000000000000000 ) ) ;
#863 = ADVANCED_FACE ( 'NONE', ( #808 ), #256, .F. ) ;
#864 = CARTESIAN_POINT ( 'NONE',  ( -24.20000000000002771, 102.3485705712570848, -43.40000000000001990 ) ) ;
#865 = PLANE ( 'NONE',  #1354 ) ;
#866 = ORIENTED_EDGE ( 'NONE', *, *, #972, .T. ) ;
#867 = VERTEX_POINT ( 'NONE', #263 ) ;
#868 = CARTESIAN_POINT ( 'NONE',  ( -11.80000000000003268, 87.04857057125708764, -43.40000000000001990 ) ) ;
#869 = ORIENTED_EDGE ( 'NONE', *, *, #8, .F. ) ;
#870 = LINE ( 'NONE', #1265, #459 ) ;
#871 = CARTESIAN_POINT ( 'NONE',  ( -131.8000000000000398, 39.99999999999997868, 55.09999999999995168 ) ) ;
#872 = EDGE_LOOP ( 'NONE', ( #1099, #334, #1336, #1497, #811, #333, #694, #1671, #1503, #279, #753, #1338, #1235, #866, #1065, #619, #813, #1127 ) ) ;
#873 = CARTESIAN_POINT ( 'NONE',  ( -11.79999999999998828, 12.19999999999999218, -235.3722525839134221 ) ) ;
#874 = ORIENTED_EDGE ( 'NONE', *, *, #1285, .F. ) ;
#875 = VECTOR ( 'NONE', #1080, 1000.000000000000114 ) ;
#876 = VECTOR ( 'NONE', #756, 1000.000000000000000 ) ;
#877 = ORIENTED_EDGE ( 'NONE', *, *, #1260, .T. ) ;
#878 = DIRECTION ( 'NONE',  ( 0.000000000000000000, -1.000000000000000000, 0.000000000000000000 ) ) ;
#879 = CARTESIAN_POINT ( 'NONE',  ( -110.3999999999999915, 115.0485705712571018, -33.39999999999999858 ) ) ;
#880 = FACE_OUTER_BOUND ( 'NONE', #1267, .T. ) ;
#881 = VECTOR ( 'NONE', #761, 1000.000000000000000 ) ;
#882 = VECTOR ( 'NONE', #399, 1000.000000000000000 ) ;
#883 = VERTEX_POINT ( 'NONE', #1331 ) ;
#884 = VECTOR ( 'NONE', #759, 1000.000000000000000 ) ;
#885 = VECTOR ( 'NONE', #370, 1000.000000000000000 ) ;
#886 = ORIENTED_EDGE ( 'NONE', *, *, #372, .T. ) ;
#887 = EDGE_CURVE ( 'NONE', #883, #1250, #911, .T. ) ;
#888 = EDGE_LOOP ( 'NONE', ( #579, #1219, #1545, #999, #742 ) ) ;
#889 = CARTESIAN_POINT ( 'NONE',  ( 0.000000000000000000, 88.04857057125708764, -33.39999999999999858 ) ) ;
#890 = CARTESIAN_POINT ( 'NONE',  ( -134.4000000000000057, 105.0485705712570876, 18.89915974791595943 ) ) ;
#891 = DIRECTION ( 'NONE',  ( 1.000000000000000000, -0.000000000000000000, 0.000000000000000000 ) ) ;
#892 = ORIENTED_EDGE ( 'NONE', *, *, #338, .F. ) ;
#893 = EDGE_LOOP ( 'NONE', ( #731, #869, #298, #1526 ) ) ;
#894 = CARTESIAN_POINT ( 'NONE',  ( -134.4000000000000057, 68.11632632648976937, 65.09999999999999432 ) ) ;
#895 = ADVANCED_FACE ( 'NONE', ( #781 ), #1444, .T. ) ;
#896 = DIRECTION ( 'NONE',  ( -1.000000000000000000, 0.000000000000000000, -0.000000000000000000 ) ) ;
#897 = CARTESIAN_POINT ( 'NONE',  ( -132.5999999999999659, 87.04857057125708764, -53.10000000000000853 ) ) ;
#898 = CARTESIAN_POINT ( 'NONE',  ( -132.5999999999999943, 102.3485705712570848, -33.39999999999999858 ) ) ;
#899 = EDGE_CURVE ( 'NONE', #1172, #975, #538, .T. ) ;
#900 = DIRECTION ( 'NONE',  ( -0.000000000000000000, 0.000000000000000000, -1.000000000000000000 ) ) ;
#901 = CARTESIAN_POINT ( 'NONE',  ( 0.000000000000000000, 87.04857057125708764, 0.000000000000000000 ) ) ;
#902 = VECTOR ( 'NONE', #1533, 1000.000000000000000 ) ;
#903 = EDGE_CURVE ( 'NONE', #1254, #946, #1051, .T. ) ;
#904 = CARTESIAN_POINT ( 'NONE',  ( -10.00000000000000000, 9.999999999999984013, 55.09999999999998721 ) ) ;
#905 = VECTOR ( 'NONE', #518, 1000.000000000000000 ) ;
#906 = CARTESIAN_POINT ( 'NONE',  ( -24.20000000000002771, 102.3485705712570848, -53.09999999999996589 ) ) ;
#907 = AXIS2_PLACEMENT_3D ( 'NONE', #6, #541, #1476 ) ;
#908 = AXIS2_PLACEMENT_3D ( 'NONE', #302, #1358, #31 ) ;
#909 = VECTOR ( 'NONE', #224, 1000.000000000000000 ) ;
#910 = CARTESIAN_POINT ( 'NONE',  ( -132.5999999999999943, 88.04857057125708764, -33.39999999999999858 ) ) ;
#911 = LINE ( 'NONE', #1611, #48 ) ;
#912 = CARTESIAN_POINT ( 'NONE',  ( -132.5999999999999943, 12.19999999999997620, -235.3722525839134221 ) ) ;
#913 = EDGE_CURVE ( 'NONE', #1115, #1034, #1321, .T. ) ;
#914 = CARTESIAN_POINT ( 'NONE',  ( -144.4000000000000057, 72.19999999999998863, 65.09999999999999432 ) ) ;
#915 = LINE ( 'NONE', #1212, #1384 ) ;
#916 = ORIENTED_EDGE ( 'NONE', *, *, #508, .F. ) ;
#917 = PRODUCT_DEFINITION_CONTEXT ( 'detailed design', #39, 'design' ) ;
#918 = ADVANCED_FACE ( 'NONE', ( #127 ), #116, .T. ) ;
#919 = LINE ( 'NONE', #662, #1597 ) ;
#920 = DIRECTION ( 'NONE',  ( 1.000000000000000000, 0.000000000000000000, -0.000000000000000000 ) ) ;
#921 = LINE ( 'NONE', #1450, #829 ) ;
#922 = DIRECTION ( 'NONE',  ( 0.000000000000000000, 1.000000000000000000, -0.000000000000000000 ) ) ;
#923 = DIRECTION ( 'NONE',  ( -0.000000000000000000, -0.000000000000000000, -1.000000000000000000 ) ) ;
#924 = CARTESIAN_POINT ( 'NONE',  ( -132.5999999999999659, 112.0485705712571161, 26.04058817645880808 ) ) ;
#925 = EDGE_CURVE ( 'NONE', #62, #629, #1481, .T. ) ;
#926 = ORIENTED_EDGE ( 'NONE', *, *, #1301, .T. ) ;
#927 = CARTESIAN_POINT ( 'NONE',  ( -110.3999999999999773, 78.04857057125710185, -33.39999999999999858 ) ) ;
#928 = AXIS2_PLACEMENT_3D ( 'NONE', #1203, #385, #1068 ) ;
#929 = DIRECTION ( 'NONE',  ( -1.000000000000000000, 0.000000000000000000, 0.000000000000000000 ) ) ;
#930 = CARTESIAN_POINT ( 'NONE',  ( -132.5999999999999943, 12.19999999999997620, 55.09999999999995168 ) ) ;
#931 = PLANE ( 'NONE',  #457 ) ;
#932 = DIRECTION ( 'NONE',  ( 1.000000000000000000, 0.000000000000000000, 0.000000000000000000 ) ) ;
#933 = EDGE_LOOP ( 'NONE', ( #1535, #87, #188, #9, #699 ) ) ;
#934 = VECTOR ( 'NONE', #1486, 1000.000000000000000 ) ;
#935 = AXIS2_PLACEMENT_3D ( 'NONE', #178, #427, #841 ) ;
#936 = ORIENTED_EDGE ( 'NONE', *, *, #102, .T. ) ;
#937 = EDGE_CURVE ( 'NONE', #2, #1392, #1200, .T. ) ;
#938 = AXIS2_PLACEMENT_3D ( 'NONE', #1554, #1275, #757 ) ;
#939 = CARTESIAN_POINT ( 'NONE',  ( -11.79999999999998828, 12.19999999999999218, 45.81999999999997186 ) ) ;
#940 = VECTOR ( 'NONE', #1622, 1000.000000000000000 ) ;
#941 = ORIENTED_EDGE ( 'NONE', *, *, #1174, .T. ) ;
#942 = LINE ( 'NONE', #1078, #1356 ) ;
#943 = DIRECTION ( 'NONE',  ( -1.000000000000000000, -0.000000000000000000, 0.000000000000000000 ) ) ;
#944 = PLANE ( 'NONE',  #928 ) ;
#945 = DIRECTION ( 'NONE',  ( -1.000000000000000000, -0.000000000000000000, -0.000000000000000000 ) ) ;
#946 = VERTEX_POINT ( 'NONE', #143 ) ;
#947 = LINE ( 'NONE', #141, #681 ) ;
#948 = ADVANCED_FACE ( 'NONE', ( #1461 ), #1598, .F. ) ;
#949 = ORIENTED_EDGE ( 'NONE', *, *, #384, .F. ) ;
#950 = CARTESIAN_POINT ( 'NONE',  ( -144.4000000000000057, 9.999999999999984013, 55.09999999999998721 ) ) ;
#951 = EDGE_CURVE ( 'NONE', #227, #596, #379, .T. ) ;
#952 = CARTESIAN_POINT ( 'NONE',  ( -11.79999999999999538, 78.04857057125711606, -53.09999999999999432 ) ) ;
#953 = DIRECTION ( 'NONE',  ( -1.000000000000000000, -0.000000000000000000, 0.000000000000000000 ) ) ;
#954 = ORIENTED_EDGE ( 'NONE', *, *, #990, .T. ) ;
#955 = CARTESIAN_POINT ( 'NONE',  ( -12.60000000000000853, 39.99999999999999289, 55.09999999999995168 ) ) ;
#956 = VERTEX_POINT ( 'NONE', #529 ) ;
#957 = LINE ( 'NONE', #556, #434 ) ;
#958 = LINE ( 'NONE', #1490, #79 ) ;
#959 = VECTOR ( 'NONE', #43, 1000.000000000000114 ) ;
#960 = EDGE_CURVE ( 'NONE', #1380, #1204, #942, .T. ) ;
#961 = DIRECTION ( 'NONE',  ( 1.000000000000000000, 1.292426430777422502E-16, 0.000000000000000000 ) ) ;
#962 = DIRECTION ( 'NONE',  ( 0.000000000000000000, 1.000000000000000000, 0.000000000000000000 ) ) ;
#963 = ORIENTED_EDGE ( 'NONE', *, *, #605, .F. ) ;
#964 = VERTEX_POINT ( 'NONE', #950 ) ;
#965 = VERTEX_POINT ( 'NONE', #293 ) ;
#966 = VECTOR ( 'NONE', #1711, 1000.000000000000000 ) ;
#967 = CIRCLE ( 'NONE', #220, 9.999999999999994671 ) ;
#968 = FACE_OUTER_BOUND ( 'NONE', #1154, .T. ) ;
#969 = CARTESIAN_POINT ( 'NONE',  ( -144.4000000000000057, 9.999999999999984013, 65.09999999999999432 ) ) ;
#970 = LINE ( 'NONE', #730, #128 ) ;
#971 = ORIENTED_EDGE ( 'NONE', *, *, #1618, .F. ) ;
#972 = EDGE_CURVE ( 'NONE', #1106, #1494, #1348, .T. ) ;
#973 = EDGE_LOOP ( 'NONE', ( #1522, #941, #243, #1456 ) ) ;
#974 = EDGE_CURVE ( 'NONE', #806, #1586, #1181, .T. ) ;
#975 = VERTEX_POINT ( 'NONE', #1718 ) ;
#976 = CARTESIAN_POINT ( 'NONE',  ( -120.1999999999999744, 87.04857057125708764, -43.40000000000000568 ) ) ;
#977 = CARTESIAN_POINT ( 'NONE',  ( -11.79999999999999538, 39.99999999999999289, 45.81999999999995765 ) ) ;
#978 = LINE ( 'NONE', #454, #1160 ) ;
#979 = ORIENTED_EDGE ( 'NONE', *, *, #1699, .T. ) ;
#980 = EDGE_CURVE ( 'NONE', #209, #142, #921, .T. ) ;
#981 = CARTESIAN_POINT ( 'NONE',  ( -131.8000000000000398, 39.99999999999997868, 45.81999999999995765 ) ) ;
#982 = ORIENTED_EDGE ( 'NONE', *, *, #338, .T. ) ;
#983 = PLANE ( 'NONE',  #1129 ) ;
#984 = CARTESIAN_POINT ( 'NONE',  ( -144.4000000000000057, 68.11632632648976937, 55.09999999999998721 ) ) ;
#985 = ORIENTED_EDGE ( 'NONE', *, *, #1359, .F. ) ;
#986 = VECTOR ( 'NONE', #953, 1000.000000000000000 ) ;
#987 = AXIS2_PLACEMENT_3D ( 'NONE', #624, #1030, #1684 ) ;
#988 = LINE ( 'NONE', #1382, #1130 ) ;
#989 = ORIENTED_EDGE ( 'NONE', *, *, #1215, .T. ) ;
#990 = EDGE_CURVE ( 'NONE', #483, #37, #1638, .T. ) ;
#991 = AXIS2_PLACEMENT_3D ( 'NONE', #735, #1627, #581 ) ;
#992 = VECTOR ( 'NONE', #1644, 1000.000000000000000 ) ;
#993 = LINE ( 'NONE', #1523, #1189 ) ;
#994 = LINE ( 'NONE', #329, #850 ) ;
#995 = DIRECTION ( 'NONE',  ( 0.000000000000000000, 0.000000000000000000, 1.000000000000000000 ) ) ;
#996 = ORIENTED_EDGE ( 'NONE', *, *, #1717, .F. ) ;
#997 = ORIENTED_EDGE ( 'NONE', *, *, #1387, .F. ) ;
#998 = DIRECTION ( 'NONE',  ( -0.000000000000000000, 1.000000000000000000, -0.000000000000000000 ) ) ;
#999 = ORIENTED_EDGE ( 'NONE', *, *, #553, .T. ) ;
#1000 = EDGE_CURVE ( 'NONE', #567, #155, #957, .T. ) ;
#1001 = DIRECTION ( 'NONE',  ( 0.000000000000000000, 0.000000000000000000, 1.000000000000000000 ) ) ;
#1002 = LINE ( 'NONE', #897, #183 ) ;
#1003 = CARTESIAN_POINT ( 'NONE',  ( 0.000000000000000000, 88.04857057125710185, -33.39999999999999858 ) ) ;
#1004 = ORIENTED_EDGE ( 'NONE', *, *, #1544, .T. ) ;
#1005 = ORIENTED_EDGE ( 'NONE', *, *, #67, .F. ) ;
#1006 = CARTESIAN_POINT ( 'NONE',  ( -11.79999999999998828, 12.19999999999999218, -53.10000000000000853 ) ) ;
#1007 = ORIENTED_EDGE ( 'NONE', *, *, #423, .F. ) ;
#1008 = ORIENTED_EDGE ( 'NONE', *, *, #543, .F. ) ;
#1009 = CARTESIAN_POINT ( 'NONE',  ( -132.5999999999999943, 39.99999999999997868, 45.81999999999995765 ) ) ;
#1010 = CARTESIAN_POINT ( 'NONE',  ( -11.80000000000003268, 87.04857057125708764, -53.10000000000002274 ) ) ;
#1011 = VERTEX_POINT ( 'NONE', #1086 ) ;
#1012 = ADVANCED_FACE ( 'NONE', ( #1620 ), #1223, .F. ) ;
#1013 = VERTEX_POINT ( 'NONE', #1023 ) ;
#1014 = VECTOR ( 'NONE', #35, 1000.000000000000000 ) ;
#1015 = CARTESIAN_POINT ( 'NONE',  ( -10.00000000000000000, 9.999999999999984013, 55.09999999999998721 ) ) ;
#1016 = VECTOR ( 'NONE', #1617, 1000.000000000000114 ) ;
#1017 = ORIENTED_EDGE ( 'NONE', *, *, #1422, .F. ) ;
#1018 = SURFACE_STYLE_FILL_AREA ( #485 ) ;
#1019 = CARTESIAN_POINT ( 'NONE',  ( -11.79999999999999183, 39.99999999999999289, 55.09999999999998010 ) ) ;
#1020 = DIRECTION ( 'NONE',  ( 0.000000000000000000, 0.000000000000000000, -1.000000000000000000 ) ) ;
#1021 = ORIENTED_EDGE ( 'NONE', *, *, #1729, .T. ) ;
#1022 = AXIS2_PLACEMENT_3D ( 'NONE', #1175, #658, #648 ) ;
#1023 = CARTESIAN_POINT ( 'NONE',  ( -132.5999999999999943, 39.99999999999997868, 45.81999999999991502 ) ) ;
#1024 = EDGE_CURVE ( 'NONE', #29, #852, #638, .T. ) ;
#1025 = VERTEX_POINT ( 'NONE', #252 ) ;
#1026 = LINE ( 'NONE', #1682, #1355 ) ;
#1027 = ORIENTED_EDGE ( 'NONE', *, *, #972, .F. ) ;
#1028 = EDGE_CURVE ( 'NONE', #852, #1106, #1407, .T. ) ;
#1029 = LINE ( 'NONE', #115, #431 ) ;
#1030 = DIRECTION ( 'NONE',  ( 1.000000000000000000, 0.000000000000000000, -0.000000000000000000 ) ) ;
#1031 = CARTESIAN_POINT ( 'NONE',  ( -121.7999999999999972, 39.99999999999997868, 45.81999999999995765 ) ) ;
#1032 = ORIENTED_EDGE ( 'NONE', *, *, #295, .T. ) ;
#1033 = EDGE_CURVE ( 'NONE', #24, #825, #84, .T. ) ;
#1034 = VERTEX_POINT ( 'NONE', #1569 ) ;
#1035 = DIRECTION ( 'NONE',  ( 0.000000000000000000, -0.7000000000000006217, -0.7141428428542845319 ) ) ;
#1036 = CARTESIAN_POINT ( 'NONE',  ( -110.3999999999999773, 88.04857057125707342, -33.40000000000001990 ) ) ;
#1037 = LINE ( 'NONE', #497, #1496 ) ;
#1038 = LINE ( 'NONE', #930, #312 ) ;
#1039 =( NAMED_UNIT ( * ) SI_UNIT ( $, .STERADIAN. ) SOLID_ANGLE_UNIT ( ) );
#1040 = VECTOR ( 'NONE', #1705, 1000.000000000000000 ) ;
#1041 = EDGE_CURVE ( 'NONE', #1484, #1250, #1698, .T. ) ;
#1042 = LINE ( 'NONE', #1167, #741 ) ;
#1043 = CARTESIAN_POINT ( 'NONE',  ( -132.5999999999999659, 102.3485705712570848, -43.40000000000000568 ) ) ;
#1044 = LINE ( 'NONE', #912, #885 ) ;
#1045 = AXIS2_PLACEMENT_3D ( 'NONE', #324, #1624, #317 ) ;
#1046 = EDGE_CURVE ( 'NONE', #498, #1279, #475, .T. ) ;
#1047 = AXIS2_PLACEMENT_3D ( 'NONE', #1031, #1169, #1157 ) ;
#1048 = AXIS2_PLACEMENT_3D ( 'NONE', #418, #1482, #1103 ) ;
#1049 = FACE_OUTER_BOUND ( 'NONE', #167, .T. ) ;
#1050 = EDGE_CURVE ( 'NONE', #1204, #341, #348, .T. ) ;
#1051 = LINE ( 'NONE', #1066, #653 ) ;
#1052 = FACE_OUTER_BOUND ( 'NONE', #1398, .T. ) ;
#1053 = CARTESIAN_POINT ( 'NONE',  ( 0.000000000000000000, 0.000000000000000000, -33.39999999999999858 ) ) ;
#1054 = DIRECTION ( 'NONE',  ( 0.000000000000000000, 0.000000000000000000, 1.000000000000000000 ) ) ;
#1055 = EDGE_LOOP ( 'NONE', ( #133, #1064, #428 ) ) ;
#1056 = LINE ( 'NONE', #646, #1016 ) ;
#1057 = DIRECTION ( 'NONE',  ( 0.000000000000000000, 0.000000000000000000, -1.000000000000000000 ) ) ;
#1058 = DIRECTION ( 'NONE',  ( -1.000000000000000000, -0.000000000000000000, -0.000000000000000000 ) ) ;
#1059 = CARTESIAN_POINT ( 'NONE',  ( -121.7999999999999972, 12.19999999999997797, 55.09999999999998010 ) ) ;
#1060 = LINE ( 'NONE', #792, #594 ) ;
#1061 = CARTESIAN_POINT ( 'NONE',  ( -134.4000000000000057, 105.0485705712570876, 23.10000000000000142 ) ) ;
#1062 = EDGE_LOOP ( 'NONE', ( #727, #1122, #823, #570 ) ) ;
#1063 = EDGE_CURVE ( 'NONE', #1107, #318, #810, .T. ) ;
#1064 = ORIENTED_EDGE ( 'NONE', *, *, #1174, .F. ) ;
#1065 = ORIENTED_EDGE ( 'NONE', *, *, #1247, .F. ) ;
#1066 = CARTESIAN_POINT ( 'NONE',  ( -144.4000000000000057, 115.0485705712570876, 18.89915974791595943 ) ) ;
#1067 = DIRECTION ( 'NONE',  ( 0.000000000000000000, 0.000000000000000000, -1.000000000000000000 ) ) ;
#1068 = DIRECTION ( 'NONE',  ( 1.000000000000000000, 0.000000000000000000, 0.000000000000000000 ) ) ;
#1069 = CARTESIAN_POINT ( 'NONE',  ( -34.00000000000000000, 102.3485705712570848, -33.39999999999999858 ) ) ;
#1070 = ORIENTED_EDGE ( 'NONE', *, *, #354, .F. ) ;
#1071 = EDGE_CURVE ( 'NONE', #1034, #270, #1060, .T. ) ;
#1072 = MECHANICAL_DESIGN_GEOMETRIC_PRESENTATION_REPRESENTATION (  '', ( #712 ), #246 ) ;
#1073 = ORIENTED_EDGE ( 'NONE', *, *, #19, .F. ) ;
#1074 = CARTESIAN_POINT ( 'NONE',  ( -134.4000000000000057, 68.11632632648976937, 55.09999999999998721 ) ) ;
#1075 = AXIS2_PLACEMENT_3D ( 'NONE', #390, #1433, #240 ) ;
#1076 = ORIENTED_EDGE ( 'NONE', *, *, #543, .T. ) ;
#1077 = EDGE_CURVE ( 'NONE', #135, #760, #391, .T. ) ;
#1078 = CARTESIAN_POINT ( 'NONE',  ( -11.79999999999998828, 12.19999999999999218, 55.09999999999995168 ) ) ;
#1079 = DIRECTION ( 'NONE',  ( -1.000000000000000000, 0.000000000000000000, 0.000000000000000000 ) ) ;
#1080 = DIRECTION ( 'NONE',  ( 0.000000000000000000, -0.7141428428542850870, 0.6999999999999999556 ) ) ;
#1081 = ORIENTED_EDGE ( 'NONE', *, *, #903, .T. ) ;
#1082 = ORIENTED_EDGE ( 'NONE', *, *, #574, .T. ) ;
#1083 = CARTESIAN_POINT ( 'NONE',  ( -132.5999999999999943, 102.3485705712570848, -53.09999999999996589 ) ) ;
#1084 = ORIENTED_EDGE ( 'NONE', *, *, #1375, .F. ) ;
#1085 = ADVANCED_FACE ( 'NONE', ( #667 ), #944, .F. ) ;
#1086 = CARTESIAN_POINT ( 'NONE',  ( -10.00000000000000888, -1.533257792532486074E-14, -65.09999999999999432 ) ) ;
#1087 = LINE ( 'NONE', #285, #248 ) ;
#1088 = CARTESIAN_POINT ( 'NONE',  ( -11.80000000000003268, 115.0485705712570876, -53.10000000000002274 ) ) ;
#1089 = CARTESIAN_POINT ( 'NONE',  ( -144.4000000000000057, -1.533257792532486074E-14, 55.09999999999998010 ) ) ;
#1090 = ORIENTED_EDGE ( 'NONE', *, *, #786, .F. ) ;
#1091 = ORIENTED_EDGE ( 'NONE', *, *, #1071, .F. ) ;
#1092 = CARTESIAN_POINT ( 'NONE',  ( -120.1999999999999744, 87.04857057125708764, -53.10000000000000853 ) ) ;
#1093 = ORIENTED_EDGE ( 'NONE', *, *, #282, .T. ) ;
#1094 = EDGE_CURVE ( 'NONE', #1025, #318, #146, .T. ) ;
#1095 = CARTESIAN_POINT ( 'NONE',  ( -12.60000000000001030, 39.99999999999999289, 55.09999999999995168 ) ) ;
#1096 = AXIS2_PLACEMENT_3D ( 'NONE', #584, #1248, #195 ) ;
#1097 = CARTESIAN_POINT ( 'NONE',  ( -11.79999999999998828, 12.19999999999999218, -235.3722525839134221 ) ) ;
#1098 = CARTESIAN_POINT ( 'NONE',  ( -10.00000000000000888, 115.0485705712570876, -65.09999999999996589 ) ) ;
#1099 = ORIENTED_EDGE ( 'NONE', *, *, #1655, .T. ) ;
#1100 = VECTOR ( 'NONE', #1226, 1000.000000000000000 ) ;
#1101 = ORIENTED_EDGE ( 'NONE', *, *, #260, .T. ) ;
#1102 = AXIS2_PLACEMENT_3D ( 'NONE', #522, #664, #929 ) ;
#1103 = DIRECTION ( 'NONE',  ( 0.000000000000000000, -0.000000000000000000, -1.000000000000000000 ) ) ;
#1104 = DIRECTION ( 'NONE',  ( 1.000000000000000000, 0.000000000000000000, 0.000000000000000000 ) ) ;
#1105 = CARTESIAN_POINT ( 'NONE',  ( -132.5999999999999943, 78.04857057125710185, -33.39999999999999858 ) ) ;
#1106 = VERTEX_POINT ( 'NONE', #524 ) ;
#1107 = VERTEX_POINT ( 'NONE', #277 ) ;
#1108 = ADVANCED_FACE ( 'NONE', ( #1721 ), #16, .F. ) ;
#1109 = ORIENTED_EDGE ( 'NONE', *, *, #1028, .T. ) ;
#1110 = PRODUCT ( 'Aztechs_Hackathon.Housing_Body_V2', 'Aztechs_Hackathon.Housing_Body_V2', '', ( #1187 ) ) ;
#1111 = ORIENTED_EDGE ( 'NONE', *, *, #19, .T. ) ;
#1112 = LINE ( 'NONE', #80, #221 ) ;
#1113 = DIRECTION ( 'NONE',  ( -0.000000000000000000, -0.000000000000000000, 1.000000000000000000 ) ) ;
#1114 = CARTESIAN_POINT ( 'NONE',  ( 0.000000000000000000, 0.000000000000000000, 0.000000000000000000 ) ) ;
#1115 = VERTEX_POINT ( 'NONE', #398 ) ;
#1116 = ADVANCED_FACE ( 'NONE', ( #139 ), #1577, .F. ) ;
#1117 = ORIENTED_EDGE ( 'NONE', *, *, #925, .T. ) ;
#1118 = LINE ( 'NONE', #468, #711 ) ;
#1119 = ORIENTED_EDGE ( 'NONE', *, *, #1557, .F. ) ;
#1120 = CARTESIAN_POINT ( 'NONE',  ( -132.5999999999999943, 12.19999999999997620, 65.09999999999999432 ) ) ;
#1121 = CARTESIAN_POINT ( 'NONE',  ( -10.00000000000000000, 68.11632632648976937, 55.09999999999998721 ) ) ;
#1122 = ORIENTED_EDGE ( 'NONE', *, *, #1000, .F. ) ;
#1123 = VECTOR ( 'NONE', #607, 1000.000000000000000 ) ;
#1124 = ORIENTED_EDGE ( 'NONE', *, *, #1229, .T. ) ;
#1125 = ADVANCED_FACE ( 'NONE', ( #674 ), #258, .T. ) ;
#1126 = LINE ( 'NONE', #1665, #934 ) ;
#1127 = ORIENTED_EDGE ( 'NONE', *, *, #1050, .T. ) ;
#1128 = EDGE_CURVE ( 'NONE', #1034, #466, #1211, .T. ) ;
#1129 = AXIS2_PLACEMENT_3D ( 'NONE', #856, #1389, #920 ) ;
#1130 = VECTOR ( 'NONE', #1252, 1000.000000000000000 ) ;
#1131 = VECTOR ( 'NONE', #1193, 1000.000000000000000 ) ;
#1132 =( LENGTH_UNIT ( ) NAMED_UNIT ( * ) SI_UNIT ( .MILLI., .METRE. ) );
#1133 = DIRECTION ( 'NONE',  ( -1.000000000000000000, -1.606225440719265381E-16, 0.000000000000000000 ) ) ;
#1134 = DIRECTION ( 'NONE',  ( 0.000000000000000000, 1.000000000000000000, 2.412509384324603169E-16 ) ) ;
#1135 = EDGE_LOOP ( 'NONE', ( #175, #618, #724, #1596 ) ) ;
#1136 = ORIENTED_EDGE ( 'NONE', *, *, #75, .F. ) ;
#1137 = ORIENTED_EDGE ( 'NONE', *, *, #683, .T. ) ;
#1138 = EDGE_CURVE ( 'NONE', #1530, #629, #1333, .T. ) ;
#1139 = DIRECTION ( 'NONE',  ( 0.000000000000000000, 2.412509384324603169E-16, -1.000000000000000000 ) ) ;
#1140 = PLANE ( 'NONE',  #851 ) ;
#1141 = DIRECTION ( 'NONE',  ( -1.000000000000000000, 0.000000000000000000, -0.000000000000000000 ) ) ;
#1142 = ORIENTED_EDGE ( 'NONE', *, *, #1703, .T. ) ;
#1143 = ORIENTED_EDGE ( 'NONE', *, *, #1077, .T. ) ;
#1144 = ORIENTED_EDGE ( 'NONE', *, *, #366, .T. ) ;
#1145 = LINE ( 'NONE', #336, #1188 ) ;
#1146 = ADVANCED_FACE ( 'NONE', ( #1584 ), #1602, .T. ) ;
#1147 = LINE ( 'NONE', #1404, #902 ) ;
#1148 = LINE ( 'NONE', #352, #465 ) ;
#1149 = ORIENTED_EDGE ( 'NONE', *, *, #645, .F. ) ;
#1150 = DIRECTION ( 'NONE',  ( 1.292426430777422502E-16, -1.000000000000000000, 0.000000000000000000 ) ) ;
#1151 = ORIENTED_EDGE ( 'NONE', *, *, #951, .F. ) ;
#1152 = AXIS2_PLACEMENT_3D ( 'NONE', #1097, #820, #961 ) ;
#1153 = LINE ( 'NONE', #1410, #881 ) ;
#1154 = EDGE_LOOP ( 'NONE', ( #1330, #1604, #430, #1343 ) ) ;
#1155 = FACE_OUTER_BOUND ( 'NONE', #1517, .T. ) ;
#1156 = DIRECTION ( 'NONE',  ( 0.000000000000000000, 0.000000000000000000, -1.000000000000000000 ) ) ;
#1157 = DIRECTION ( 'NONE',  ( 1.000000000000000000, 0.000000000000000000, -0.000000000000000000 ) ) ;
#1158 = AXIS2_PLACEMENT_3D ( 'NONE', #395, #262, #1035 ) ;
#1159 = EDGE_LOOP ( 'NONE', ( #40, #804, #1251, #1467 ) ) ;
#1160 = VECTOR ( 'NONE', #1379, 1000.000000000000000 ) ;
#1161 = CARTESIAN_POINT ( 'NONE',  ( -121.7999999999999972, 12.19999999999997797, 55.09999999999995168 ) ) ;
#1162 = VECTOR ( 'NONE', #1720, 1000.000000000000000 ) ;
#1163 = ORIENTED_EDGE ( 'NONE', *, *, #990, .F. ) ;
#1164 = ADVANCED_FACE ( 'NONE', ( #286 ), #549, .F. ) ;
#1165 = ORIENTED_EDGE ( 'NONE', *, *, #1171, .T. ) ;
#1166 = DIRECTION ( 'NONE',  ( 1.000000000000000000, 0.000000000000000000, 0.000000000000000000 ) ) ;
#1167 = CARTESIAN_POINT ( 'NONE',  ( -132.5999999999999943, 39.99999999999997868, 55.09999999999995168 ) ) ;
#1168 = CARTESIAN_POINT ( 'NONE',  ( -132.5999999999999943, 39.99999999999997868, 45.81999999999995765 ) ) ;
#1169 = DIRECTION ( 'NONE',  ( 0.000000000000000000, 0.000000000000000000, 1.000000000000000000 ) ) ;
#1170 = CARTESIAN_POINT ( 'NONE',  ( -134.4000000000000057, 115.0485705712570876, -65.09999999999996589 ) ) ;
#1171 = EDGE_CURVE ( 'NONE', #1288, #37, #532, .T. ) ;
#1172 = VERTEX_POINT ( 'NONE', #1446 ) ;
#1173 = LINE ( 'NONE', #1710, #490 ) ;
#1174 = EDGE_CURVE ( 'NONE', #1254, #1288, #1593, .T. ) ;
#1175 = CARTESIAN_POINT ( 'NONE',  ( -144.4000000000000057, 115.0485705712570876, 23.10000000000000142 ) ) ;
#1176 = CARTESIAN_POINT ( 'NONE',  ( -144.4000000000000057, 112.0485705712571018, 26.04058817645881518 ) ) ;
#1177 = CARTESIAN_POINT ( 'NONE',  ( -144.4000000000000057, 68.11632632648976937, 65.09999999999999432 ) ) ;
#1178 = ADVANCED_FACE ( 'NONE', ( #419 ), #931, .F. ) ;
#1179 = CARTESIAN_POINT ( 'NONE',  ( -132.5999999999999659, 115.0485705712570876, 23.10000000000000142 ) ) ;
#1180 = LINE ( 'NONE', #1587, #1601 ) ;
#1181 = LINE ( 'NONE', #1043, #1575 ) ;
#1182 = DIRECTION ( 'NONE',  ( 1.000000000000000000, 0.000000000000000000, -0.000000000000000000 ) ) ;
#1183 = VECTOR ( 'NONE', #1057, 1000.000000000000000 ) ;
#1184 = CARTESIAN_POINT ( 'NONE',  ( -110.3999999999999915, 102.3485705712570848, -33.39999999999999858 ) ) ;
#1185 = CARTESIAN_POINT ( 'NONE',  ( -24.20000000000002771, 87.04857057125708764, -53.10000000000002274 ) ) ;
#1186 = AXIS2_PLACEMENT_3D ( 'NONE', #304, #25, #424 ) ;
#1187 = PRODUCT_CONTEXT ( 'NONE', #696, 'mechanical' ) ;
#1188 = VECTOR ( 'NONE', #222, 1000.000000000000000 ) ;
#1189 = VECTOR ( 'NONE', #1282, 1000.000000000000000 ) ;
#1190 = CYLINDRICAL_SURFACE ( 'NONE', #854, 10.00000000000000178 ) ;
#1191 = CARTESIAN_POINT ( 'NONE',  ( -132.5999999999999659, 115.0485705712570876, -53.10000000000000853 ) ) ;
#1192 = EDGE_CURVE ( 'NONE', #551, #1380, #994, .T. ) ;
#1193 = DIRECTION ( 'NONE',  ( 0.000000000000000000, 0.000000000000000000, 1.000000000000000000 ) ) ;
#1194 = CARTESIAN_POINT ( 'NONE',  ( -131.8000000000000398, 39.99999999999997868, 45.81999999999995765 ) ) ;
#1195 = DIRECTION ( 'NONE',  ( -1.000000000000000000, 0.000000000000000000, -0.000000000000000000 ) ) ;
#1196 = CYLINDRICAL_SURFACE ( 'NONE', #1464, 9.999999999999994671 ) ;
#1197 = ORIENTED_EDGE ( 'NONE', *, *, #1366, .F. ) ;
#1198 = LINE ( 'NONE', #1, #632 ) ;
#1199 = ORIENTED_EDGE ( 'NONE', *, *, #1699, .F. ) ;
#1200 = LINE ( 'NONE', #396, #1131 ) ;
#1201 = DIRECTION ( 'NONE',  ( 0.000000000000000000, 0.000000000000000000, -1.000000000000000000 ) ) ;
#1202 = ADVANCED_FACE ( 'NONE', ( #426 ), #462, .F. ) ;
#1203 = CARTESIAN_POINT ( 'NONE',  ( 0.000000000000000000, 88.04857057125710185, -33.39999999999999858 ) ) ;
#1204 = VERTEX_POINT ( 'NONE', #565 ) ;
#1205 = ORIENTED_EDGE ( 'NONE', *, *, #1329, .T. ) ;
#1206 = ADVANCED_FACE ( 'NONE', ( #1652 ), #847, .F. ) ;
#1207 = ORIENTED_EDGE ( 'NONE', *, *, #1678, .T. ) ;
#1208 = VECTOR ( 'NONE', #212, 1000.000000000000000 ) ;
#1209 = DIRECTION ( 'NONE',  ( 1.000000000000000000, 1.445602896647339410E-16, 0.000000000000000000 ) ) ;
#1210 = PLANE ( 'NONE',  #1302 ) ;
#1211 = LINE ( 'NONE', #1465, #181 ) ;
#1212 = CARTESIAN_POINT ( 'NONE',  ( -132.6000000000000227, -50.86184100632798533, -172.3104115775857963 ) ) ;
#1213 = AXIS2_PLACEMENT_3D ( 'NONE', #1074, #815, #421 ) ;
#1214 = EDGE_LOOP ( 'NONE', ( #892, #446, #669, #545, #768 ) ) ;
#1215 = EDGE_CURVE ( 'NONE', #1365, #101, #1233, .T. ) ;
#1216 = AXIS2_PLACEMENT_3D ( 'NONE', #633, #226, #1702 ) ;
#1217 = VECTOR ( 'NONE', #1423, 1000.000000000000000 ) ;
#1218 = ORIENTED_EDGE ( 'NONE', *, *, #149, .F. ) ;
#1219 = ORIENTED_EDGE ( 'NONE', *, *, #1387, .T. ) ;
#1220 = CARTESIAN_POINT ( 'NONE',  ( 0.000000000000000000, 75.40204061220407539, 47.95857157145714211 ) ) ;
#1221 = CLOSED_SHELL ( 'NONE', ( #948, #1164, #1202, #777, #184, #232, #145, #1125, #918, #402, #1504, #639, #640, #1408, #1108, #109, #63, #1688, #360, #843, #1178, #173, #616, #407, #124, #863, #732, #381, #1012, #1621, #1206, #448, #1435, #1232, #1116, #609, #1085, #807, #1709, #251, #165, #737, #895, #41, #666, #1146, #288, #456, #812, #587, #501, #1269, #1565, #377, #1259, #710, #588 ) ) ;
#1222 = ORIENTED_EDGE ( 'NONE', *, *, #1033, .T. ) ;
#1223 = PLANE ( 'NONE',  #1413 ) ;
#1224 = CARTESIAN_POINT ( 'NONE',  ( -144.4000000000000057, 105.0485705712570876, -65.09999999999996589 ) ) ;
#1225 = LINE ( 'NONE', #1371, #1377 ) ;
#1226 = DIRECTION ( 'NONE',  ( -3.750753461571475931E-16, 1.000000000000000000, -0.000000000000000000 ) ) ;
#1227 = ORIENTED_EDGE ( 'NONE', *, *, #980, .F. ) ;
#1228 = ORIENTED_EDGE ( 'NONE', *, *, #846, .F. ) ;
#1229 = EDGE_CURVE ( 'NONE', #152, #1261, #1363, .T. ) ;
#1230 = ORIENTED_EDGE ( 'NONE', *, *, #1608, .F. ) ;
#1231 = CYLINDRICAL_SURFACE ( 'NONE', #634, 10.00000000000000000 ) ;
#1232 = ADVANCED_FACE ( 'NONE', ( #857 ), #722, .F. ) ;
#1233 = LINE ( 'NONE', #715, #241 ) ;
#1234 = LINE ( 'NONE', #170, #77 ) ;
#1235 = ORIENTED_EDGE ( 'NONE', *, *, #1329, .F. ) ;
#1236 = ORIENTED_EDGE ( 'NONE', *, *, #763, .T. ) ;
#1237 = CYLINDRICAL_SURFACE ( 'NONE', #520, 10.00000000000000178 ) ;
#1238 = VECTOR ( 'NONE', #444, 1000.000000000000000 ) ;
#1239 = CARTESIAN_POINT ( 'NONE',  ( -10.00000000000000000, 9.999999999999980460, 65.09999999999999432 ) ) ;
#1240 = DIRECTION ( 'NONE',  ( 0.000000000000000000, 2.412509384324603169E-16, -1.000000000000000000 ) ) ;
#1241 = VERTEX_POINT ( 'NONE', #161 ) ;
#1242 = DIRECTION ( 'NONE',  ( -1.000000000000000000, -1.606225440719266613E-16, -0.000000000000000000 ) ) ;
#1243 = VECTOR ( 'NONE', #698, 1000.000000000000000 ) ;
#1244 = ORIENTED_EDGE ( 'NONE', *, *, #23, .F. ) ;
#1245 = AXIS2_PLACEMENT_3D ( 'NONE', #1305, #1685, #98 ) ;
#1246 = PLANE ( 'NONE',  #1388 ) ;
#1247 = EDGE_CURVE ( 'NONE', #883, #1494, #840, .T. ) ;
#1248 = DIRECTION ( 'NONE',  ( 0.000000000000000000, -0.7141428428542851981, 0.6999999999999999556 ) ) ;
#1249 = SPHERICAL_SURFACE ( 'NONE', #493, 10.00000000000000000 ) ;
#1250 = VERTEX_POINT ( 'NONE', #1508 ) ;
#1251 = ORIENTED_EDGE ( 'NONE', *, *, #763, .F. ) ;
#1252 = DIRECTION ( 'NONE',  ( -0.000000000000000000, -0.000000000000000000, 1.000000000000000000 ) ) ;
#1253 = UNCERTAINTY_MEASURE_WITH_UNIT (LENGTH_MEASURE( 1.000000000000000082E-05 ), #1454, 'distance_accuracy_value', 'NONE');
#1254 = VERTEX_POINT ( 'NONE', #690 ) ;
#1255 = CARTESIAN_POINT ( 'NONE',  ( -134.4000000000000057, 105.0485705712570876, 18.89915974791596298 ) ) ;
#1256 = LINE ( 'NONE', #27, #268 ) ;
#1257 = CARTESIAN_POINT ( 'NONE',  ( -134.4000000000000057, 105.0485705712570876, -65.09999999999996589 ) ) ;
#1258 = ORIENTED_EDGE ( 'NONE', *, *, #489, .F. ) ;
#1259 = ADVANCED_FACE ( 'NONE', ( #169 ), #53, .T. ) ;
#1260 = EDGE_CURVE ( 'NONE', #860, #1365, #435, .T. ) ;
#1261 = VERTEX_POINT ( 'NONE', #1239 ) ;
#1262 = DIRECTION ( 'NONE',  ( 0.7071067811865474617, -0.7071067811865474617, 0.000000000000000000 ) ) ;
#1263 = VERTEX_POINT ( 'NONE', #1501 ) ;
#1264 = CARTESIAN_POINT ( 'NONE',  ( -132.5999999999999659, 75.11632632648978358, 62.24142842854283941 ) ) ;
#1265 = CARTESIAN_POINT ( 'NONE',  ( 0.000000000000000000, 9.999999999999984013, -65.09999999999999432 ) ) ;
#1266 = LINE ( 'NONE', #1105, #1243 ) ;
#1267 = EDGE_LOOP ( 'NONE', ( #1610, #477, #702, #1724 ) ) ;
#1268 = ORIENTED_EDGE ( 'NONE', *, *, #1564, .F. ) ;
#1269 = ADVANCED_FACE ( 'NONE', ( #60 ), #186, .T. ) ;
#1270 = ORIENTED_EDGE ( 'NONE', *, *, #1485, .T. ) ;
#1271 = VECTOR ( 'NONE', #255, 1000.000000000000000 ) ;
#1272 = AXIS2_PLACEMENT_3D ( 'NONE', #904, #1541, #1436 ) ;
#1273 =( NAMED_UNIT ( * ) SI_UNIT ( $, .STERADIAN. ) SOLID_ANGLE_UNIT ( ) );
#1274 = DIRECTION ( 'NONE',  ( -1.445602896647339410E-16, 1.000000000000000000, 2.412509384324603169E-16 ) ) ;
#1275 = DIRECTION ( 'NONE',  ( 0.000000000000000000, 1.000000000000000000, -0.000000000000000000 ) ) ;
#1276 = ORIENTED_EDGE ( 'NONE', *, *, #136, .T. ) ;
#1277 = ORIENTED_EDGE ( 'NONE', *, *, #1633, .F. ) ;
#1278 = CARTESIAN_POINT ( 'NONE',  ( 0.000000000000000000, 0.000000000000000000, -33.39999999999999858 ) ) ;
#1279 = VERTEX_POINT ( 'NONE', #1390 ) ;
#1280 = EDGE_CURVE ( 'NONE', #544, #964, #1225, .T. ) ;
#1281 = PRODUCT_DEFINITION_SHAPE ( 'NONE', 'NONE',  #313 ) ;
#1282 = DIRECTION ( 'NONE',  ( 1.292426430777422502E-16, -1.000000000000000000, -0.000000000000000000 ) ) ;
#1283 = CARTESIAN_POINT ( 'NONE',  ( -11.79999999999999183, 39.99999999999999289, 55.09999999999995168 ) ) ;
#1284 = DIRECTION ( 'NONE',  ( 1.000000000000000000, 0.000000000000000000, 0.000000000000000000 ) ) ;
#1285 = EDGE_CURVE ( 'NONE', #1241, #1286, #1256, .T. ) ;
#1286 = VERTEX_POINT ( 'NONE', #1120 ) ;
#1287 = VERTEX_POINT ( 'NONE', #1088 ) ;
#1288 = VERTEX_POINT ( 'NONE', #833 ) ;
#1289 = CARTESIAN_POINT ( 'NONE',  ( -134.4000000000000057, -1.533257792532486074E-14, -65.09999999999999432 ) ) ;
#1290 = LINE ( 'NONE', #739, #1514 ) ;
#1291 = EDGE_CURVE ( 'NONE', #371, #975, #177, .T. ) ;
#1292 = DIRECTION ( 'NONE',  ( -1.000000000000000000, -1.445602896647339410E-16, -0.000000000000000000 ) ) ;
#1293 = ORIENTED_EDGE ( 'NONE', *, *, #1703, .F. ) ;
#1294 = DIRECTION ( 'NONE',  ( 1.000000000000000000, 1.292426430777422502E-16, 3.117990892799683751E-32 ) ) ;
#1295 = ORIENTED_EDGE ( 'NONE', *, *, #1128, .T. ) ;
#1296 = SPHERICAL_SURFACE ( 'NONE', #104, 10.00000000000000000 ) ;
#1297 = DIRECTION ( 'NONE',  ( 0.000000000000000000, 1.000000000000000000, -0.000000000000000000 ) ) ;
#1298 = FACE_OUTER_BOUND ( 'NONE', #973, .T. ) ;
#1299 = AXIS2_PLACEMENT_3D ( 'NONE', #441, #65, #320 ) ;
#1300 = CARTESIAN_POINT ( 'NONE',  ( -22.59999999999999076, 29.99999999999998224, 55.09999999999995168 ) ) ;
#1301 = EDGE_CURVE ( 'NONE', #1250, #150, #576, .T. ) ;
#1302 = AXIS2_PLACEMENT_3D ( 'NONE', #1500, #564, #52 ) ;
#1303 = ORIENTED_EDGE ( 'NONE', *, *, #479, .T. ) ;
#1304 = PLANE ( 'NONE',  #73 ) ;
#1305 = CARTESIAN_POINT ( 'NONE',  ( -10.00000000000000000, 105.0485705712570876, 18.89915974791595943 ) ) ;
#1306 = DIRECTION ( 'NONE',  ( 0.000000000000000000, 0.000000000000000000, -1.000000000000000000 ) ) ;
#1307 = DIRECTION ( 'NONE',  ( 0.000000000000000000, -1.000000000000000000, -0.000000000000000000 ) ) ;
#1308 = EDGE_CURVE ( 'NONE', #733, #172, #323, .T. ) ;
#1309 = ORIENTED_EDGE ( 'NONE', *, *, #260, .F. ) ;
#1310 = APPLICATION_PROTOCOL_DEFINITION ( 'draft international standard', 'automotive_design', 1998, #39 ) ;
#1311 = EDGE_CURVE ( 'NONE', #604, #2, #1290, .T. ) ;
#1312 = CARTESIAN_POINT ( 'NONE',  ( -132.5999999999999943, 78.04857057125710185, -43.40000000000003411 ) ) ;
#1313 = PLANE ( 'NONE',  #1691 ) ;
#1314 = CARTESIAN_POINT ( 'NONE',  ( -144.4000000000000057, 112.0485705712571018, 26.04058817645881518 ) ) ;
#1315 = ORIENTED_EDGE ( 'NONE', *, *, #114, .F. ) ;
#1316 = CARTESIAN_POINT ( 'NONE',  ( -134.4000000000000057, 72.19999999999998863, 65.09999999999999432 ) ) ;
#1317 = FACE_OUTER_BOUND ( 'NONE', #1619, .T. ) ;
#1318 = EDGE_CURVE ( 'NONE', #838, #46, #1540, .T. ) ;
#1319 = LINE ( 'NONE', #955, #1546 ) ;
#1320 = LINE ( 'NONE', #503, #1271 ) ;
#1321 = LINE ( 'NONE', #547, #517 ) ;
#1322 = CARTESIAN_POINT ( 'NONE',  ( -132.5999999999999659, 78.04857057125710185, -53.09999999999999432 ) ) ;
#1323 = CARTESIAN_POINT ( 'NONE',  ( -10.00000000000000000, 9.999999999999984013, 55.09999999999998721 ) ) ;
#1324 = LINE ( 'NONE', #1351, #439 ) ;
#1325 = VECTOR ( 'NONE', #499, 999.9999999999998863 ) ;
#1326 = AXIS2_PLACEMENT_3D ( 'NONE', #1707, #922, #1589 ) ;
#1327 = ORIENTED_EDGE ( 'NONE', *, *, #1429, .T. ) ;
#1328 = CARTESIAN_POINT ( 'NONE',  ( -144.4000000000000057, 0.000000000000000000, 0.000000000000000000 ) ) ;
#1329 = EDGE_CURVE ( 'NONE', #1106, #163, #636, .T. ) ;
#1330 = ORIENTED_EDGE ( 'NONE', *, *, #1291, .F. ) ;
#1331 = CARTESIAN_POINT ( 'NONE',  ( -11.79999999999999183, 39.99999999999999289, 45.81999999999991502 ) ) ;
#1332 = CARTESIAN_POINT ( 'NONE',  ( -134.4000000000000057, 75.11632632648978358, 62.24142842854283941 ) ) ;
#1333 = LINE ( 'NONE', #514, #100 ) ;
#1334 = EDGE_CURVE ( 'NONE', #1344, #1204, #504, .T. ) ;
#1335 = ORIENTED_EDGE ( 'NONE', *, *, #1583, .T. ) ;
#1336 = ORIENTED_EDGE ( 'NONE', *, *, #1291, .T. ) ;
#1337 = DIRECTION ( 'NONE',  ( -0.7071067811865474617, 0.7071067811865474617, 0.000000000000000000 ) ) ;
#1338 = ORIENTED_EDGE ( 'NONE', *, *, #846, .T. ) ;
#1339 = CARTESIAN_POINT ( 'NONE',  ( -144.4000000000000057, 115.0485705712570876, -65.09999999999996589 ) ) ;
#1340 = CARTESIAN_POINT ( 'NONE',  ( -11.80000000000000426, 102.3485705712570848, -43.40000000000001990 ) ) ;
#1341 = DIRECTION ( 'NONE',  ( 0.000000000000000000, 0.000000000000000000, -1.000000000000000000 ) ) ;
#1342 = CYLINDRICAL_SURFACE ( 'NONE', #572, 9.999999999999996447 ) ;
#1343 = ORIENTED_EDGE ( 'NONE', *, *, #899, .T. ) ;
#1344 = VERTEX_POINT ( 'NONE', #1019 ) ;
#1345 = DIRECTION ( 'NONE',  ( 0.000000000000000000, 0.000000000000000000, 1.000000000000000000 ) ) ;
#1346 = AXIS2_PLACEMENT_3D ( 'NONE', #1053, #1341, #1195 ) ;
#1347 = EDGE_LOOP ( 'NONE', ( #93, #620, #234, #700 ) ) ;
#1348 = LINE ( 'NONE', #642, #602 ) ;
#1349 = CARTESIAN_POINT ( 'NONE',  ( -121.7999999999999972, 29.99999999999994316, 55.09999999999995168 ) ) ;
#1350 = DIRECTION ( 'NONE',  ( 0.000000000000000000, 0.000000000000000000, -1.000000000000000000 ) ) ;
#1351 = CARTESIAN_POINT ( 'NONE',  ( -11.80000000000000426, 115.0485705712570876, 23.10000000000000142 ) ) ;
#1352 = ORIENTED_EDGE ( 'NONE', *, *, #56, .F. ) ;
#1353 = EDGE_CURVE ( 'NONE', #1013, #1697, #1424, .T. ) ;
#1354 = AXIS2_PLACEMENT_3D ( 'NONE', #834, #585, #36 ) ;
#1355 = VECTOR ( 'NONE', #1166, 1000.000000000000000 ) ;
#1356 = VECTOR ( 'NONE', #417, 1000.000000000000000 ) ;
#1357 = EDGE_LOOP ( 'NONE', ( #1369, #198, #1664, #1007 ) ) ;
#1358 = DIRECTION ( 'NONE',  ( -0.000000000000000000, -1.000000000000000000, 0.000000000000000000 ) ) ;
#1359 = EDGE_CURVE ( 'NONE', #825, #455, #1694, .T. ) ;
#1360 = CIRCLE ( 'NONE', #1441, 9.999999999999998224 ) ;
#1361 = EDGE_LOOP ( 'NONE', ( #1352, #849, #1163 ) ) ;
#1362 = FACE_OUTER_BOUND ( 'NONE', #1689, .T. ) ;
#1363 = LINE ( 'NONE', #969, #1014 ) ;
#1364 = LINE ( 'NONE', #1525, #546 ) ;
#1365 = VERTEX_POINT ( 'NONE', #368 ) ;
#1366 = EDGE_CURVE ( 'NONE', #1013, #455, #496, .T. ) ;
#1367 = EDGE_LOOP ( 'NONE', ( #78, #1073, #233 ) ) ;
#1368 = EDGE_CURVE ( 'NONE', #733, #1254, #707, .T. ) ;
#1369 = ORIENTED_EDGE ( 'NONE', *, *, #1513, .F. ) ;
#1370 = DIRECTION ( 'NONE',  ( 1.000000000000000000, 0.000000000000000000, 0.000000000000000000 ) ) ;
#1371 = CARTESIAN_POINT ( 'NONE',  ( -144.4000000000000057, 9.999999999999984013, 0.000000000000000000 ) ) ;
#1372 = DIRECTION ( 'NONE',  ( 1.000000000000000000, 0.000000000000000000, 0.000000000000000000 ) ) ;
#1373 = ORIENTED_EDGE ( 'NONE', *, *, #1460, .T. ) ;
#1374 = ORIENTED_EDGE ( 'NONE', *, *, #553, .F. ) ;
#1375 = EDGE_CURVE ( 'NONE', #1392, #209, #749, .T. ) ;
#1376 = CARTESIAN_POINT ( 'NONE',  ( -144.4000000000000057, 115.0485705712570876, -65.09999999999996589 ) ) ;
#1377 = VECTOR ( 'NONE', #1623, 1000.000000000000000 ) ;
#1378 = CARTESIAN_POINT ( 'NONE',  ( -144.4000000000000057, 105.0485705712570876, 0.000000000000000000 ) ) ;
#1379 = DIRECTION ( 'NONE',  ( -0.000000000000000000, 1.000000000000000000, -0.000000000000000000 ) ) ;
#1380 = VERTEX_POINT ( 'NONE', #471 ) ;
#1381 = AXIS2_PLACEMENT_3D ( 'NONE', #1328, #254, #134 ) ;
#1382 = CARTESIAN_POINT ( 'NONE',  ( -132.5999999999999943, 12.19999999999997620, -235.3722525839134221 ) ) ;
#1383 = AXIS2_PLACEMENT_3D ( 'NONE', #244, #1442, #253 ) ;
#1384 = VECTOR ( 'NONE', #392, 1000.000000000000114 ) ;
#1385 = ORIENTED_EDGE ( 'NONE', *, *, #628, .F. ) ;
#1386 = CIRCLE ( 'NONE', #1272, 10.00000000000000178 ) ;
#1387 = EDGE_CURVE ( 'NONE', #1025, #1263, #362, .T. ) ;
#1388 = AXIS2_PLACEMENT_3D ( 'NONE', #976, #1370, #688 ) ;
#1389 = DIRECTION ( 'NONE',  ( 0.000000000000000000, 0.000000000000000000, 1.000000000000000000 ) ) ;
#1390 = CARTESIAN_POINT ( 'NONE',  ( -24.20000000000002771, 87.04857057125708764, -43.40000000000001990 ) ) ;
#1391 = DIRECTION ( 'NONE',  ( 0.000000000000000000, 1.000000000000000000, -0.000000000000000000 ) ) ;
#1392 = VERTEX_POINT ( 'NONE', #864 ) ;
#1393 = ORIENTED_EDGE ( 'NONE', *, *, #1280, .T. ) ;
#1394 = ORIENTED_EDGE ( 'NONE', *, *, #913, .T. ) ;
#1395 = FACE_OUTER_BOUND ( 'NONE', #785, .T. ) ;
#1396 = DIRECTION ( 'NONE',  ( 1.292426430777422502E-16, -1.000000000000000000, -0.000000000000000000 ) ) ;
#1397 = DIRECTION ( 'NONE',  ( 0.000000000000000000, 0.000000000000000000, 1.000000000000000000 ) ) ;
#1398 = EDGE_LOOP ( 'NONE', ( #586, #1579, #592, #1645, #979, #58 ) ) ;
#1399 = EDGE_CURVE ( 'NONE', #1657, #860, #1002, .T. ) ;
#1400 = ORIENTED_EDGE ( 'NONE', *, *, #1192, .F. ) ;
#1401 = DIRECTION ( 'NONE',  ( -1.000000000000000000, 0.000000000000000000, 0.000000000000000000 ) ) ;
#1402 = ORIENTED_EDGE ( 'NONE', *, *, #1050, .F. ) ;
#1403 = CARTESIAN_POINT ( 'NONE',  ( -22.59999999999999076, 39.99999999999999289, 45.81999999999995765 ) ) ;
#1404 = CARTESIAN_POINT ( 'NONE',  ( -22.59999999999999076, 39.99999999999999289, 55.09999999999995168 ) ) ;
#1405 = PLANE ( 'NONE',  #1666 ) ;
#1406 = ORIENTED_EDGE ( 'NONE', *, *, #489, .T. ) ;
#1407 = LINE ( 'NONE', #1006, #275 ) ;
#1408 = ADVANCED_FACE ( 'NONE', ( #230 ), #1140, .F. ) ;
#1409 = ORIENTED_EDGE ( 'NONE', *, *, #1046, .T. ) ;
#1410 = CARTESIAN_POINT ( 'NONE',  ( -132.5999999999999943, 115.0485705712570876, -33.39999999999999858 ) ) ;
#1411 = EDGE_LOOP ( 'NONE', ( #171, #1732, #563, #1681 ) ) ;
#1412 = VECTOR ( 'NONE', #373, 1000.000000000000000 ) ;
#1413 = AXIS2_PLACEMENT_3D ( 'NONE', #1489, #156, #1150 ) ;
#1414 = LINE ( 'NONE', #889, #745 ) ;
#1415 = DIRECTION ( 'NONE',  ( 3.750753461571475931E-16, -1.000000000000000000, 0.000000000000000000 ) ) ;
#1416 = CIRCLE ( 'NONE', #1639, 9.999999999999998224 ) ;
#1417 = CARTESIAN_POINT ( 'NONE',  ( -11.79999999999999893, 78.04857057125711606, -33.39999999999999858 ) ) ;
#1418 = AXIS2_PLACEMENT_3D ( 'NONE', #1114, #463, #1397 ) ;
#1419 = ORIENTED_EDGE ( 'NONE', *, *, #114, .T. ) ;
#1420 = CARTESIAN_POINT ( 'NONE',  ( -132.5999999999999943, 39.99999999999997868, 55.09999999999998010 ) ) ;
#1421 = VERTEX_POINT ( 'NONE', #729 ) ;
#1422 = EDGE_CURVE ( 'NONE', #1421, #1380, #1147, .T. ) ;
#1423 = DIRECTION ( 'NONE',  ( 1.292426430777422502E-16, -1.000000000000000000, -0.000000000000000000 ) ) ;
#1424 = LINE ( 'NONE', #1168, #1040 ) ;
#1425 = CARTESIAN_POINT ( 'NONE',  ( -11.79999999999999538, 68.11632632648976937, 65.09999999999999432 ) ) ;
#1426 = EDGE_LOOP ( 'NONE', ( #752, #535, #1076, #844 ) ) ;
#1427 = CARTESIAN_POINT ( 'NONE',  ( -132.5999999999999943, 12.19999999999993356, -53.10000000000000853 ) ) ;
#1428 = ORIENTED_EDGE ( 'NONE', *, *, #531, .F. ) ;
#1429 = EDGE_CURVE ( 'NONE', #449, #55, #870, .T. ) ;
#1430 = DIRECTION ( 'NONE',  ( 0.000000000000000000, 0.000000000000000000, -1.000000000000000000 ) ) ;
#1431 = PLANE ( 'NONE',  #11 ) ;
#1432 = PLANE ( 'NONE',  #409 ) ;
#1433 = DIRECTION ( 'NONE',  ( 0.000000000000000000, -1.000000000000000000, 0.000000000000000000 ) ) ;
#1434 = FACE_OUTER_BOUND ( 'NONE', #72, .T. ) ;
#1435 = ADVANCED_FACE ( 'NONE', ( #223 ), #1431, .F. ) ;
#1436 = DIRECTION ( 'NONE',  ( 0.000000000000000000, 0.000000000000000000, 1.000000000000000000 ) ) ;
#1437 =( GEOMETRIC_REPRESENTATION_CONTEXT ( 3 ) GLOBAL_UNCERTAINTY_ASSIGNED_CONTEXT ( ( #1253 ) ) GLOBAL_UNIT_ASSIGNED_CONTEXT ( ( #1454, #269, #1039 ) ) REPRESENTATION_CONTEXT ( 'NONE', 'WORKASPACE' ) );
#1438 = AXIS2_PLACEMENT_3D ( 'NONE', #107, #1292, #625 ) ;
#1439 = DIRECTION ( 'NONE',  ( -0.000000000000000000, -0.000000000000000000, 1.000000000000000000 ) ) ;
#1440 = EDGE_CURVE ( 'NONE', #152, #437, #1631, .T. ) ;
#1441 = AXIS2_PLACEMENT_3D ( 'NONE', #315, #839, #1642 ) ;
#1442 = DIRECTION ( 'NONE',  ( 0.000000000000000000, 0.000000000000000000, 1.000000000000000000 ) ) ;
#1443 = FACE_OUTER_BOUND ( 'NONE', #1361, .T. ) ;
#1444 = CYLINDRICAL_SURFACE ( 'NONE', #1102, 10.00000000000000888 ) ;
#1445 = DIRECTION ( 'NONE',  ( -1.651787139600192166E-16, -0.7141428428542850870, 0.6999999999999999556 ) ) ;
#1446 = CARTESIAN_POINT ( 'NONE',  ( -10.00000000000000888, 112.0485705712571018, 26.04058817645881518 ) ) ;
#1447 = LINE ( 'NONE', #525, #406 ) ;
#1448 = LINE ( 'NONE', #1220, #1662 ) ;
#1449 = DIRECTION ( 'NONE',  ( -1.292426430777422502E-16, 1.000000000000000000, 0.000000000000000000 ) ) ;
#1450 = CARTESIAN_POINT ( 'NONE',  ( -11.80000000000000426, 102.3485705712570848, -174.5657564912843611 ) ) ;
#1451 = PLANE ( 'NONE',  #1075 ) ;
#1452 = CARTESIAN_POINT ( 'NONE',  ( -132.5999999999999943, 12.19999999999997620, -235.3722525839134221 ) ) ;
#1453 = LINE ( 'NONE', #1089, #770 ) ;
#1454 =( LENGTH_UNIT ( ) NAMED_UNIT ( * ) SI_UNIT ( .MILLI., .METRE. ) );
#1455 = EDGE_CURVE ( 'NONE', #101, #1586, #598, .T. ) ;
#1456 = ORIENTED_EDGE ( 'NONE', *, *, #1729, .F. ) ;
#1457 = VECTOR ( 'NONE', #1133, 1000.000000000000000 ) ;
#1458 = DIRECTION ( 'NONE',  ( -1.000000000000000000, -1.445602896647339410E-16, -0.000000000000000000 ) ) ;
#1459 = DIRECTION ( 'NONE',  ( 0.000000000000000000, -0.7141428428542851981, 0.6999999999999999556 ) ) ;
#1460 = EDGE_CURVE ( 'NONE', #1261, #135, #237, .T. ) ;
#1461 = FACE_OUTER_BOUND ( 'NONE', #872, .T. ) ;
#1462 = DIRECTION ( 'NONE',  ( 0.000000000000000000, -5.551115123125782702E-15, -1.000000000000000000 ) ) ;
#1463 = VECTOR ( 'NONE', #1242, 1000.000000000000000 ) ;
#1464 = AXIS2_PLACEMENT_3D ( 'NONE', #1061, #17, #932 ) ;
#1465 = CARTESIAN_POINT ( 'NONE',  ( -34.00000000000000000, 88.04857057125710185, -33.39999999999999858 ) ) ;
#1466 = LINE ( 'NONE', #1585, #651 ) ;
#1467 = ORIENTED_EDGE ( 'NONE', *, *, #1717, .T. ) ;
#1468 = CIRCLE ( 'NONE', #1245, 10.00000000000000000 ) ;
#1469 = ORIENTED_EDGE ( 'NONE', *, *, #1668, .F. ) ;
#1470 = DIRECTION ( 'NONE',  ( 1.000000000000000000, 0.000000000000000000, -0.000000000000000000 ) ) ;
#1471 = EDGE_LOOP ( 'NONE', ( #627, #926, #1303, #560 ) ) ;
#1472 = EDGE_CURVE ( 'NONE', #975, #706, #301, .T. ) ;
#1473 = DIRECTION ( 'NONE',  ( -1.000000000000000000, -1.606225440719266613E-16, -0.000000000000000000 ) ) ;
#1474 = DIRECTION ( 'NONE',  ( -0.000000000000000000, 0.7141428428542850870, -0.6999999999999999556 ) ) ;
#1475 = DIRECTION ( 'NONE',  ( 0.000000000000000000, 0.000000000000000000, -1.000000000000000000 ) ) ;
#1476 = DIRECTION ( 'NONE',  ( 0.000000000000000000, -1.000000000000000000, -5.551115123125781913E-15 ) ) ;
#1477 = EDGE_LOOP ( 'NONE', ( #1406, #349, #725, #303 ) ) ;
#1478 = ORIENTED_EDGE ( 'NONE', *, *, #836, .T. ) ;
#1479 = ORIENTED_EDGE ( 'NONE', *, *, #1000, .T. ) ;
#1480 = EDGE_CURVE ( 'NONE', #717, #1115, #1056, .T. ) ;
#1481 = LINE ( 'NONE', #1339, #966 ) ;
#1482 = DIRECTION ( 'NONE',  ( 0.000000000000000000, -1.000000000000000000, 0.000000000000000000 ) ) ;
#1483 = CARTESIAN_POINT ( 'NONE',  ( -110.3999999999999915, 115.0485705712571018, -33.39999999999999858 ) ) ;
#1484 = VERTEX_POINT ( 'NONE', #1725 ) ;
#1485 = EDGE_CURVE ( 'NONE', #458, #946, #10, .T. ) ;
#1486 = DIRECTION ( 'NONE',  ( 0.000000000000000000, 0.000000000000000000, -1.000000000000000000 ) ) ;
#1487 = AXIS2_PLACEMENT_3D ( 'NONE', #1323, #783, #1475 ) ;
#1488 = VERTEX_POINT ( 'NONE', #394 ) ;
#1489 = CARTESIAN_POINT ( 'NONE',  ( -121.7999999999999972, 39.99999999999997868, 55.09999999999995168 ) ) ;
#1490 = CARTESIAN_POINT ( 'NONE',  ( -24.20000000000002771, 87.04857057125708764, -43.40000000000001990 ) ) ;
#1491 = EDGE_CURVE ( 'NONE', #483, #733, #947, .T. ) ;
#1492 = DIRECTION ( 'NONE',  ( 0.000000000000000000, -0.000000000000000000, 1.000000000000000000 ) ) ;
#1493 = FACE_OUTER_BOUND ( 'NONE', #1536, .T. ) ;
#1494 = VERTEX_POINT ( 'NONE', #939 ) ;
#1495 = CIRCLE ( 'NONE', #1158, 10.00000000000000000 ) ;
#1496 = VECTOR ( 'NONE', #1696, 1000.000000000000000 ) ;
#1497 = ORIENTED_EDGE ( 'NONE', *, *, #1472, .T. ) ;
#1498 = AXIS2_PLACEMENT_3D ( 'NONE', #530, #774, #1201 ) ;
#1499 = ORIENTED_EDGE ( 'NONE', *, *, #319, .T. ) ;
#1500 = CARTESIAN_POINT ( 'NONE',  ( -144.4000000000000057, 72.19999999999998863, 65.09999999999999432 ) ) ;
#1501 = CARTESIAN_POINT ( 'NONE',  ( -110.3999999999999773, 78.04857057125710185, -43.40000000000003411 ) ) ;
#1502 = DIRECTION ( 'NONE',  ( -1.000000000000000000, 0.000000000000000000, 0.000000000000000000 ) ) ;
#1503 = ORIENTED_EDGE ( 'NONE', *, *, #980, .T. ) ;
#1504 = ADVANCED_FACE ( 'NONE', ( #1716 ), #536, .T. ) ;
#1505 = LINE ( 'NONE', #861, #1690 ) ;
#1506 = EDGE_LOOP ( 'NONE', ( #996, #1607, #1626 ) ) ;
#1507 = LINE ( 'NONE', #1599, #771 ) ;
#1508 = CARTESIAN_POINT ( 'NONE',  ( -12.60000000000001030, 39.99999999999999289, 45.81999999999995765 ) ) ;
#1509 = CARTESIAN_POINT ( 'NONE',  ( -10.00000000000000000, 9.999999999999984013, 55.09999999999998721 ) ) ;
#1510 = ORIENTED_EDGE ( 'NONE', *, *, #423, .T. ) ;
#1511 = EDGE_CURVE ( 'NONE', #155, #838, #387, .T. ) ;
#1512 = ORIENTED_EDGE ( 'NONE', *, *, #1024, .T. ) ;
#1513 = EDGE_CURVE ( 'NONE', #1686, #37, #626, .T. ) ;
#1514 = VECTOR ( 'NONE', #106, 1000.000000000000000 ) ;
#1515 = CARTESIAN_POINT ( 'NONE',  ( -5.552540515238738499E-15, 39.99999999999999289, 1.098929584676774556E-30 ) ) ;
#1516 = CARTESIAN_POINT ( 'NONE',  ( -132.5999999999999659, 87.04857057125708764, -43.40000000000000568 ) ) ;
#1517 = EDGE_LOOP ( 'NONE', ( #1230, #1667, #1258, #326, #420 ) ) ;
#1518 = ORIENTED_EDGE ( 'NONE', *, *, #747, .T. ) ;
#1519 = FACE_OUTER_BOUND ( 'NONE', #1477, .T. ) ;
#1520 = CIRCLE ( 'NONE', #908, 10.00000000000000178 ) ;
#1521 = AXIS2_PLACEMENT_3D ( 'NONE', #1580, #1430, #635 ) ;
#1522 = ORIENTED_EDGE ( 'NONE', *, *, #903, .F. ) ;
#1523 = CARTESIAN_POINT ( 'NONE',  ( -132.5999999999999943, 39.99999999999997868, 55.09999999999995168 ) ) ;
#1524 = DIRECTION ( 'NONE',  ( 1.000000000000000000, 1.606225440719265874E-16, 0.000000000000000000 ) ) ;
#1525 = CARTESIAN_POINT ( 'NONE',  ( -34.00000000000000000, 115.0485705712571161, -33.39999999999999858 ) ) ;
#1526 = ORIENTED_EDGE ( 'NONE', *, *, #1301, .F. ) ;
#1527 = EDGE_LOOP ( 'NONE', ( #886, #469, #219, #482, #1081, #1646, #1615, #1428 ) ) ;
#1528 = DIRECTION ( 'NONE',  ( 0.000000000000000000, 0.000000000000000000, -1.000000000000000000 ) ) ;
#1529 = UNCERTAINTY_MEASURE_WITH_UNIT (LENGTH_MEASURE( 1.000000000000000082E-05 ), #1132, 'distance_accuracy_value', 'NONE');
#1530 = VERTEX_POINT ( 'NONE', #154 ) ;
#1531 = CARTESIAN_POINT ( 'NONE',  ( -11.80000000000000249, 115.0485705712571018, -33.39999999999999858 ) ) ;
#1532 = EDGE_CURVE ( 'NONE', #150, #1421, #1319, .T. ) ;
#1533 = DIRECTION ( 'NONE',  ( 1.292426430777422502E-16, -1.000000000000000000, -0.000000000000000000 ) ) ;
#1534 = DIRECTION ( 'NONE',  ( 1.000000000000000000, 0.000000000000000000, 0.000000000000000000 ) ) ;
#1535 = ORIENTED_EDGE ( 'NONE', *, *, #479, .F. ) ;
#1536 = EDGE_LOOP ( 'NONE', ( #1542, #631, #1518, #542, #1197 ) ) ;
#1537 = EDGE_CURVE ( 'NONE', #537, #142, #919, .T. ) ;
#1538 = ORIENTED_EDGE ( 'NONE', *, *, #1429, .F. ) ;
#1539 = DIRECTION ( 'NONE',  ( -0.000000000000000000, 1.000000000000000000, -0.000000000000000000 ) ) ;
#1540 = LINE ( 'NONE', #81, #68 ) ;
#1541 = DIRECTION ( 'NONE',  ( 0.000000000000000000, 1.000000000000000000, -0.000000000000000000 ) ) ;
#1542 = ORIENTED_EDGE ( 'NONE', *, *, #521, .F. ) ;
#1543 = AXIS2_PLACEMENT_3D ( 'NONE', #1614, #131, #660 ) ;
#1544 = EDGE_CURVE ( 'NONE', #1488, #227, #1448, .T. ) ;
#1545 = ORIENTED_EDGE ( 'NONE', *, *, #384, .T. ) ;
#1546 = VECTOR ( 'NONE', #281, 999.9999999999998863 ) ;
#1547 = DIRECTION ( 'NONE',  ( 0.000000000000000000, 0.000000000000000000, -1.000000000000000000 ) ) ;
#1548 = ORIENTED_EDGE ( 'NONE', *, *, #1608, .T. ) ;
#1549 = AXIS2_PLACEMENT_3D ( 'NONE', #622, #772, #896 ) ;
#1550 = VECTOR ( 'NONE', #284, 1000.000000000000000 ) ;
#1551 = CARTESIAN_POINT ( 'NONE',  ( -110.3999999999999773, 102.3485705712570848, -33.39999999999999858 ) ) ;
#1552 = DIRECTION ( 'NONE',  ( -1.000000000000000000, -3.750753461571475931E-16, 0.000000000000000000 ) ) ;
#1553 = VECTOR ( 'NONE', #512, 1000.000000000000000 ) ;
#1554 = CARTESIAN_POINT ( 'NONE',  ( -10.00000000000000888, 105.0485705712570876, 18.89915974791595943 ) ) ;
#1555 = EDGE_LOOP ( 'NONE', ( #343, #1165, #1510, #1244 ) ) ;
#1556 = VERTEX_POINT ( 'NONE', #415 ) ;
#1557 = EDGE_CURVE ( 'NONE', #1263, #965, #779, .T. ) ;
#1558 = FACE_OUTER_BOUND ( 'NONE', #578, .T. ) ;
#1559 = CARTESIAN_POINT ( 'NONE',  ( -134.4000000000000057, -1.533257792532486074E-14, 55.09999999999998721 ) ) ;
#1560 = CARTESIAN_POINT ( 'NONE',  ( -11.79999999999999183, 39.99999999999999289, 55.09999999999995168 ) ) ;
#1561 = LINE ( 'NONE', #1010, #1605 ) ;
#1562 = CARTESIAN_POINT ( 'NONE',  ( -11.79999999999999893, 78.04857057125711606, -53.09999999999999432 ) ) ;
#1563 = ORIENTED_EDGE ( 'NONE', *, *, #271, .T. ) ;
#1564 = EDGE_CURVE ( 'NONE', #437, #292, #1198, .T. ) ;
#1565 = ADVANCED_FACE ( 'NONE', ( #122 ), #1190, .T. ) ;
#1566 = DIRECTION ( 'NONE',  ( 1.000000000000000000, 0.000000000000000000, 0.000000000000000000 ) ) ;
#1567 = FACE_OUTER_BOUND ( 'NONE', #1367, .T. ) ;
#1568 = CARTESIAN_POINT ( 'NONE',  ( -10.00000000000000000, -1.533257792532486074E-14, 55.09999999999998010 ) ) ;
#1569 = CARTESIAN_POINT ( 'NONE',  ( -34.00000000000000000, 78.04857057125711606, -43.40000000000003411 ) ) ;
#1570 = DIRECTION ( 'NONE',  ( 1.000000000000000000, 1.606225440719265381E-16, 0.000000000000000000 ) ) ;
#1571 = CIRCLE ( 'NONE', #826, 10.00000000000000000 ) ;
#1572 = EDGE_CURVE ( 'NONE', #867, #1107, #554, .T. ) ;
#1573 = DIRECTION ( 'NONE',  ( 1.000000000000000000, 0.000000000000000000, 0.000000000000000000 ) ) ;
#1574 = CIRCLE ( 'NONE', #769, 10.00000000000000178 ) ;
#1575 = VECTOR ( 'NONE', #1573, 1000.000000000000000 ) ;
#1576 = FACE_OUTER_BOUND ( 'NONE', #842, .T. ) ;
#1577 = PLANE ( 'NONE',  #676 ) ;
#1578 = AXIS2_PLACEMENT_3D ( 'NONE', #818, #294, #185 ) ;
#1579 = ORIENTED_EDGE ( 'NONE', *, *, #461, .F. ) ;
#1580 = CARTESIAN_POINT ( 'NONE',  ( -10.00000000000000000, 105.0485705712570876, 0.000000000000000000 ) ) ;
#1581 = LINE ( 'NONE', #382, #1550 ) ;
#1582 = CARTESIAN_POINT ( 'NONE',  ( -11.79999999999998828, 12.19999999999999218, 65.09999999999999432 ) ) ;
#1583 = EDGE_CURVE ( 'NONE', #537, #604, #174, .T. ) ;
#1584 = FACE_OUTER_BOUND ( 'NONE', #1708, .T. ) ;
#1585 = CARTESIAN_POINT ( 'NONE',  ( 0.000000000000000000, 105.0485705712570876, 18.89915974791595943 ) ) ;
#1586 = VERTEX_POINT ( 'NONE', #38 ) ;
#1587 = CARTESIAN_POINT ( 'NONE',  ( -11.80000000000003268, 87.04857057125708764, -53.10000000000002274 ) ) ;
#1588 = DIRECTION ( 'NONE',  ( -1.000000000000000000, 0.000000000000000000, 0.000000000000000000 ) ) ;
#1589 = DIRECTION ( 'NONE',  ( 0.000000000000000000, 0.000000000000000000, 1.000000000000000000 ) ) ;
#1590 = DIRECTION ( 'NONE',  ( 0.000000000000000000, 0.000000000000000000, 1.000000000000000000 ) ) ;
#1591 = CARTESIAN_POINT ( 'NONE',  ( -22.59999999999998721, 12.19999999999999041, 45.81999999999991502 ) ) ;
#1592 = EDGE_CURVE ( 'NONE', #371, #596, #429, .T. ) ;
#1593 = CIRCLE ( 'NONE', #1543, 10.00000000000000000 ) ;
#1594 = DIRECTION ( 'NONE',  ( 0.000000000000000000, 0.000000000000000000, -1.000000000000000000 ) ) ;
#1595 = VECTOR ( 'NONE', #202, 1000.000000000000000 ) ;
#1596 = ORIENTED_EDGE ( 'NONE', *, *, #1215, .F. ) ;
#1597 = VECTOR ( 'NONE', #805, 1000.000000000000000 ) ;
#1598 = PLANE ( 'NONE',  #1719 ) ;
#1599 = CARTESIAN_POINT ( 'NONE',  ( -144.4000000000000057, 68.11632632648976937, 65.09999999999999432 ) ) ;
#1600 = VECTOR ( 'NONE', #701, 1000.000000000000000 ) ;
#1601 = VECTOR ( 'NONE', #762, 1000.000000000000000 ) ;
#1602 = SPHERICAL_SURFACE ( 'NONE', #1487, 10.00000000000000000 ) ;
#1603 = CARTESIAN_POINT ( 'NONE',  ( -144.4000000000000057, 9.999999999999980460, -65.09999999999999432 ) ) ;
#1604 = ORIENTED_EDGE ( 'NONE', *, *, #1592, .T. ) ;
#1605 = VECTOR ( 'NONE', #1706, 1000.000000000000000 ) ;
#1606 = CIRCLE ( 'NONE', #130, 10.00000000000000178 ) ;
#1607 = ORIENTED_EDGE ( 'NONE', *, *, #1618, .T. ) ;
#1608 = EDGE_CURVE ( 'NONE', #155, #24, #1505, .T. ) ;
#1609 = DIRECTION ( 'NONE',  ( 0.000000000000000000, -0.7141428428542850870, 0.6999999999999999556 ) ) ;
#1610 = ORIENTED_EDGE ( 'NONE', *, *, #693, .T. ) ;
#1611 = CARTESIAN_POINT ( 'NONE',  ( -22.59999999999999076, 39.99999999999999289, 45.81999999999995765 ) ) ;
#1612 = DIRECTION ( 'NONE',  ( -5.607942271476749147E-16, -0.000000000000000000, -1.000000000000000000 ) ) ;
#1613 = EDGE_CURVE ( 'NONE', #680, #1286, #988, .T. ) ;
#1614 = CARTESIAN_POINT ( 'NONE',  ( -134.4000000000000057, 105.0485705712570876, 18.89915974791595943 ) ) ;
#1615 = ORIENTED_EDGE ( 'NONE', *, *, #206, .F. ) ;
#1616 = ORIENTED_EDGE ( 'NONE', *, *, #1138, .F. ) ;
#1617 = DIRECTION ( 'NONE',  ( 1.022195611122246590E-16, -0.7071067811865455743, -0.7071067811865495711 ) ) ;
#1618 = EDGE_CURVE ( 'NONE', #964, #437, #794, .T. ) ;
#1619 = EDGE_LOOP ( 'NONE', ( #1151, #207, #1144, #416 ) ) ;
#1620 = FACE_OUTER_BOUND ( 'NONE', #310, .T. ) ;
#1621 = ADVANCED_FACE ( 'NONE', ( #1519 ), #50, .T. ) ;
#1622 = DIRECTION ( 'NONE',  ( -0.000000000000000000, 1.000000000000000000, 2.412509384324603169E-16 ) ) ;
#1623 = DIRECTION ( 'NONE',  ( -0.000000000000000000, -0.000000000000000000, 1.000000000000000000 ) ) ;
#1624 = DIRECTION ( 'NONE',  ( 1.000000000000000000, 0.000000000000000000, -0.000000000000000000 ) ) ;
#1625 = ORIENTED_EDGE ( 'NONE', *, *, #199, .T. ) ;
#1626 = ORIENTED_EDGE ( 'NONE', *, *, #1440, .F. ) ;
#1627 = DIRECTION ( 'NONE',  ( 1.000000000000000000, -2.312964634635742957E-16, -0.000000000000000000 ) ) ;
#1628 = DIRECTION ( 'NONE',  ( 1.292426430777422502E-16, -1.000000000000000000, -0.000000000000000000 ) ) ;
#1629 = VECTOR ( 'NONE', #1590, 1000.000000000000000 ) ;
#1630 = ORIENTED_EDGE ( 'NONE', *, *, #1077, .F. ) ;
#1631 = CIRCLE ( 'NONE', #987, 10.00000000000000178 ) ;
#1632 = CARTESIAN_POINT ( 'NONE',  ( -10.00000000000000000, 112.0485705712571018, 26.04058817645881518 ) ) ;
#1633 = EDGE_CURVE ( 'NONE', #1494, #551, #708, .T. ) ;
#1634 = DIRECTION ( 'NONE',  ( 1.606225440719265874E-16, -1.000000000000000000, -9.007619546530943507E-32 ) ) ;
#1635 = CYLINDRICAL_SURFACE ( 'NONE', #1045, 10.00000000000000178 ) ;
#1636 = ORIENTED_EDGE ( 'NONE', *, *, #8, .T. ) ;
#1637 = VECTOR ( 'NONE', #559, 1000.000000000000000 ) ;
#1638 = CIRCLE ( 'NONE', #1186, 10.00000000000000533 ) ;
#1639 = AXIS2_PLACEMENT_3D ( 'NONE', #89, #470, #748 ) ;
#1640 = CARTESIAN_POINT ( 'NONE',  ( -34.00000000000000000, 102.3485705712570848, -33.39999999999999858 ) ) ;
#1641 = ORIENTED_EDGE ( 'NONE', *, *, #683, .F. ) ;
#1642 = DIRECTION ( 'NONE',  ( 0.000000000000000000, 1.000000000000000000, 0.000000000000000000 ) ) ;
#1643 = CARTESIAN_POINT ( 'NONE',  ( -12.60000000000001030, 39.99999999999999289, 1.098929584676774556E-30 ) ) ;
#1644 = DIRECTION ( 'NONE',  ( -0.000000000000000000, 1.000000000000000000, -0.000000000000000000 ) ) ;
#1645 = ORIENTED_EDGE ( 'NONE', *, *, #96, .T. ) ;
#1646 = ORIENTED_EDGE ( 'NONE', *, *, #1485, .F. ) ;
#1647 = EDGE_CURVE ( 'NONE', #46, #567, #450, .T. ) ;
#1648 = ORIENTED_EDGE ( 'NONE', *, *, #271, .F. ) ;
#1649 = CARTESIAN_POINT ( 'NONE',  ( -5.552540515238738499E-15, 40.00000000000000000, 0.000000000000000000 ) ) ;
#1650 = ORIENTED_EDGE ( 'NONE', *, *, #509, .F. ) ;
#1651 = FACE_OUTER_BOUND ( 'NONE', #1347, .T. ) ;
#1652 = FACE_OUTER_BOUND ( 'NONE', #1214, .T. ) ;
#1653 = FACE_OUTER_BOUND ( 'NONE', #827, .T. ) ;
#1654 = ORIENTED_EDGE ( 'NONE', *, *, #951, .T. ) ;
#1655 = EDGE_CURVE ( 'NONE', #341, #760, #1118, .T. ) ;
#1656 = DIRECTION ( 'NONE',  ( -1.445602896647339410E-16, 1.000000000000000000, -0.000000000000000000 ) ) ;
#1657 = VERTEX_POINT ( 'NONE', #1092 ) ;
#1658 = FILL_AREA_STYLE_COLOUR ( '', #216 ) ;
#1659 = DIRECTION ( 'NONE',  ( 1.292426430777422502E-16, -1.000000000000000000, -0.000000000000000000 ) ) ;
#1660 = LINE ( 'NONE', #1516, #992 ) ;
#1661 = ORIENTED_EDGE ( 'NONE', *, *, #194, .T. ) ;
#1662 = VECTOR ( 'NONE', #1609, 1000.000000000000114 ) ;
#1663 = AXIS2_PLACEMENT_3D ( 'NONE', #1121, #445, #995 ) ;
#1664 = ORIENTED_EDGE ( 'NONE', *, *, #595, .F. ) ;
#1665 = CARTESIAN_POINT ( 'NONE',  ( -120.1999999999999744, 87.04857057125708764, -43.40000000000000568 ) ) ;
#1666 = AXIS2_PLACEMENT_3D ( 'NONE', #608, #1141, #1679 ) ;
#1667 = ORIENTED_EDGE ( 'NONE', *, *, #1511, .T. ) ;
#1668 = EDGE_CURVE ( 'NONE', #101, #1657, #1126, .T. ) ;
#1669 = VECTOR ( 'NONE', #250, 1000.000000000000000 ) ;
#1670 = DIRECTION ( 'NONE',  ( 2.652183207236099355E-16, -0.7071067811865455743, -0.7071067811865495711 ) ) ;
#1671 = ORIENTED_EDGE ( 'NONE', *, *, #692, .T. ) ;
#1672 = ORIENTED_EDGE ( 'NONE', *, *, #899, .F. ) ;
#1673 = CARTESIAN_POINT ( 'NONE',  ( -12.60000000000000853, 39.99999999999999289, 45.81999999999995765 ) ) ;
#1674 = ORIENTED_EDGE ( 'NONE', *, *, #1537, .T. ) ;
#1675 = ORIENTED_EDGE ( 'NONE', *, *, #1280, .F. ) ;
#1676 = EDGE_CURVE ( 'NONE', #227, #135, #1520, .T. ) ;
#1677 = DIRECTION ( 'NONE',  ( 0.000000000000000000, 0.000000000000000000, -1.000000000000000000 ) ) ;
#1678 = EDGE_CURVE ( 'NONE', #758, #393, #1153, .T. ) ;
#1679 = DIRECTION ( 'NONE',  ( -0.000000000000000000, 0.000000000000000000, 1.000000000000000000 ) ) ;
#1680 = ORIENTED_EDGE ( 'NONE', *, *, #744, .T. ) ;
#1681 = ORIENTED_EDGE ( 'NONE', *, *, #836, .F. ) ;
#1682 = CARTESIAN_POINT ( 'NONE',  ( -132.5999999999999943, 102.3485705712570848, -33.39999999999999858 ) ) ;
#1683 = CARTESIAN_POINT ( 'NONE',  ( -10.00000000000000000, 9.999999999999984013, 0.000000000000000000 ) ) ;
#1684 = DIRECTION ( 'NONE',  ( 0.000000000000000000, 0.000000000000000000, -1.000000000000000000 ) ) ;
#1685 = DIRECTION ( 'NONE',  ( 0.000000000000000000, 0.000000000000000000, 1.000000000000000000 ) ) ;
#1686 = VERTEX_POINT ( 'NONE', #894 ) ;
#1687 = AXIS2_PLACEMENT_3D ( 'NONE', #890, #1677, #480 ) ;
#1688 = ADVANCED_FACE ( 'NONE', ( #1558 ), #492, .F. ) ;
#1689 = EDGE_LOOP ( 'NONE', ( #1373, #1143, #140, #1315, #874, #1661, #148, #1124 ) ) ;
#1690 = VECTOR ( 'NONE', #1628, 1000.000000000000000 ) ;
#1691 = AXIS2_PLACEMENT_3D ( 'NONE', #110, #519, #1449 ) ;
#1692 = AXIS2_PLACEMENT_3D ( 'NONE', #773, #91, #1134 ) ;
#1693 = FACE_OUTER_BOUND ( 'NONE', #438, .T. ) ;
#1694 = LINE ( 'NONE', #486, #1457 ) ;
#1695 = AXIS2_PLACEMENT_3D ( 'NONE', #129, #112, #1462 ) ;
#1696 = DIRECTION ( 'NONE',  ( -0.000000000000000000, 1.000000000000000000, -0.000000000000000000 ) ) ;
#1697 = VERTEX_POINT ( 'NONE', #1420 ) ;
#1698 = LINE ( 'NONE', #1673, #1325 ) ;
#1699 = EDGE_CURVE ( 'NONE', #758, #318, #1026, .T. ) ;
#1700 = ORIENTED_EDGE ( 'NONE', *, *, #335, .F. ) ;
#1701 = ORIENTED_EDGE ( 'NONE', *, *, #319, .F. ) ;
#1702 = DIRECTION ( 'NONE',  ( 0.000000000000000000, 0.000000000000000000, -1.000000000000000000 ) ) ;
#1703 = EDGE_CURVE ( 'NONE', #1261, #1556, #1574, .T. ) ;
#1704 = DIRECTION ( 'NONE',  ( 0.000000000000000000, 2.412509384324603169E-16, -1.000000000000000000 ) ) ;
#1705 = DIRECTION ( 'NONE',  ( 0.000000000000000000, 0.000000000000000000, 1.000000000000000000 ) ) ;
#1706 = DIRECTION ( 'NONE',  ( -1.000000000000000000, 0.000000000000000000, 0.000000000000000000 ) ) ;
#1707 = CARTESIAN_POINT ( 'NONE',  ( -11.79999999999999893, 78.04857057125711606, -33.39999999999999858 ) ) ;
#1708 = EDGE_LOOP ( 'NONE', ( #709, #1142, #1149 ) ) ;
#1709 = ADVANCED_FACE ( 'NONE', ( #357 ), #103, .T. ) ;
#1710 = CARTESIAN_POINT ( 'NONE',  ( -11.79999999999999183, 39.99999999999999289, 55.09999999999995168 ) ) ;
#1711 = DIRECTION ( 'NONE',  ( 1.000000000000000000, 0.000000000000000000, 0.000000000000000000 ) ) ;
#1712 = LINE ( 'NONE', #1176, #580 ) ;
#1713 = DIRECTION ( 'NONE',  ( 0.000000000000000000, 0.000000000000000000, -1.000000000000000000 ) ) ;
#1714 = VECTOR ( 'NONE', #1113, 1000.000000000000000 ) ;
#1715 = VECTOR ( 'NONE', #1337, 1000.000000000000114 ) ;
#1716 = FACE_OUTER_BOUND ( 'NONE', #677, .T. ) ;
#1717 = EDGE_CURVE ( 'NONE', #964, #152, #571, .T. ) ;
#1718 = CARTESIAN_POINT ( 'NONE',  ( -11.80000000000000959, 112.0485705712571161, 26.04058817645880097 ) ) ;
#1719 = AXIS2_PLACEMENT_3D ( 'NONE', #274, #1209, #672 ) ;
#1720 = DIRECTION ( 'NONE',  ( 1.000000000000000000, 1.292426430777422502E-16, -0.000000000000000000 ) ) ;
#1721 = FACE_OUTER_BOUND ( 'NONE', #21, .T. ) ;
#1722 = DIRECTION ( 'NONE',  ( 1.000000000000000000, 0.000000000000000000, 0.000000000000000000 ) ) ;
#1723 = EDGE_CURVE ( 'NONE', #1279, #956, #342, .T. ) ;
#1724 = ORIENTED_EDGE ( 'NONE', *, *, #1046, .F. ) ;
#1725 = CARTESIAN_POINT ( 'NONE',  ( -22.59999999999999076, 29.99999999999998224, 45.81999999999995765 ) ) ;
#1726 = LINE ( 'NONE', #927, #1412 ) ;
#1727 = CARTESIAN_POINT ( 'NONE',  ( -10.00000000000000000, 68.11632632648978358, 55.09999999999999432 ) ) ;
#1728 = CARTESIAN_POINT ( 'NONE',  ( 0.000000000000000000, 9.999999999999980460, -65.09999999999999432 ) ) ;
#1729 = EDGE_CURVE ( 'NONE', #946, #582, #125, .T. ) ;
#1730 = CARTESIAN_POINT ( 'NONE',  ( -12.60000000000000853, 39.99999999999999289, 1.098929584676774556E-30 ) ) ;
#1731 = DIRECTION ( 'NONE',  ( 0.000000000000000000, -0.000000000000000000, 1.000000000000000000 ) ) ;
#1732 = ORIENTED_EDGE ( 'NONE', *, *, #913, .F. ) ;
#1733 = SHAPE_DEFINITION_REPRESENTATION ( #1281, #22 ) ;
#1734 = ORIENTED_EDGE ( 'NONE', *, *, #655, .T. ) ;
ENDSEC;
END-ISO-10303-21;
