ISO-10303-21;
HEADER;
FILE_DESCRIPTION (( 'STEP AP214' ),
    '1' );
FILE_NAME ('Aztechs_Hackathon.Housing_Face_V2.STEP',
    '2026-09-19T00:42:53',
    ( '' ),
    ( '' ),
    'SwSTEP 2.0',
    'SolidWorks 2025',
    '' );
FILE_SCHEMA (( 'AUTOMOTIVE_DESIGN' ));
ENDSEC;

DATA;
#1 = EDGE_LOOP ( 'NONE', ( #687, #1008, #1200, #68, #1983, #1105, #107, #206 ) ) ;
#2 = MANIFOLD_SOLID_BREP ( 'Fillet5', #1468 ) ;
#3 = CARTESIAN_POINT ( 'NONE',  ( 24.99999999999998224, 49.29900190434337759, -21.50000000000000711 ) ) ;
#4 = PLANE ( 'NONE',  #848 ) ;
#5 = VERTEX_POINT ( 'NONE', #1558 ) ;
#6 = EDGE_CURVE ( 'NONE', #1663, #435, #410, .T. ) ;
#7 = CARTESIAN_POINT ( 'NONE',  ( 37.99999999999999289, 37.52943725152282894, -24.50000000000000000 ) ) ;
#8 = ORIENTED_EDGE ( 'NONE', *, *, #481, .T. ) ;
#9 = CARTESIAN_POINT ( 'NONE',  ( -40.00000000000000000, -12.49999999999997868, -7.000000000000000000 ) ) ;
#10 = VERTEX_POINT ( 'NONE', #95 ) ;
#11 = DIRECTION ( 'NONE',  ( -1.156482317317871478E-16, -1.000000000000000000, 0.000000000000000000 ) ) ;
#12 = DIRECTION ( 'NONE',  ( 1.000000000000000000, -1.156482317317871478E-16, 0.000000000000000000 ) ) ;
#13 = VECTOR ( 'NONE', #1769, 1000.000000000000000 ) ;
#14 = ORIENTED_EDGE ( 'NONE', *, *, #1554, .T. ) ;
#15 = FACE_OUTER_BOUND ( 'NONE', #1122, .T. ) ;
#16 = VERTEX_POINT ( 'NONE', #2044 ) ;
#17 = EDGE_CURVE ( 'NONE', #1877, #126, #857, .T. ) ;
#18 = VECTOR ( 'NONE', #1242, 1000.000000000000000 ) ;
#19 = CARTESIAN_POINT ( 'NONE',  ( 60.00000000000000000, 72.42640687119262566, -42.42640687119306619 ) ) ;
#20 = ORIENTED_EDGE ( 'NONE', *, *, #754, .F. ) ;
#21 = EDGE_CURVE ( 'NONE', #1963, #677, #245, .T. ) ;
#22 = CARTESIAN_POINT ( 'NONE',  ( 41.99999999999998579, 32.42640687119261145, -24.50000000000000000 ) ) ;
#23 = ORIENTED_EDGE ( 'NONE', *, *, #534, .T. ) ;
#24 = CARTESIAN_POINT ( 'NONE',  ( -40.00000000000000000, -12.49999999999997868, -7.000000000000000000 ) ) ;
#25 = PRODUCT_DEFINITION_SHAPE ( 'NONE', 'NONE',  #576 ) ;
#26 = ORIENTED_EDGE ( 'NONE', *, *, #1263, .T. ) ;
#27 = DIRECTION ( 'NONE',  ( -0.000000000000000000, -9.828039769013113849E-17, -1.000000000000000000 ) ) ;
#28 = ORIENTED_EDGE ( 'NONE', *, *, #1626, .F. ) ;
#29 = EDGE_CURVE ( 'NONE', #10, #5, #575, .T. ) ;
#30 = PLANE ( 'NONE',  #1679 ) ;
#31 = CARTESIAN_POINT ( 'NONE',  ( 39.99999999999999289, 49.29900190434337048, -22.99999999999999289 ) ) ;
#32 = DIRECTION ( 'NONE',  ( -1.000000000000000000, 0.000000000000000000, -0.000000000000000000 ) ) ;
#33 = EDGE_LOOP ( 'NONE', ( #1530, #605, #1629, #175 ) ) ;
#34 = DIRECTION ( 'NONE',  ( 1.000000000000000000, -1.156482317317871478E-16, 0.000000000000000000 ) ) ;
#35 = ORIENTED_EDGE ( 'NONE', *, *, #1715, .T. ) ;
#36 = CARTESIAN_POINT ( 'NONE',  ( 26.99999999999999645, 55.49999999999971578, -25.49999999999998934 ) ) ;
#37 = CARTESIAN_POINT ( 'NONE',  ( -49.00000000000002842, -29.99999999999997868, -9.799999999999998934 ) ) ;
#38 = ORIENTED_EDGE ( 'NONE', *, *, #1466, .F. ) ;
#39 = LINE ( 'NONE', #870, #1639 ) ;
#40 = LINE ( 'NONE', #501, #47 ) ;
#41 = EDGE_CURVE ( 'NONE', #993, #1536, #1067, .T. ) ;
#42 = PRODUCT_RELATED_PRODUCT_CATEGORY ( 'part', '', ( #1657 ) ) ;
#43 = ORIENTED_EDGE ( 'NONE', *, *, #944, .T. ) ;
#44 = AXIS2_PLACEMENT_3D ( 'NONE', #2090, #261, #1560 ) ;
#45 = COLOUR_RGB ( '',0.7921568627450980005, 0.8196078431372548767, 0.9333333333333333481 ) ;
#46 = DIRECTION ( 'NONE',  ( 0.000000000000000000, 0.000000000000000000, -1.000000000000000000 ) ) ;
#47 = VECTOR ( 'NONE', #1624, 1000.000000000000000 ) ;
#48 = VECTOR ( 'NONE', #637, 1000.000000000000000 ) ;
#49 = CARTESIAN_POINT ( 'NONE',  ( -38.19999999999999574, -12.49999999999997868, -12.00000000000000000 ) ) ;
#50 = DIRECTION ( 'NONE',  ( 0.000000000000000000, 0.000000000000000000, -1.000000000000000000 ) ) ;
#51 = AXIS2_PLACEMENT_3D ( 'NONE', #1965, #1160, #205 ) ;
#52 = ORIENTED_EDGE ( 'NONE', *, *, #1761, .F. ) ;
#53 = DIRECTION ( 'NONE',  ( 0.000000000000000000, 0.000000000000000000, 1.000000000000000000 ) ) ;
#54 = FACE_OUTER_BOUND ( 'NONE', #1779, .T. ) ;
#55 = CARTESIAN_POINT ( 'NONE',  ( -40.00000000000000000, -12.49999999999997868, -7.000000000000000000 ) ) ;
#56 = DIRECTION ( 'NONE',  ( 1.000000000000000000, -0.000000000000000000, -0.000000000000000000 ) ) ;
#57 = ORIENTED_EDGE ( 'NONE', *, *, #1445, .F. ) ;
#58 = ADVANCED_FACE ( 'NONE', ( #1197 ), #546, .F. ) ;
#59 = CARTESIAN_POINT ( 'NONE',  ( 48.50000000000001421, 45.42640687119261855, -108.5000000000000000 ) ) ;
#60 = ORIENTED_EDGE ( 'NONE', *, *, #827, .F. ) ;
#61 = LINE ( 'NONE', #499, #1751 ) ;
#62 = LINE ( 'NONE', #1846, #183 ) ;
#63 = ORIENTED_EDGE ( 'NONE', *, *, #1155, .F. ) ;
#64 = ADVANCED_FACE ( 'NONE', ( #528 ), #1529, .T. ) ;
#65 = DIRECTION ( 'NONE',  ( 1.000000000000000000, -1.156482317317871478E-16, 0.000000000000000000 ) ) ;
#66 = ORIENTED_EDGE ( 'NONE', *, *, #1421, .F. ) ;
#67 = PLANE ( 'NONE',  #418 ) ;
#68 = ORIENTED_EDGE ( 'NONE', *, *, #2064, .F. ) ;
#69 = DIRECTION ( 'NONE',  ( -0.000000000000000000, -0.000000000000000000, 1.000000000000000000 ) ) ;
#70 = ORIENTED_EDGE ( 'NONE', *, *, #1617, .T. ) ;
#71 = ADVANCED_FACE ( 'NONE', ( #1658 ), #30, .F. ) ;
#72 = DIRECTION ( 'NONE',  ( -1.156482317317871478E-16, -1.000000000000000000, 0.000000000000000000 ) ) ;
#73 = FACE_OUTER_BOUND ( 'NONE', #1158, .T. ) ;
#74 = ORIENTED_EDGE ( 'NONE', *, *, #1980, .T. ) ;
#75 = CARTESIAN_POINT ( 'NONE',  ( -32.45000000000000284, -8.200000000000002842, -12.00000000000000000 ) ) ;
#76 = ADVANCED_FACE ( 'NONE', ( #395, #1043 ), #198, .T. ) ;
#77 = AXIS2_PLACEMENT_3D ( 'NONE', #562, #743, #1066 ) ;
#78 = LINE ( 'NONE', #140, #823 ) ;
#79 = ORIENTED_EDGE ( 'NONE', *, *, #875, .F. ) ;
#80 = DIRECTION ( 'NONE',  ( -1.000000000000000000, 0.000000000000000000, 0.000000000000000000 ) ) ;
#81 = FILL_AREA_STYLE_COLOUR ( '', #45 ) ;
#82 = DIRECTION ( 'NONE',  ( 1.000000000000000000, -0.000000000000000000, -0.000000000000000000 ) ) ;
#83 = ORIENTED_EDGE ( 'NONE', *, *, #980, .T. ) ;
#84 = AXIS2_PLACEMENT_3D ( 'NONE', #1224, #1876, #1889 ) ;
#85 = CARTESIAN_POINT ( 'NONE',  ( -60.00000000000001421, 49.29900190434338469, -24.50000000000000355 ) ) ;
#86 = CARTESIAN_POINT ( 'NONE',  ( 39.99999999999998579, -12.49999999999997868, -7.000000000000000000 ) ) ;
#87 = ADVANCED_FACE ( 'NONE', ( #706 ), #1030, .F. ) ;
#88 = ORIENTED_EDGE ( 'NONE', *, *, #1479, .F. ) ;
#89 = VECTOR ( 'NONE', #199, 1000.000000000000000 ) ;
#90 = CARTESIAN_POINT ( 'NONE',  ( -45.00000000000000000, 5.000000000000019540, -22.00000000000000000 ) ) ;
#91 = VECTOR ( 'NONE', #1184, 1000.000000000000000 ) ;
#92 = CIRCLE ( 'NONE', #1719, 1.800000000000002931 ) ;
#93 = ORIENTED_EDGE ( 'NONE', *, *, #1795, .T. ) ;
#94 = DIRECTION ( 'NONE',  ( -1.000000000000000000, 0.000000000000000000, 0.000000000000000000 ) ) ;
#95 = CARTESIAN_POINT ( 'NONE',  ( 32.45000000000000284, -8.199999999999995737, -12.00000000000000000 ) ) ;
#96 = CARTESIAN_POINT ( 'NONE',  ( -60.00000000000000000, 45.42640687119263276, -108.5000000000000000 ) ) ;
#97 = VERTEX_POINT ( 'NONE', #1984 ) ;
#98 = DIRECTION ( 'NONE',  ( 5.782411586589357392E-17, -1.000000000000000000, 0.000000000000000000 ) ) ;
#99 = LINE ( 'NONE', #1869, #1684 ) ;
#100 = ORIENTED_EDGE ( 'NONE', *, *, #1499, .F. ) ;
#101 = PLANE ( 'NONE',  #287 ) ;
#102 = EDGE_CURVE ( 'NONE', #1377, #226, #1320, .T. ) ;
#103 = ORIENTED_EDGE ( 'NONE', *, *, #1494, .F. ) ;
#104 = DIRECTION ( 'NONE',  ( 3.409093003151303605E-32, 2.947812475903406485E-16, 1.000000000000000000 ) ) ;
#105 = FILL_AREA_STYLE ('',( #81 ) ) ;
#106 = DIRECTION ( 'NONE',  ( -1.000000000000000000, -1.069167011387862636E-16, 0.000000000000000000 ) ) ;
#107 = ORIENTED_EDGE ( 'NONE', *, *, #1240, .F. ) ;
#108 = CARTESIAN_POINT ( 'NONE',  ( -40.00000000000000000, 12.50000000000001243, -7.000000000000000000 ) ) ;
#109 = CARTESIAN_POINT ( 'NONE',  ( -59.99999999999999289, 5.000000000000022204, -12.00000000000000000 ) ) ;
#110 = DIRECTION ( 'NONE',  ( 0.000000000000000000, -1.836327642138343940E-16, -1.000000000000000000 ) ) ;
#111 = EDGE_CURVE ( 'NONE', #1561, #1217, #1968, .T. ) ;
#112 = CARTESIAN_POINT ( 'NONE',  ( 41.79999999999999005, -12.49999999999997868, -7.000000000000000000 ) ) ;
#113 = CARTESIAN_POINT ( 'NONE',  ( 38.00000000000000000, 32.42640687119261145, -24.50000000000000000 ) ) ;
#114 = ORIENTED_EDGE ( 'NONE', *, *, #1805, .T. ) ;
#115 = CARTESIAN_POINT ( 'NONE',  ( 60.00000000000000000, 60.42640687119262566, -47.39696961967014488 ) ) ;
#116 = EDGE_CURVE ( 'NONE', #989, #598, #342, .T. ) ;
#117 = DIRECTION ( 'NONE',  ( -1.000000000000000000, 0.000000000000000000, 0.000000000000000000 ) ) ;
#118 = ORIENTED_EDGE ( 'NONE', *, *, #1948, .F. ) ;
#119 = CARTESIAN_POINT ( 'NONE',  ( 60.00000000000000000, 72.42640687119262566, -46.56854249492399589 ) ) ;
#120 = EDGE_CURVE ( 'NONE', #1350, #1996, #1541, .T. ) ;
#121 = AXIS2_PLACEMENT_3D ( 'NONE', #567, #1251, #1571 ) ;
#122 = AXIS2_PLACEMENT_3D ( 'NONE', #1645, #668, #1681 ) ;
#123 = VECTOR ( 'NONE', #1871, 1000.000000000000000 ) ;
#124 = CIRCLE ( 'NONE', #256, 1.800000000000002931 ) ;
#125 = DIRECTION ( 'NONE',  ( 1.000000000000000000, 5.782411586589357392E-17, -0.000000000000000000 ) ) ;
#126 = VERTEX_POINT ( 'NONE', #881 ) ;
#127 = ADVANCED_FACE ( 'NONE', ( #1818 ), #353, .F. ) ;
#128 = CARTESIAN_POINT ( 'NONE',  ( -58.49999999999999289, 45.42640687119262566, -108.5000000000000000 ) ) ;
#129 = DIRECTION ( 'NONE',  ( -1.982541115402065110E-16, -1.000000000000000000, 0.000000000000000000 ) ) ;
#130 = ORIENTED_EDGE ( 'NONE', *, *, #1171, .F. ) ;
#131 = CARTESIAN_POINT ( 'NONE',  ( 48.50000000000001421, 55.42640687119263276, -108.4999999999999858 ) ) ;
#132 = CARTESIAN_POINT ( 'NONE',  ( -48.50000000000000000, 55.42640687119259013, -118.0000000000000000 ) ) ;
#133 = VERTEX_POINT ( 'NONE', #717 ) ;
#134 = PLANE ( 'NONE',  #1946 ) ;
#135 = DIRECTION ( 'NONE',  ( -0.000000000000000000, -0.000000000000000000, -1.000000000000000000 ) ) ;
#136 = ORIENTED_EDGE ( 'NONE', *, *, #1742, .T. ) ;
#137 = EDGE_CURVE ( 'NONE', #903, #453, #1367, .T. ) ;
#138 = CARTESIAN_POINT ( 'NONE',  ( 48.50000000000001421, 55.42640687119263276, 0.000000000000000000 ) ) ;
#139 = EDGE_LOOP ( 'NONE', ( #118, #1796, #333, #1711, #909, #509, #136, #114, #912, #2093, #1704, #811, #1183, #495, #1593, #1385 ) ) ;
#140 = CARTESIAN_POINT ( 'NONE',  ( 49.00000000000002132, -1.999999999999990008, -9.799999999999998934 ) ) ;
#141 = LINE ( 'NONE', #781, #143 ) ;
#142 = ORIENTED_EDGE ( 'NONE', *, *, #1707, .T. ) ;
#143 = VECTOR ( 'NONE', #1615, 1000.000000000000000 ) ;
#144 = FACE_OUTER_BOUND ( 'NONE', #664, .T. ) ;
#145 = CARTESIAN_POINT ( 'NONE',  ( 42.69230769230768630, 36.60636032844585230, -23.57692307692312284 ) ) ;
#146 = ORIENTED_EDGE ( 'NONE', *, *, #779, .F. ) ;
#147 = EDGE_CURVE ( 'NONE', #1205, #2039, #39, .T. ) ;
#148 = VECTOR ( 'NONE', #736, 1000.000000000000000 ) ;
#149 = LINE ( 'NONE', #1568, #1265 ) ;
#150 = LINE ( 'NONE', #810, #1802 ) ;
#151 = VECTOR ( 'NONE', #401, 1000.000000000000000 ) ;
#152 = CIRCLE ( 'NONE', #485, 2.499999999999998668 ) ;
#153 = VECTOR ( 'NONE', #1820, 1000.000000000000000 ) ;
#154 = EDGE_LOOP ( 'NONE', ( #83, #26, #191, #1211 ) ) ;
#155 = DIRECTION ( 'NONE',  ( -0.000000000000000000, -1.000000000000000000, -0.000000000000000000 ) ) ;
#156 = DIRECTION ( 'NONE',  ( -1.982541115402065110E-16, -1.000000000000000000, -0.000000000000000000 ) ) ;
#157 = FACE_OUTER_BOUND ( 'NONE', #1296, .T. ) ;
#158 = ORIENTED_EDGE ( 'NONE', *, *, #560, .F. ) ;
#159 = CARTESIAN_POINT ( 'NONE',  ( -49.00000000000002132, -1.999999999999978684, -9.799999999999998934 ) ) ;
#160 = FACE_OUTER_BOUND ( 'NONE', #1753, .T. ) ;
#161 = EDGE_CURVE ( 'NONE', #960, #2001, #364, .T. ) ;
#162 = VERTEX_POINT ( 'NONE', #559 ) ;
#163 = CARTESIAN_POINT ( 'NONE',  ( 48.50000000000001421, 60.42640687119261855, -108.4999999999999858 ) ) ;
#164 = EDGE_LOOP ( 'NONE', ( #1252, #359 ) ) ;
#165 = LINE ( 'NONE', #1659, #484 ) ;
#166 = DIRECTION ( 'NONE',  ( -1.000000000000000000, -0.000000000000000000, -0.000000000000000000 ) ) ;
#167 = EDGE_CURVE ( 'NONE', #97, #1420, #1021, .T. ) ;
#168 = EDGE_LOOP ( 'NONE', ( #236, #323 ) ) ;
#169 = ADVANCED_FACE ( 'NONE', ( #852 ), #1505, .F. ) ;
#170 = DIRECTION ( 'NONE',  ( -1.156482317317871478E-16, -1.000000000000000000, 0.000000000000000000 ) ) ;
#171 = ORIENTED_EDGE ( 'NONE', *, *, #1715, .F. ) ;
#172 = ADVANCED_FACE ( 'NONE', ( #582 ), #101, .T. ) ;
#173 = FACE_OUTER_BOUND ( 'NONE', #1862, .T. ) ;
#174 = AXIS2_PLACEMENT_3D ( 'NONE', #1766, #1283, #305 ) ;
#175 = ORIENTED_EDGE ( 'NONE', *, *, #1913, .F. ) ;
#176 = DIRECTION ( 'NONE',  ( -1.000000000000000000, 0.000000000000000000, 0.000000000000000000 ) ) ;
#177 = FACE_OUTER_BOUND ( 'NONE', #164, .T. ) ;
#178 = AXIS2_PLACEMENT_3D ( 'NONE', #962, #974, #627 ) ;
#179 = AXIS2_PLACEMENT_3D ( 'NONE', #844, #56, #366 ) ;
#180 = PRESENTATION_LAYER_ASSIGNMENT (  '', '', ( #1269 ) ) ;
#181 = EDGE_LOOP ( 'NONE', ( #1758, #1091, #344, #1987, #500, #498, #270, #52 ) ) ;
#182 = CARTESIAN_POINT ( 'NONE',  ( 38.19999999999998153, -12.49999999999997868, -7.000000000000000000 ) ) ;
#183 = VECTOR ( 'NONE', #508, 1000.000000000000000 ) ;
#184 = EDGE_CURVE ( 'NONE', #767, #357, #1054, .T. ) ;
#185 = DIRECTION ( 'NONE',  ( 0.000000000000000000, 0.000000000000000000, -1.000000000000000000 ) ) ;
#186 = ORIENTED_EDGE ( 'NONE', *, *, #1798, .F. ) ;
#187 = DIRECTION ( 'NONE',  ( 0.000000000000000000, -0.000000000000000000, 1.000000000000000000 ) ) ;
#188 = FACE_OUTER_BOUND ( 'NONE', #704, .T. ) ;
#189 = EDGE_CURVE ( 'NONE', #459, #1877, #1573, .T. ) ;
#190 = CARTESIAN_POINT ( 'NONE',  ( 0.000000000000000000, 0.000000000000000000, -22.00000000000000000 ) ) ;
#191 = ORIENTED_EDGE ( 'NONE', *, *, #589, .T. ) ;
#192 = CARTESIAN_POINT ( 'NONE',  ( 41.99999999999998579, 49.29900190434337048, -24.50000000000000355 ) ) ;
#193 = ORIENTED_EDGE ( 'NONE', *, *, #492, .T. ) ;
#194 = CARTESIAN_POINT ( 'NONE',  ( -60.00000000000000000, 60.42640687119261855, -118.0000000000000000 ) ) ;
#195 = DIRECTION ( 'NONE',  ( 0.000000000000000000, -1.000000000000000000, -0.000000000000000000 ) ) ;
#196 = ADVANCED_FACE ( 'NONE', ( #241 ), #267, .F. ) ;
#197 = VERTEX_POINT ( 'NONE', #119 ) ;
#198 = PLANE ( 'NONE',  #1405 ) ;
#199 = DIRECTION ( 'NONE',  ( 1.000000000000000000, -1.156482317317871478E-16, 0.000000000000000000 ) ) ;
#200 = ORIENTED_EDGE ( 'NONE', *, *, #102, .F. ) ;
#201 = ORIENTED_EDGE ( 'NONE', *, *, #458, .F. ) ;
#202 = CARTESIAN_POINT ( 'NONE',  ( 49.00000000000002132, -29.99999999999999289, -9.799999999999998934 ) ) ;
#203 = VERTEX_POINT ( 'NONE', #603 ) ;
#204 = CARTESIAN_POINT ( 'NONE',  ( 31.99999999999999645, 50.49999999999977973, -20.49999999999998934 ) ) ;
#205 = DIRECTION ( 'NONE',  ( 0.000000000000000000, 0.000000000000000000, 1.000000000000000000 ) ) ;
#206 = ORIENTED_EDGE ( 'NONE', *, *, #1445, .T. ) ;
#207 = DIRECTION ( 'NONE',  ( 0.000000000000000000, 0.000000000000000000, 1.000000000000000000 ) ) ;
#208 = EDGE_CURVE ( 'NONE', #1642, #1866, #2069, .T. ) ;
#209 = ORIENTED_EDGE ( 'NONE', *, *, #324, .T. ) ;
#210 = VECTOR ( 'NONE', #982, 1000.000000000000000 ) ;
#211 = AXIS2_PLACEMENT_3D ( 'NONE', #2003, #53, #221 ) ;
#212 = LINE ( 'NONE', #1048, #2010 ) ;
#213 = ORIENTED_EDGE ( 'NONE', *, *, #102, .T. ) ;
#214 = VECTOR ( 'NONE', #1473, 1000.000000000000000 ) ;
#215 = AXIS2_PLACEMENT_3D ( 'NONE', #1006, #1640, #1999 ) ;
#216 = UNCERTAINTY_MEASURE_WITH_UNIT (LENGTH_MEASURE( 1.000000000000000082E-05 ), #1218, 'distance_accuracy_value', 'NONE');
#217 = DIRECTION ( 'NONE',  ( -0.000000000000000000, 0.000000000000000000, -1.000000000000000000 ) ) ;
#218 = DIRECTION ( 'NONE',  ( 1.000000000000000000, -1.156482317317871478E-16, 0.000000000000000000 ) ) ;
#219 = VECTOR ( 'NONE', #229, 1000.000000000000000 ) ;
#220 = EDGE_LOOP ( 'NONE', ( #1476, #540, #470, #673 ) ) ;
#221 = DIRECTION ( 'NONE',  ( 1.000000000000000000, 0.000000000000000000, 0.000000000000000000 ) ) ;
#222 = EDGE_CURVE ( 'NONE', #1881, #463, #276, .T. ) ;
#223 = CARTESIAN_POINT ( 'NONE',  ( -60.00000000000001421, 49.29900190434338469, -21.50000000000000711 ) ) ;
#224 = EDGE_LOOP ( 'NONE', ( #1260, #2058, #724, #1041, #1937, #750, #1020, #23 ) ) ;
#225 = CARTESIAN_POINT ( 'NONE',  ( -32.45000000000000284, 8.199999999999995737, 0.000000000000000000 ) ) ;
#226 = VERTEX_POINT ( 'NONE', #131 ) ;
#227 = CARTESIAN_POINT ( 'NONE',  ( -60.00000000000000000, 69.49747468305814380, -39.49747468305854881 ) ) ;
#228 = ADVANCED_FACE ( 'NONE', ( #1745 ), #1584, .T. ) ;
#229 = DIRECTION ( 'NONE',  ( 1.156482317317871478E-16, 1.000000000000000000, 0.000000000000000000 ) ) ;
#230 = ORIENTED_EDGE ( 'NONE', *, *, #1131, .T. ) ;
#231 = DIRECTION ( 'NONE',  ( -1.000000000000000000, 0.000000000000000000, 0.000000000000000000 ) ) ;
#232 = ORIENTED_EDGE ( 'NONE', *, *, #1795, .F. ) ;
#233 = CARTESIAN_POINT ( 'NONE',  ( 26.99999999999999645, 55.49999999999971578, -25.49999999999998934 ) ) ;
#234 = EDGE_CURVE ( 'NONE', #711, #1309, #1701, .T. ) ;
#235 = DIRECTION ( 'NONE',  ( -0.000000000000000000, -1.000000000000000000, -0.000000000000000000 ) ) ;
#236 = ORIENTED_EDGE ( 'NONE', *, *, #548, .F. ) ;
#237 = EDGE_CURVE ( 'NONE', #1693, #1583, #939, .T. ) ;
#238 = CARTESIAN_POINT ( 'NONE',  ( 60.00000000000000711, -29.99999999999999289, -9.799999999999998934 ) ) ;
#239 = CARTESIAN_POINT ( 'NONE',  ( 60.00000000000000000, 20.88730162779186372, -22.00000000000000000 ) ) ;
#240 = ORIENTED_EDGE ( 'NONE', *, *, #1254, .T. ) ;
#241 = FACE_OUTER_BOUND ( 'NONE', #1417, .T. ) ;
#242 = VECTOR ( 'NONE', #1306, 1000.000000000000000 ) ;
#243 = EDGE_LOOP ( 'NONE', ( #63, #886, #307, #79 ) ) ;
#244 = PLANE ( 'NONE',  #545 ) ;
#245 = LINE ( 'NONE', #898, #551 ) ;
#246 = CARTESIAN_POINT ( 'NONE',  ( -60.00000000000001421, 49.29900190434338469, -21.50000000000000711 ) ) ;
#247 = ORIENTED_EDGE ( 'NONE', *, *, #1521, .F. ) ;
#248 = AXIS2_PLACEMENT_3D ( 'NONE', #592, #275, #2027 ) ;
#249 = CARTESIAN_POINT ( 'NONE',  ( -48.50000000000000000, 60.42640687119263276, -118.0000000000000000 ) ) ;
#250 = CARTESIAN_POINT ( 'NONE',  ( -32.45000000000000284, 8.199999999999995737, -12.00000000000000000 ) ) ;
#251 = EDGE_CURVE ( 'NONE', #636, #1616, #1415, .T. ) ;
#252 = VECTOR ( 'NONE', #1545, 1000.000000000000000 ) ;
#253 = LINE ( 'NONE', #1011, #2004 ) ;
#254 = AXIS2_PLACEMENT_3D ( 'NONE', #788, #1103, #2096 ) ;
#255 = DIRECTION ( 'NONE',  ( 1.000000000000000000, -2.312964634635742957E-16, 0.000000000000000000 ) ) ;
#256 = AXIS2_PLACEMENT_3D ( 'NONE', #1194, #1667, #542 ) ;
#257 = CIRCLE ( 'NONE', #1603, 1.800000000000002931 ) ;
#258 = ORIENTED_EDGE ( 'NONE', *, *, #1019, .T. ) ;
#259 = LINE ( 'NONE', #1790, #1967 ) ;
#260 = CARTESIAN_POINT ( 'NONE',  ( 60.00000000000000000, 5.000000000000007994, -12.00000000000000000 ) ) ;
#261 = DIRECTION ( 'NONE',  ( 0.000000000000000000, -0.000000000000000000, 1.000000000000000000 ) ) ;
#262 = ORIENTED_EDGE ( 'NONE', *, *, #1107, .F. ) ;
#263 = DIRECTION ( 'NONE',  ( 1.000000000000000000, 5.782411586589357392E-17, 0.000000000000000000 ) ) ;
#264 = DIRECTION ( 'NONE',  ( -1.000000000000000000, -1.069167011387862636E-16, 0.000000000000000000 ) ) ;
#265 = EDGE_LOOP ( 'NONE', ( #1148, #780, #1338, #1098 ) ) ;
#266 = ADVANCED_FACE ( 'NONE', ( #2063 ), #741, .F. ) ;
#267 = PLANE ( 'NONE',  #901 ) ;
#268 = CARTESIAN_POINT ( 'NONE',  ( 29.69230769230767564, 36.60636032844585941, -23.57692307692312994 ) ) ;
#269 = DIRECTION ( 'NONE',  ( 0.000000000000000000, 0.000000000000000000, -1.000000000000000000 ) ) ;
#270 = ORIENTED_EDGE ( 'NONE', *, *, #2064, .T. ) ;
#271 = ADVANCED_FACE ( 'NONE', ( #407 ), #1077, .F. ) ;
#272 = CARTESIAN_POINT ( 'NONE',  ( 38.19999999999998153, -12.49999999999997868, -7.000000000000000000 ) ) ;
#273 = ORIENTED_EDGE ( 'NONE', *, *, #234, .T. ) ;
#274 = CARTESIAN_POINT ( 'NONE',  ( 60.00000000000001421, 60.42640687119261855, -108.4999999999999858 ) ) ;
#275 = DIRECTION ( 'NONE',  ( -1.156482317317871478E-16, -1.000000000000000000, 0.000000000000000000 ) ) ;
#276 = LINE ( 'NONE', #1403, #904 ) ;
#277 = CARTESIAN_POINT ( 'NONE',  ( 28.99999999999998579, 37.52943725152283605, -24.50000000000000000 ) ) ;
#278 = ADVANCED_FACE ( 'NONE', ( #1261 ), #910, .T. ) ;
#279 = VECTOR ( 'NONE', #802, 1000.000000000000000 ) ;
#280 = DIRECTION ( 'NONE',  ( 0.000000000000000000, 9.828039769013113849E-17, 1.000000000000000000 ) ) ;
#281 = ORIENTED_EDGE ( 'NONE', *, *, #111, .T. ) ;
#282 = DIRECTION ( 'NONE',  ( -1.000000000000000000, 0.000000000000000000, 0.000000000000000000 ) ) ;
#283 = FACE_BOUND ( 'NONE', #168, .T. ) ;
#284 = EDGE_LOOP ( 'NONE', ( #1387, #783 ) ) ;
#285 = CARTESIAN_POINT ( 'NONE',  ( -60.00000000000000000, 5.000000000000023093, -22.00000000000000000 ) ) ;
#286 = CIRCLE ( 'NONE', #248, 2.499999999999998668 ) ;
#287 = AXIS2_PLACEMENT_3D ( 'NONE', #892, #440, #1219 ) ;
#288 = AXIS2_PLACEMENT_3D ( 'NONE', #936, #416, #117 ) ;
#289 = DIRECTION ( 'NONE',  ( -2.312964634635742957E-16, -1.000000000000000000, -0.000000000000000000 ) ) ;
#290 = ADVANCED_FACE ( 'NONE', ( #1391 ), #1727, .F. ) ;
#291 = ORIENTED_EDGE ( 'NONE', *, *, #1591, .F. ) ;
#292 = DIRECTION ( 'NONE',  ( 0.000000000000000000, 0.000000000000000000, 1.000000000000000000 ) ) ;
#293 = FACE_BOUND ( 'NONE', #1924, .T. ) ;
#294 = EDGE_LOOP ( 'NONE', ( #1634, #715, #412, #1315 ) ) ;
#295 = FACE_OUTER_BOUND ( 'NONE', #1409, .T. ) ;
#296 = ORIENTED_EDGE ( 'NONE', *, *, #237, .T. ) ;
#297 = DIRECTION ( 'NONE',  ( 1.000000000000000000, -1.156482317317871478E-16, 0.000000000000000000 ) ) ;
#298 = VERTEX_POINT ( 'NONE', #751 ) ;
#299 = ADVANCED_FACE ( 'NONE', ( #1244 ), #1894, .F. ) ;
#300 = CARTESIAN_POINT ( 'NONE',  ( -40.00000000000000000, 12.50000000000001243, -7.000000000000000000 ) ) ;
#301 = DIRECTION ( 'NONE',  ( -0.000000000000000000, -0.000000000000000000, -1.000000000000000000 ) ) ;
#302 = EDGE_CURVE ( 'NONE', #1765, #448, #1141, .T. ) ;
#303 = DIRECTION ( 'NONE',  ( 0.000000000000000000, 1.000000000000000000, 9.251858538542971828E-16 ) ) ;
#304 = ORIENTED_EDGE ( 'NONE', *, *, #1742, .F. ) ;
#305 = DIRECTION ( 'NONE',  ( -1.000000000000000000, 1.156482317317871478E-16, 0.000000000000000000 ) ) ;
#306 = VECTOR ( 'NONE', #604, 1000.000000000000000 ) ;
#307 = ORIENTED_EDGE ( 'NONE', *, *, #116, .T. ) ;
#308 = AXIS2_PLACEMENT_3D ( 'NONE', #190, #2040, #1660 ) ;
#309 = CARTESIAN_POINT ( 'NONE',  ( 60.00000000000000711, -29.99999999999999645, -12.00000000000000000 ) ) ;
#310 = CARTESIAN_POINT ( 'NONE',  ( 60.00000000000000711, -1.999999999999991340, -9.799999999999998934 ) ) ;
#311 = CARTESIAN_POINT ( 'NONE',  ( 41.99999999999999289, 37.52943725152282894, -24.50000000000000000 ) ) ;
#312 = EDGE_CURVE ( 'NONE', #625, #1309, #1611, .T. ) ;
#313 = ORIENTED_EDGE ( 'NONE', *, *, #1434, .T. ) ;
#314 = AXIS2_PLACEMENT_3D ( 'NONE', #1997, #505, #1650 ) ;
#315 = DIRECTION ( 'NONE',  ( 1.000000000000000000, -2.312964634635742957E-16, 0.000000000000000000 ) ) ;
#316 = CARTESIAN_POINT ( 'NONE',  ( 26.99999999999999645, 49.29900190434337048, -20.49999999999998579 ) ) ;
#317 = VECTOR ( 'NONE', #987, 1000.000000000000000 ) ;
#318 = VECTOR ( 'NONE', #27, 1000.000000000000000 ) ;
#319 = ORIENTED_EDGE ( 'NONE', *, *, #1254, .F. ) ;
#320 = DIRECTION ( 'NONE',  ( -0.000000000000000000, 1.000000000000000000, -0.000000000000000000 ) ) ;
#321 = CARTESIAN_POINT ( 'NONE',  ( -41.80000000000000426, -12.49999999999997868, -12.00000000000000000 ) ) ;
#322 = CARTESIAN_POINT ( 'NONE',  ( 39.99999999999999289, 49.29900190434337048, -20.49999999999998934 ) ) ;
#323 = ORIENTED_EDGE ( 'NONE', *, *, #611, .F. ) ;
#324 = EDGE_CURVE ( 'NONE', #133, #1536, #774, .T. ) ;
#325 = FACE_OUTER_BOUND ( 'NONE', #1, .T. ) ;
#326 = PLANE ( 'NONE',  #1936 ) ;
#327 = EDGE_LOOP ( 'NONE', ( #262, #408, #984 ) ) ;
#328 = ADVANCED_FACE ( 'NONE', ( #1112 ), #948, .F. ) ;
#329 = CARTESIAN_POINT ( 'NONE',  ( -32.45000000000000284, -8.200000000000002842, 0.000000000000000000 ) ) ;
#330 = DIRECTION ( 'NONE',  ( -0.000000000000000000, -0.000000000000000000, 1.000000000000000000 ) ) ;
#331 = EDGE_LOOP ( 'NONE', ( #981, #2066, #1147, #837 ) ) ;
#332 = DIRECTION ( 'NONE',  ( -0.000000000000000000, 1.000000000000000000, -3.045137952715505745E-16 ) ) ;
#333 = ORIENTED_EDGE ( 'NONE', *, *, #458, .T. ) ;
#334 = EDGE_CURVE ( 'NONE', #439, #1102, #778, .T. ) ;
#335 = ORIENTED_EDGE ( 'NONE', *, *, #988, .F. ) ;
#336 = CARTESIAN_POINT ( 'NONE',  ( 60.00000000000001421, 20.88730162779186017, -12.00000000000000000 ) ) ;
#337 = LINE ( 'NONE', #524, #2055 ) ;
#338 = ORIENTED_EDGE ( 'NONE', *, *, #1032, .F. ) ;
#339 = CARTESIAN_POINT ( 'NONE',  ( 38.19999999999998153, 12.50000000000000178, -7.000000000000000000 ) ) ;
#340 = VECTOR ( 'NONE', #82, 1000.000000000000000 ) ;
#341 = VECTOR ( 'NONE', #1819, 1000.000000000000000 ) ;
#342 = CIRCLE ( 'NONE', #1750, 1.800000000000002931 ) ;
#343 = CARTESIAN_POINT ( 'NONE',  ( -49.00000000000002842, -29.99999999999997868, -9.799999999999998934 ) ) ;
#344 = ORIENTED_EDGE ( 'NONE', *, *, #1537, .T. ) ;
#345 = EDGE_CURVE ( 'NONE', #2039, #1450, #554, .T. ) ;
#346 = DIRECTION ( 'NONE',  ( -1.000000000000000000, 0.000000000000000000, -0.000000000000000000 ) ) ;
#347 = ORIENTED_EDGE ( 'NONE', *, *, #1707, .F. ) ;
#348 = VECTOR ( 'NONE', #218, 1000.000000000000000 ) ;
#349 = DIRECTION ( 'NONE',  ( 0.000000000000000000, 0.000000000000000000, 1.000000000000000000 ) ) ;
#350 = CARTESIAN_POINT ( 'NONE',  ( -60.00000000000001421, 49.29900190434338469, -24.50000000000000355 ) ) ;
#351 = ORIENTED_EDGE ( 'NONE', *, *, #827, .T. ) ;
#352 = EDGE_CURVE ( 'NONE', #1202, #226, #957, .T. ) ;
#353 = PLANE ( 'NONE',  #2015 ) ;
#354 = CARTESIAN_POINT ( 'NONE',  ( 32.45000000000000284, 8.200000000000002842, -12.00000000000000000 ) ) ;
#355 = FACE_BOUND ( 'NONE', #1702, .T. ) ;
#356 = CARTESIAN_POINT ( 'NONE',  ( 39.99999999999999289, 50.49999999999977973, -20.49999999999999289 ) ) ;
#357 = VERTEX_POINT ( 'NONE', #628 ) ;
#358 = CARTESIAN_POINT ( 'NONE',  ( 32.45000000000000284, -8.199999999999997513, -12.00000000000000000 ) ) ;
#359 = ORIENTED_EDGE ( 'NONE', *, *, #1155, .T. ) ;
#360 = DIRECTION ( 'NONE',  ( -1.000000000000000000, 0.000000000000000000, 0.000000000000000000 ) ) ;
#361 = DIRECTION ( 'NONE',  ( -0.000000000000000000, -0.000000000000000000, -1.000000000000000000 ) ) ;
#362 = ORIENTED_EDGE ( 'NONE', *, *, #1683, .T. ) ;
#363 = ADVANCED_FACE ( 'NONE', ( #157 ), #1786, .F. ) ;
#364 = LINE ( 'NONE', #694, #722 ) ;
#365 = SHAPE_DEFINITION_REPRESENTATION ( #25, #1310 ) ;
#366 = DIRECTION ( 'NONE',  ( 0.000000000000000000, 1.734723475976807094E-15, 1.000000000000000000 ) ) ;
#367 = ORIENTED_EDGE ( 'NONE', *, *, #1893, .T. ) ;
#368 = LINE ( 'NONE', #202, #377 ) ;
#369 = ORIENTED_EDGE ( 'NONE', *, *, #208, .T. ) ;
#370 = DIRECTION ( 'NONE',  ( -1.000000000000000000, 1.156482317317871478E-16, 0.000000000000000000 ) ) ;
#371 = EDGE_LOOP ( 'NONE', ( #1140, #74, #1528 ) ) ;
#372 = ADVANCED_FACE ( 'NONE', ( #799 ), #1440, .F. ) ;
#373 = CARTESIAN_POINT ( 'NONE',  ( -58.49999999999998579, 45.42640687119263276, -118.0000000000000000 ) ) ;
#374 = DIRECTION ( 'NONE',  ( 1.000000000000000000, -0.000000000000000000, 0.000000000000000000 ) ) ;
#375 = ORIENTED_EDGE ( 'NONE', *, *, #920, .F. ) ;
#376 = ADVANCED_FACE ( 'NONE', ( #173 ), #1449, .T. ) ;
#377 = VECTOR ( 'NONE', #2008, 1000.000000000000000 ) ;
#378 = LINE ( 'NONE', #1522, #1432 ) ;
#379 = ORIENTED_EDGE ( 'NONE', *, *, #167, .F. ) ;
#380 = CIRCLE ( 'NONE', #2018, 10.00000000000000178 ) ;
#381 = CARTESIAN_POINT ( 'NONE',  ( 26.99999999999999645, 55.49999999999971578, -25.49999999999998934 ) ) ;
#382 = CYLINDRICAL_SURFACE ( 'NONE', #595, 10.00000000000000178 ) ;
#383 = VECTOR ( 'NONE', #889, 1000.000000000000000 ) ;
#384 = ORIENTED_EDGE ( 'NONE', *, *, #312, .F. ) ;
#385 = DIRECTION ( 'NONE',  ( -1.000000000000000000, 0.000000000000000000, 0.000000000000000000 ) ) ;
#386 = ADVANCED_FACE ( 'NONE', ( #295 ), #1280, .F. ) ;
#387 = ORIENTED_EDGE ( 'NONE', *, *, #1770, .T. ) ;
#388 = SURFACE_SIDE_STYLE ('',( #586 ) ) ;
#389 = EDGE_CURVE ( 'NONE', #1693, #197, #2076, .T. ) ;
#390 = DIRECTION ( 'NONE',  ( 0.000000000000000000, 0.000000000000000000, -1.000000000000000000 ) ) ;
#391 = EDGE_LOOP ( 'NONE', ( #1344, #1257, #57, #2025 ) ) ;
#392 = CARTESIAN_POINT ( 'NONE',  ( -40.00000000000000000, -12.49999999999997868, -12.00000000000000000 ) ) ;
#393 = FACE_OUTER_BOUND ( 'NONE', #1186, .T. ) ;
#394 = ORIENTED_EDGE ( 'NONE', *, *, #1357, .T. ) ;
#395 = FACE_BOUND ( 'NONE', #33, .T. ) ;
#396 = DIRECTION ( 'NONE',  ( 0.000000000000000000, -0.000000000000000000, 1.000000000000000000 ) ) ;
#397 = VERTEX_POINT ( 'NONE', #322 ) ;
#398 = DIRECTION ( 'NONE',  ( 0.000000000000000000, -1.000000000000000000, 3.045137952715505745E-16 ) ) ;
#399 = VERTEX_POINT ( 'NONE', #656 ) ;
#400 = ADVANCED_FACE ( 'NONE', ( #975 ), #1311, .T. ) ;
#401 = DIRECTION ( 'NONE',  ( 1.982541115402065110E-16, 1.000000000000000000, 0.000000000000000000 ) ) ;
#402 = ORIENTED_EDGE ( 'NONE', *, *, #251, .T. ) ;
#403 = CARTESIAN_POINT ( 'NONE',  ( 39.99999999999999289, 49.29900190434337048, -22.99999999999999289 ) ) ;
#404 = FACE_BOUND ( 'NONE', #1853, .T. ) ;
#405 = ORIENTED_EDGE ( 'NONE', *, *, #477, .T. ) ;
#406 = PRODUCT_CONTEXT ( 'NONE', #1117, 'mechanical' ) ;
#407 = FACE_OUTER_BOUND ( 'NONE', #1080, .T. ) ;
#408 = ORIENTED_EDGE ( 'NONE', *, *, #1508, .F. ) ;
#409 = CARTESIAN_POINT ( 'NONE',  ( 32.45000000000000284, -8.199999999999997513, -12.00000000000000000 ) ) ;
#410 = LINE ( 'NONE', #260, #1884 ) ;
#411 = LINE ( 'NONE', #113, #681 ) ;
#412 = ORIENTED_EDGE ( 'NONE', *, *, #1395, .T. ) ;
#413 = ADVANCED_FACE ( 'NONE', ( #1928 ), #469, .T. ) ;
#414 = VECTOR ( 'NONE', #1722, 1000.000000000000000 ) ;
#415 = DIRECTION ( 'NONE',  ( 0.000000000000000000, -1.000000000000000000, 3.045137952715505745E-16 ) ) ;
#416 = DIRECTION ( 'NONE',  ( -1.156482317317871478E-16, -1.000000000000000000, 0.000000000000000000 ) ) ;
#417 = ORIENTED_EDGE ( 'NONE', *, *, #6, .F. ) ;
#418 = AXIS2_PLACEMENT_3D ( 'NONE', #223, #1995, #1671 ) ;
#419 = AXIS2_PLACEMENT_3D ( 'NONE', #1713, #594, #763 ) ;
#420 = DIRECTION ( 'NONE',  ( 0.000000000000000000, 0.000000000000000000, -1.000000000000000000 ) ) ;
#421 = VECTOR ( 'NONE', #1858, 1000.000000000000000 ) ;
#422 = ADVANCED_FACE ( 'NONE', ( #1130 ), #1500, .T. ) ;
#423 =( BOUNDED_CURVE ( )  B_SPLINE_CURVE ( 3, ( #1180, #686, #1841, #1079 ),
 .UNSPECIFIED., .F., .F. ) 
 B_SPLINE_CURVE_WITH_KNOTS ( ( 4, 4 ),
 ( 0.000000000000000000, 3.141592653589793116 ),
 .UNSPECIFIED. ) 
 CURVE ( )  GEOMETRIC_REPRESENTATION_ITEM ( )  RATIONAL_B_SPLINE_CURVE ( ( 1.000000000000000000, 0.3333333333333333703, 0.3333333333333333703, 1.000000000000000000 ) ) 
 REPRESENTATION_ITEM ( '' )  );
#424 = CARTESIAN_POINT ( 'NONE',  ( -49.00000000000003553, -30.00000000000000355, -19.29999999999999716 ) ) ;
#425 = CARTESIAN_POINT ( 'NONE',  ( 60.00000000000000000, 5.000000000000007994, -22.00000000000000000 ) ) ;
#426 = ORIENTED_EDGE ( 'NONE', *, *, #1274, .T. ) ;
#427 = CARTESIAN_POINT ( 'NONE',  ( -59.99999999999999289, -30.00000000000000355, 0.000000000000000000 ) ) ;
#428 = DIRECTION ( 'NONE',  ( -0.000000000000000000, -0.000000000000000000, 1.000000000000000000 ) ) ;
#429 = ORIENTED_EDGE ( 'NONE', *, *, #41, .F. ) ;
#430 = DIRECTION ( 'NONE',  ( -1.982541115402065110E-16, -1.000000000000000000, 0.000000000000000000 ) ) ;
#431 = EDGE_CURVE ( 'NONE', #1881, #1057, #152, .T. ) ;
#432 = CARTESIAN_POINT ( 'NONE',  ( 28.99999999999998579, 37.52943725152283605, -24.50000000000000000 ) ) ;
#433 = CARTESIAN_POINT ( 'NONE',  ( 39.99999999999999289, 49.29900190434337048, -22.99999999999999289 ) ) ;
#434 = LINE ( 'NONE', #597, #340 ) ;
#435 = VERTEX_POINT ( 'NONE', #541 ) ;
#436 = LINE ( 'NONE', #1698, #1580 ) ;
#437 = FACE_OUTER_BOUND ( 'NONE', #465, .T. ) ;
#438 =( BOUNDED_CURVE ( )  B_SPLINE_CURVE ( 3, ( #36, #1991, #204, #849 ),
 .UNSPECIFIED., .F., .T. ) 
 B_SPLINE_CURVE_WITH_KNOTS ( ( 4, 4 ),
 ( 0.000000000000000000, 3.141592653589793116 ),
 .UNSPECIFIED. ) 
 CURVE ( )  GEOMETRIC_REPRESENTATION_ITEM ( )  RATIONAL_B_SPLINE_CURVE ( ( 1.000000000000000000, 0.3333333333333333703, 0.3333333333333333703, 1.000000000000000000 ) ) 
 REPRESENTATION_ITEM ( '' )  );
#439 = VERTEX_POINT ( 'NONE', #1675 ) ;
#440 = DIRECTION ( 'NONE',  ( 1.156482317317871478E-16, 1.000000000000000000, -0.000000000000000000 ) ) ;
#441 = EDGE_CURVE ( 'NONE', #1929, #718, #61, .T. ) ;
#442 = CARTESIAN_POINT ( 'NONE',  ( 60.00000000000002132, 62.42640687119262566, -46.56854249492399589 ) ) ;
#443 = CIRCLE ( 'NONE', #77, 10.00000000000000000 ) ;
#444 = VERTEX_POINT ( 'NONE', #227 ) ;
#445 = EDGE_CURVE ( 'NONE', #463, #677, #438, .T. ) ;
#446 = CARTESIAN_POINT ( 'NONE',  ( 60.00000000000000000, 5.000000000000007994, -22.00000000000000000 ) ) ;
#447 = CYLINDRICAL_SURFACE ( 'NONE', #856, 1.800000000000002931 ) ;
#448 = VERTEX_POINT ( 'NONE', #49 ) ;
#449 = VECTOR ( 'NONE', #1532, 1000.000000000000000 ) ;
#450 = DIRECTION ( 'NONE',  ( 1.069961080215131224E-31, 9.251858538542971828E-16, -1.000000000000000000 ) ) ;
#451 = CIRCLE ( 'NONE', #516, 1.800000000000002931 ) ;
#452 = VECTOR ( 'NONE', #1994, 1000.000000000000000 ) ;
#453 = VERTEX_POINT ( 'NONE', #1845 ) ;
#454 = AXIS2_PLACEMENT_3D ( 'NONE', #1689, #217, #360 ) ;
#455 = EDGE_CURVE ( 'NONE', #1195, #922, #380, .T. ) ;
#456 = VECTOR ( 'NONE', #155, 1000.000000000000000 ) ;
#457 = CARTESIAN_POINT ( 'NONE',  ( -48.50000000000001421, 1.254783314289890728E-14, 0.000000000000000000 ) ) ;
#458 = EDGE_CURVE ( 'NONE', #960, #1808, #337, .T. ) ;
#459 = VERTEX_POINT ( 'NONE', #1955 ) ;
#460 = DIRECTION ( 'NONE',  ( 1.000000000000000000, -1.156482317317871478E-16, -0.000000000000000000 ) ) ;
#461 = CARTESIAN_POINT ( 'NONE',  ( -32.45000000000000284, -8.200000000000002842, -12.00000000000000000 ) ) ;
#462 = CARTESIAN_POINT ( 'NONE',  ( -38.19999999999999574, -12.49999999999997868, -7.000000000000000000 ) ) ;
#463 = VERTEX_POINT ( 'NONE', #381 ) ;
#464 = LINE ( 'NONE', #1931, #1154 ) ;
#465 = EDGE_LOOP ( 'NONE', ( #1697, #829, #658, #379 ) ) ;
#466 = LINE ( 'NONE', #784, #1272 ) ;
#467 = FACE_OUTER_BOUND ( 'NONE', #816, .T. ) ;
#468 = ORIENTED_EDGE ( 'NONE', *, *, #2034, .F. ) ;
#469 = PLANE ( 'NONE',  #685 ) ;
#470 = ORIENTED_EDGE ( 'NONE', *, *, #1421, .T. ) ;
#471 = CARTESIAN_POINT ( 'NONE',  ( -48.50000000000000000, 55.42640687119259013, -108.4999999999999858 ) ) ;
#472 = LINE ( 'NONE', #132, #1062 ) ;
#473 = ORIENTED_EDGE ( 'NONE', *, *, #1453, .T. ) ;
#474 = CARTESIAN_POINT ( 'NONE',  ( -55.00000000000000000, 5.000000000000022204, -12.00000000000000000 ) ) ;
#475 = LINE ( 'NONE', #1119, #13 ) ;
#476 = ORIENTED_EDGE ( 'NONE', *, *, #21, .F. ) ;
#477 = EDGE_CURVE ( 'NONE', #1996, #1350, #1372, .T. ) ;
#478 = CARTESIAN_POINT ( 'NONE',  ( 60.00000000000000711, -29.99999999999999645, -12.00000000000000000 ) ) ;
#479 = ORIENTED_EDGE ( 'NONE', *, *, #496, .F. ) ;
#480 = VECTOR ( 'NONE', #1317, 1000.000000000000000 ) ;
#481 = EDGE_CURVE ( 'NONE', #357, #1642, #1133, .T. ) ;
#482 = CARTESIAN_POINT ( 'NONE',  ( -45.00000000000000000, -4.999999999999981348, -22.00000000000000000 ) ) ;
#483 = LINE ( 'NONE', #1461, #279 ) ;
#484 = VECTOR ( 'NONE', #1794, 1000.000000000000000 ) ;
#485 = AXIS2_PLACEMENT_3D ( 'NONE', #1800, #1150, #1513 ) ;
#486 = AXIS2_PLACEMENT_3D ( 'NONE', #300, #515, #805 ) ;
#487 = ORIENTED_EDGE ( 'NONE', *, *, #972, .F. ) ;
#488 = CARTESIAN_POINT ( 'NONE',  ( 37.30769230769229949, 35.45251417459972743, -22.42307692307698375 ) ) ;
#489 = ORIENTED_EDGE ( 'NONE', *, *, #2059, .T. ) ;
#490 = DIRECTION ( 'NONE',  ( -1.000000000000000000, 0.000000000000000000, 0.000000000000000000 ) ) ;
#491 = ORIENTED_EDGE ( 'NONE', *, *, #1972, .T. ) ;
#492 = EDGE_CURVE ( 'NONE', #1616, #1486, #691, .T. ) ;
#493 = CYLINDRICAL_SURFACE ( 'NONE', #1334, 2.500000000000002220 ) ;
#494 = CARTESIAN_POINT ( 'NONE',  ( -60.00000000000001421, 49.29900190434338469, -21.50000000000000711 ) ) ;
#495 = ORIENTED_EDGE ( 'NONE', *, *, #988, .T. ) ;
#496 = EDGE_CURVE ( 'NONE', #636, #903, #1352, .T. ) ;
#497 = LINE ( 'NONE', #329, #210 ) ;
#498 = ORIENTED_EDGE ( 'NONE', *, *, #1774, .T. ) ;
#499 = CARTESIAN_POINT ( 'NONE',  ( 39.99999999999999289, 32.42640687119261145, -25.49999999999999289 ) ) ;
#500 = ORIENTED_EDGE ( 'NONE', *, *, #1863, .T. ) ;
#501 = CARTESIAN_POINT ( 'NONE',  ( -60.00000000000000000, 60.42640687119262566, -47.39696961967014488 ) ) ;
#502 = EDGE_CURVE ( 'NONE', #655, #1420, #1834, .T. ) ;
#503 = ORIENTED_EDGE ( 'NONE', *, *, #6, .T. ) ;
#504 = ORIENTED_EDGE ( 'NONE', *, *, #1339, .T. ) ;
#505 = DIRECTION ( 'NONE',  ( 1.000000000000000000, -1.156482317317871478E-16, 0.000000000000000000 ) ) ;
#506 = ORIENTED_EDGE ( 'NONE', *, *, #1521, .T. ) ;
#507 = CARTESIAN_POINT ( 'NONE',  ( -40.00000000000000000, -12.49999999999997868, -12.00000000000000000 ) ) ;
#508 = DIRECTION ( 'NONE',  ( 0.000000000000000000, 1.000000000000000000, 0.000000000000000000 ) ) ;
#509 = ORIENTED_EDGE ( 'NONE', *, *, #1434, .F. ) ;
#510 = DIRECTION ( 'NONE',  ( 0.000000000000000000, 0.000000000000000000, -1.000000000000000000 ) ) ;
#511 = CARTESIAN_POINT ( 'NONE',  ( -55.00000000000000000, -4.999999999999979572, -12.00000000000000000 ) ) ;
#512 = DIRECTION ( 'NONE',  ( 0.000000000000000000, 0.000000000000000000, -1.000000000000000000 ) ) ;
#513 = AXIS2_PLACEMENT_3D ( 'NONE', #1025, #1204, #1962 ) ;
#514 = ADVANCED_FACE ( 'NONE', ( #1825 ), #1526, .F. ) ;
#515 = DIRECTION ( 'NONE',  ( -0.000000000000000000, -0.000000000000000000, -1.000000000000000000 ) ) ;
#516 = AXIS2_PLACEMENT_3D ( 'NONE', #1376, #2024, #1282 ) ;
#517 = CARTESIAN_POINT ( 'NONE',  ( 22.00000000000000000, 55.49999999999972999, -25.49999999999999289 ) ) ;
#518 = ORIENTED_EDGE ( 'NONE', *, *, #1728, .T. ) ;
#519 = AXIS2_PLACEMENT_3D ( 'NONE', #1007, #195, #50 ) ;
#520 = EDGE_CURVE ( 'NONE', #1486, #1420, #1027, .T. ) ;
#521 = PLANE ( 'NONE',  #1777 ) ;
#522 = EDGE_LOOP ( 'NONE', ( #232, #1767, #896, #1024 ) ) ;
#523 = VECTOR ( 'NONE', #663, 1000.000000000000000 ) ;
#524 = CARTESIAN_POINT ( 'NONE',  ( -49.00000000000002842, -29.99999999999997868, -9.799999999999998934 ) ) ;
#525 = DIRECTION ( 'NONE',  ( 1.000000000000000000, -2.312964634635742957E-16, 0.000000000000000000 ) ) ;
#526 = VERTEX_POINT ( 'NONE', #1653 ) ;
#527 = ADVANCED_FACE ( 'NONE', ( #1666 ), #702, .T. ) ;
#528 = FACE_OUTER_BOUND ( 'NONE', #1463, .T. ) ;
#529 = DIRECTION ( 'NONE',  ( 1.000000000000000000, 0.000000000000000000, 0.000000000000000000 ) ) ;
#530 = LINE ( 'NONE', #1960, #1749 ) ;
#531 = VERTEX_POINT ( 'NONE', #1478 ) ;
#532 = CARTESIAN_POINT ( 'NONE',  ( 60.00000000000001421, 45.42640687119261855, -108.5000000000000000 ) ) ;
#533 = ORIENTED_EDGE ( 'NONE', *, *, #1594, .F. ) ;
#534 = EDGE_CURVE ( 'NONE', #1004, #1486, #1979, .T. ) ;
#535 = DIRECTION ( 'NONE',  ( -1.000000000000000000, 1.156482317317871478E-16, -0.000000000000000000 ) ) ;
#536 = VERTEX_POINT ( 'NONE', #665 ) ;
#537 = DIRECTION ( 'NONE',  ( 1.000000000000000000, 0.000000000000000000, -0.000000000000000000 ) ) ;
#538 = ORIENTED_EDGE ( 'NONE', *, *, #1525, .F. ) ;
#539 = CARTESIAN_POINT ( 'NONE',  ( 29.00000000000001421, 32.42640687119261145, -21.50000000000000711 ) ) ;
#540 = ORIENTED_EDGE ( 'NONE', *, *, #1587, .F. ) ;
#541 = CARTESIAN_POINT ( 'NONE',  ( 60.00000000000001421, 5.000000000000007994, -12.00000000000000000 ) ) ;
#542 = DIRECTION ( 'NONE',  ( -1.000000000000000000, 0.000000000000000000, 0.000000000000000000 ) ) ;
#543 = EDGE_CURVE ( 'NONE', #1126, #1156, #1523, .T. ) ;
#544 = ORIENTED_EDGE ( 'NONE', *, *, #624, .F. ) ;
#545 = AXIS2_PLACEMENT_3D ( 'NONE', #1888, #897, #2032 ) ;
#546 = PLANE ( 'NONE',  #1778 ) ;
#547 = CARTESIAN_POINT ( 'NONE',  ( -58.49999999999998579, 45.42640687119263276, -118.0000000000000000 ) ) ;
#548 = EDGE_CURVE ( 'NONE', #1229, #448, #92, .T. ) ;
#549 = VERTEX_POINT ( 'NONE', #1051 ) ;
#550 = ORIENTED_EDGE ( 'NONE', *, *, #1246, .F. ) ;
#551 = VECTOR ( 'NONE', #2033, 1000.000000000000000 ) ;
#552 = CARTESIAN_POINT ( 'NONE',  ( 0.000000000000000000, 0.000000000000000000, -22.00000000000000000 ) ) ;
#553 = VERTEX_POINT ( 'NONE', #238 ) ;
#554 = CIRCLE ( 'NONE', #1165, 10.00000000000000178 ) ;
#555 = CARTESIAN_POINT ( 'NONE',  ( 49.00000000000002132, -29.99999999999999289, -19.29999999999999716 ) ) ;
#556 = CARTESIAN_POINT ( 'NONE',  ( 38.19999999999998153, 12.50000000000000178, -7.000000000000000000 ) ) ;
#557 = VECTOR ( 'NONE', #1109, 1000.000000000000000 ) ;
#558 = EDGE_LOOP ( 'NONE', ( #1620, #1358, #1612, #1502 ) ) ;
#559 = CARTESIAN_POINT ( 'NONE',  ( 60.00000000000000000, 32.92893218813453871, -2.928932188134562242 ) ) ;
#560 = EDGE_CURVE ( 'NONE', #958, #1561, #1378, .T. ) ;
#561 = ORIENTED_EDGE ( 'NONE', *, *, #991, .F. ) ;
#562 = CARTESIAN_POINT ( 'NONE',  ( -59.99999999999999289, 25.85786437626902412, -10.00000000000000000 ) ) ;
#563 = CARTESIAN_POINT ( 'NONE',  ( -40.00000000000000000, 12.50000000000001243, -12.00000000000000000 ) ) ;
#564 = CARTESIAN_POINT ( 'NONE',  ( 48.50000000000001421, 60.42640687119261855, -118.0000000000000000 ) ) ;
#565 = ORIENTED_EDGE ( 'NONE', *, *, #389, .F. ) ;
#566 = DIRECTION ( 'NONE',  ( -1.000000000000000000, 1.156482317317871478E-16, 0.000000000000000000 ) ) ;
#567 = CARTESIAN_POINT ( 'NONE',  ( -40.00000000000000000, -12.49999999999997868, -7.000000000000000000 ) ) ;
#568 = ORIENTED_EDGE ( 'NONE', *, *, #352, .F. ) ;
#569 = APPLICATION_PROTOCOL_DEFINITION ( 'draft international standard', 'automotive_design', 1998, #1117 ) ;
#570 = DIRECTION ( 'NONE',  ( -0.000000000000000000, 1.000000000000000000, -3.045137952715505745E-16 ) ) ;
#571 = CARTESIAN_POINT ( 'NONE',  ( -60.00000000000000000, 27.95836943965737120, -14.92893218813456180 ) ) ;
#572 = ORIENTED_EDGE ( 'NONE', *, *, #237, .F. ) ;
#573 = ADVANCED_FACE ( 'NONE', ( #599 ), #2026, .T. ) ;
#574 = DIRECTION ( 'NONE',  ( -0.000000000000000000, 0.000000000000000000, 1.000000000000000000 ) ) ;
#575 = LINE ( 'NONE', #1222, #1235 ) ;
#576 = PRODUCT_DEFINITION ( 'UNKNOWN', '', #583, #1050 ) ;
#577 = LINE ( 'NONE', #272, #449 ) ;
#578 = ORIENTED_EDGE ( 'NONE', *, *, #1223, .F. ) ;
#579 = LINE ( 'NONE', #1226, #1169 ) ;
#580 = CARTESIAN_POINT ( 'NONE',  ( 38.00000000000000000, 49.29900190434337048, -24.50000000000000355 ) ) ;
#581 = ORIENTED_EDGE ( 'NONE', *, *, #1923, .T. ) ;
#582 = FACE_OUTER_BOUND ( 'NONE', #1823, .T. ) ;
#583 = PRODUCT_DEFINITION_FORMATION_WITH_SPECIFIED_SOURCE ( 'ANY', '', #1657, .NOT_KNOWN. ) ;
#584 = ORIENTED_EDGE ( 'NONE', *, *, #1323, .F. ) ;
#585 = LINE ( 'NONE', #1212, #1495 ) ;
#586 = SURFACE_STYLE_FILL_AREA ( #105 ) ;
#587 = LINE ( 'NONE', #425, #1914 ) ;
#588 = ORIENTED_EDGE ( 'NONE', *, *, #1365, .T. ) ;
#589 = EDGE_CURVE ( 'NONE', #662, #439, #1734, .T. ) ;
#590 = VECTOR ( 'NONE', #1582, 1000.000000000000000 ) ;
#591 = LINE ( 'NONE', #1074, #18 ) ;
#592 = CARTESIAN_POINT ( 'NONE',  ( 26.99999999999999645, 49.29900190434337048, -22.99999999999998579 ) ) ;
#593 = VECTOR ( 'NONE', #125, 1000.000000000000000 ) ;
#594 = DIRECTION ( 'NONE',  ( -1.000000000000000000, 0.000000000000000000, 0.000000000000000000 ) ) ;
#595 = AXIS2_PLACEMENT_3D ( 'NONE', #239, #1028, #850 ) ;
#596 = DIRECTION ( 'NONE',  ( -1.156482317317871478E-16, -1.000000000000000000, 0.000000000000000000 ) ) ;
#597 = CARTESIAN_POINT ( 'NONE',  ( 60.00000000000000000, 20.88730162779186372, -12.00000000000000000 ) ) ;
#598 = VERTEX_POINT ( 'NONE', #1562 ) ;
#599 = FACE_OUTER_BOUND ( 'NONE', #139, .T. ) ;
#600 = FACE_OUTER_BOUND ( 'NONE', #243, .T. ) ;
#601 = ORIENTED_EDGE ( 'NONE', *, *, #234, .F. ) ;
#602 = EDGE_CURVE ( 'NONE', #453, #97, #1363, .T. ) ;
#603 = CARTESIAN_POINT ( 'NONE',  ( 39.99999999999999289, 50.49999999999977973, -20.49999999999999289 ) ) ;
#604 = DIRECTION ( 'NONE',  ( -0.000000000000000000, 1.836327642138343694E-16, 1.000000000000000000 ) ) ;
#605 = ORIENTED_EDGE ( 'NONE', *, *, #1423, .F. ) ;
#606 = CARTESIAN_POINT ( 'NONE',  ( 60.00000000000000000, 60.42640687119262566, -47.39696961967014488 ) ) ;
#607 = LINE ( 'NONE', #1589, #1033 ) ;
#608 = ORIENTED_EDGE ( 'NONE', *, *, #2030, .T. ) ;
#609 = EDGE_CURVE ( 'NONE', #767, #1016, #436, .T. ) ;
#610 = DIRECTION ( 'NONE',  ( -1.000000000000000000, 0.000000000000000000, 0.000000000000000000 ) ) ;
#611 = EDGE_CURVE ( 'NONE', #448, #1229, #792, .T. ) ;
#612 = DIRECTION ( 'NONE',  ( 0.000000000000000000, 0.7071067811865437980, -0.7071067811865513475 ) ) ;
#613 = ORIENTED_EDGE ( 'NONE', *, *, #2070, .T. ) ;
#614 = LINE ( 'NONE', #642, #1073 ) ;
#615 = CARTESIAN_POINT ( 'NONE',  ( -49.00000000000002132, -1.999999999999978684, -9.799999999999998934 ) ) ;
#616 = VECTOR ( 'NONE', #1619, 1000.000000000000000 ) ;
#617 = DIRECTION ( 'NONE',  ( 0.000000000000000000, -1.000000000000000000, -9.251858538542971828E-16 ) ) ;
#618 = VECTOR ( 'NONE', #2006, 1000.000000000000000 ) ;
#619 = ORIENTED_EDGE ( 'NONE', *, *, #1177, .T. ) ;
#620 = AXIS2_PLACEMENT_3D ( 'NONE', #1565, #1253, #110 ) ;
#621 = DIRECTION ( 'NONE',  ( 1.000000000000000000, -1.156482317317871478E-16, -0.000000000000000000 ) ) ;
#622 = VECTOR ( 'NONE', #925, 1000.000000000000000 ) ;
#623 = FACE_OUTER_BOUND ( 'NONE', #1402, .T. ) ;
#624 = EDGE_CURVE ( 'NONE', #1756, #526, #1581, .T. ) ;
#625 = VERTEX_POINT ( 'NONE', #1743 ) ;
#626 = LINE ( 'NONE', #309, #688 ) ;
#627 = DIRECTION ( 'NONE',  ( -1.000000000000000000, 0.000000000000000000, -0.000000000000000000 ) ) ;
#628 = CARTESIAN_POINT ( 'NONE',  ( -55.00000000000000000, 5.000000000000022204, -22.00000000000000000 ) ) ;
#629 = VERTEX_POINT ( 'NONE', #1215 ) ;
#630 = LINE ( 'NONE', #564, #1503 ) ;
#631 = LINE ( 'NONE', #1625, #890 ) ;
#632 = EDGE_CURVE ( 'NONE', #1691, #459, #908, .T. ) ;
#633 = ORIENTED_EDGE ( 'NONE', *, *, #2002, .T. ) ;
#634 = CARTESIAN_POINT ( 'NONE',  ( 39.99999999999999289, 55.49999999999972999, -25.50000000000000000 ) ) ;
#635 = CARTESIAN_POINT ( 'NONE',  ( -45.00000000000000000, -4.999999999999981348, -22.00000000000000000 ) ) ;
#636 = VERTEX_POINT ( 'NONE', #249 ) ;
#637 = DIRECTION ( 'NONE',  ( -0.000000000000000000, -0.000000000000000000, -1.000000000000000000 ) ) ;
#638 = EDGE_LOOP ( 'NONE', ( #429, #1700, #1383, #209 ) ) ;
#639 = DIRECTION ( 'NONE',  ( -1.000000000000000000, 0.000000000000000000, 0.000000000000000000 ) ) ;
#640 = CARTESIAN_POINT ( 'NONE',  ( 58.50000000000004974, 45.42640687119261855, -118.0000000000000000 ) ) ;
#641 = EDGE_LOOP ( 'NONE', ( #891, #1718, #1459, #1909 ) ) ;
#642 = CARTESIAN_POINT ( 'NONE',  ( 49.00000000000002132, -1.999999999999990008, -19.29999999999999716 ) ) ;
#643 = CARTESIAN_POINT ( 'NONE',  ( 25.00000000000000711, 37.52943725152283605, -24.50000000000000000 ) ) ;
#644 = ORIENTED_EDGE ( 'NONE', *, *, #1210, .T. ) ;
#645 = EDGE_CURVE ( 'NONE', #986, #1929, #1036, .T. ) ;
#646 = DIRECTION ( 'NONE',  ( -0.000000000000000000, -0.000000000000000000, -1.000000000000000000 ) ) ;
#647 = ORIENTED_EDGE ( 'NONE', *, *, #609, .T. ) ;
#648 = VECTOR ( 'NONE', #428, 1000.000000000000000 ) ;
#649 = LINE ( 'NONE', #1482, #89 ) ;
#650 = LINE ( 'NONE', #1275, #714 ) ;
#651 = AXIS2_PLACEMENT_3D ( 'NONE', #994, #1039, #1159 ) ;
#652 = VECTOR ( 'NONE', #918, 1000.000000000000000 ) ;
#653 = ORIENTED_EDGE ( 'NONE', *, *, #782, .F. ) ;
#654 = LINE ( 'NONE', #461, #1467 ) ;
#655 = VERTEX_POINT ( 'NONE', #1083 ) ;
#656 = CARTESIAN_POINT ( 'NONE',  ( 58.50000000000004974, 45.42640687119261855, -108.5000000000000000 ) ) ;
#657 = EDGE_CURVE ( 'NONE', #655, #1488, #748, .T. ) ;
#658 = ORIENTED_EDGE ( 'NONE', *, *, #502, .T. ) ;
#659 = DIRECTION ( 'NONE',  ( 0.000000000000000000, -0.000000000000000000, 1.000000000000000000 ) ) ;
#660 = ORIENTED_EDGE ( 'NONE', *, *, #184, .F. ) ;
#661 = DIRECTION ( 'NONE',  ( -0.000000000000000000, -0.7071067811865439090, 0.7071067811865512365 ) ) ;
#662 = VERTEX_POINT ( 'NONE', #555 ) ;
#663 = DIRECTION ( 'NONE',  ( 0.000000000000000000, 0.000000000000000000, 1.000000000000000000 ) ) ;
#664 = EDGE_LOOP ( 'NONE', ( #1465, #1173, #1686, #304 ) ) ;
#665 = CARTESIAN_POINT ( 'NONE',  ( 48.50000000000001421, 60.42640687119261855, -118.0000000000000000 ) ) ;
#666 = ORIENTED_EDGE ( 'NONE', *, *, #735, .T. ) ;
#667 = ADVANCED_FACE ( 'NONE', ( #905 ), #888, .T. ) ;
#668 = DIRECTION ( 'NONE',  ( -0.000000000000000000, -0.000000000000000000, -1.000000000000000000 ) ) ;
#669 = CARTESIAN_POINT ( 'NONE',  ( 32.45000000000000284, -8.199999999999997513, 0.000000000000000000 ) ) ;
#670 = CARTESIAN_POINT ( 'NONE',  ( -59.99999999999999289, 25.85786437626902057, 0.000000000000000000 ) ) ;
#671 = ORIENTED_EDGE ( 'NONE', *, *, #1567, .T. ) ;
#672 = DIRECTION ( 'NONE',  ( -1.000000000000000000, 0.000000000000000000, 0.000000000000000000 ) ) ;
#673 = ORIENTED_EDGE ( 'NONE', *, *, #120, .T. ) ;
#674 = VECTOR ( 'NONE', #1153, 1000.000000000000000 ) ;
#675 = CARTESIAN_POINT ( 'NONE',  ( -48.50000000000000000, 60.42640687119263276, -108.4999999999999858 ) ) ;
#676 = LINE ( 'NONE', #350, #348 ) ;
#677 = VERTEX_POINT ( 'NONE', #1709 ) ;
#678 = DIRECTION ( 'NONE',  ( -1.000000000000000000, 0.000000000000000000, 0.000000000000000000 ) ) ;
#679 = CARTESIAN_POINT ( 'NONE',  ( -48.50000000000000000, 60.42640687119263276, -108.4999999999999858 ) ) ;
#680 =( NAMED_UNIT ( * ) PLANE_ANGLE_UNIT ( ) SI_UNIT ( $, .RADIAN. ) );
#681 = VECTOR ( 'NONE', #793, 1000.000000000000000 ) ;
#682 = AXIS2_PLACEMENT_3D ( 'NONE', #563, #734, #1546 ) ;
#683 = EDGE_CURVE ( 'NONE', #1872, #2039, #1867, .T. ) ;
#684 = CIRCLE ( 'NONE', #1370, 2.500000000000002220 ) ;
#685 = AXIS2_PLACEMENT_3D ( 'NONE', #478, #1121, #964 ) ;
#686 = CARTESIAN_POINT ( 'NONE',  ( 45.00000000000000000, 55.49999999999972999, -25.50000000000000355 ) ) ;
#687 = ORIENTED_EDGE ( 'NONE', *, *, #645, .T. ) ;
#688 = VECTOR ( 'NONE', #292, 1000.000000000000000 ) ;
#689 = CARTESIAN_POINT ( 'NONE',  ( 60.00000000000000711, -29.99999999999999645, -12.00000000000000000 ) ) ;
#690 = ORIENTED_EDGE ( 'NONE', *, *, #768, .F. ) ;
#691 = LINE ( 'NONE', #675, #938 ) ;
#692 = CARTESIAN_POINT ( 'NONE',  ( 24.99999999999997868, 32.42640687119261145, -21.50000000000000711 ) ) ;
#693 = ORIENTED_EDGE ( 'NONE', *, *, #2034, .T. ) ;
#694 = CARTESIAN_POINT ( 'NONE',  ( -49.00000000000002842, -29.99999999999997868, -9.799999999999998934 ) ) ;
#695 = PLANE ( 'NONE',  #789 ) ;
#696 = CARTESIAN_POINT ( 'NONE',  ( 39.99999999999998579, 12.50000000000000178, -7.000000000000000000 ) ) ;
#697 = CARTESIAN_POINT ( 'NONE',  ( 34.99999999999999289, 50.49999999999977973, -20.49999999999999289 ) ) ;
#698 = ORIENTED_EDGE ( 'NONE', *, *, #1382, .F. ) ;
#699 = EDGE_CURVE ( 'NONE', #775, #744, #579, .T. ) ;
#700 = PLANE ( 'NONE',  #1714 ) ;
#701 = ORIENTED_EDGE ( 'NONE', *, *, #1457, .T. ) ;
#702 = PLANE ( 'NONE',  #1682 ) ;
#703 = DIRECTION ( 'NONE',  ( -0.000000000000000000, 1.000000000000000000, -3.045137952715505745E-16 ) ) ;
#704 = EDGE_LOOP ( 'NONE', ( #1927, #1847, #1273, #201 ) ) ;
#705 = EDGE_CURVE ( 'NONE', #1616, #1488, #591, .T. ) ;
#706 = FACE_OUTER_BOUND ( 'NONE', #976, .T. ) ;
#707 = ORIENTED_EDGE ( 'NONE', *, *, #1824, .F. ) ;
#708 = CARTESIAN_POINT ( 'NONE',  ( 39.99999999999999289, 55.49999999999972999, -25.50000000000000000 ) ) ;
#709 = ORIENTED_EDGE ( 'NONE', *, *, #1076, .T. ) ;
#710 = DIRECTION ( 'NONE',  ( 0.000000000000000000, 0.000000000000000000, -1.000000000000000000 ) ) ;
#711 = VERTEX_POINT ( 'NONE', #274 ) ;
#712 = DIRECTION ( 'NONE',  ( 0.000000000000000000, 1.000000000000000000, 5.204170427930420494E-15 ) ) ;
#713 = CARTESIAN_POINT ( 'NONE',  ( 60.00000000000000711, -29.99999999999999645, 0.000000000000000000 ) ) ;
#714 = VECTOR ( 'NONE', #951, 1000.000000000000000 ) ;
#715 = ORIENTED_EDGE ( 'NONE', *, *, #1078, .F. ) ;
#716 = EDGE_CURVE ( 'NONE', #967, #1004, #1570, .T. ) ;
#717 = CARTESIAN_POINT ( 'NONE',  ( 42.00000000000002842, 34.52943725152277921, -21.50000000000003197 ) ) ;
#718 = VERTEX_POINT ( 'NONE', #634 ) ;
#719 = CARTESIAN_POINT ( 'NONE',  ( -60.00000000000001421, 49.29900190434338469, -24.50000000000000355 ) ) ;
#720 = VECTOR ( 'NONE', #301, 1000.000000000000000 ) ;
#721 = VECTOR ( 'NONE', #1703, 1000.000000000000000 ) ;
#722 = VECTOR ( 'NONE', #2017, 1000.000000000000000 ) ;
#723 = CARTESIAN_POINT ( 'NONE',  ( 32.45000000000000284, 8.200000000000002842, 0.000000000000000000 ) ) ;
#724 = ORIENTED_EDGE ( 'NONE', *, *, #2030, .F. ) ;
#725 = AXIS2_PLACEMENT_3D ( 'NONE', #1964, #349, #1342 ) ;
#726 = DIRECTION ( 'NONE',  ( 3.409093003151303605E-32, 2.947812475903406485E-16, 1.000000000000000000 ) ) ;
#727 = CARTESIAN_POINT ( 'NONE',  ( -60.00000000000000000, 32.92893218813453871, -2.928932188134562242 ) ) ;
#728 = VECTOR ( 'NONE', #917, 1000.000000000000000 ) ;
#729 = VERTEX_POINT ( 'NONE', #945 ) ;
#730 = ADVANCED_FACE ( 'NONE', ( #1286 ), #1437, .F. ) ;
#731 = CARTESIAN_POINT ( 'NONE',  ( -48.50000000000000000, 60.42640687119263276, -118.0000000000000000 ) ) ;
#732 = VERTEX_POINT ( 'NONE', #474 ) ;
#733 = CARTESIAN_POINT ( 'NONE',  ( 42.00000000000000711, 32.42640687119261145, -21.50000000000000711 ) ) ;
#734 = DIRECTION ( 'NONE',  ( 0.000000000000000000, 0.000000000000000000, -1.000000000000000000 ) ) ;
#735 = EDGE_CURVE ( 'NONE', #1454, #1181, #953, .T. ) ;
#736 = DIRECTION ( 'NONE',  ( -0.7071067811865485719, 0.7071067811865465735, -0.000000000000000000 ) ) ;
#737 = ORIENTED_EDGE ( 'NONE', *, *, #1591, .T. ) ;
#738 = CARTESIAN_POINT ( 'NONE',  ( 45.00000000000000000, -4.999999999999990230, -22.00000000000000000 ) ) ;
#739 = DIRECTION ( 'NONE',  ( -0.000000000000000000, -0.000000000000000000, -1.000000000000000000 ) ) ;
#740 = ORIENTED_EDGE ( 'NONE', *, *, #1499, .T. ) ;
#741 = PLANE ( 'NONE',  #1641 ) ;
#742 = ORIENTED_EDGE ( 'NONE', *, *, #1032, .T. ) ;
#743 = DIRECTION ( 'NONE',  ( -1.000000000000000000, 0.000000000000000000, 0.000000000000000000 ) ) ;
#744 = VERTEX_POINT ( 'NONE', #1925 ) ;
#745 = ADVANCED_FACE ( 'NONE', ( #1918 ), #1661, .F. ) ;
#746 = CARTESIAN_POINT ( 'NONE',  ( 55.00000000000000000, 5.000000000000007994, -22.00000000000000000 ) ) ;
#747 = ORIENTED_EDGE ( 'NONE', *, *, #944, .F. ) ;
#748 = LINE ( 'NONE', #128, #1982 ) ;
#749 = DIRECTION ( 'NONE',  ( 0.000000000000000000, -0.000000000000000000, 1.000000000000000000 ) ) ;
#750 = ORIENTED_EDGE ( 'NONE', *, *, #1554, .F. ) ;
#751 = CARTESIAN_POINT ( 'NONE',  ( -60.00000000000000000, 72.42640687119262566, -46.56854249492399589 ) ) ;
#752 = CARTESIAN_POINT ( 'NONE',  ( 29.00000000000003553, 34.52943725152278631, -21.50000000000003553 ) ) ;
#753 = LINE ( 'NONE', #1056, #593 ) ;
#754 = EDGE_CURVE ( 'NONE', #629, #1016, #1597, .T. ) ;
#755 = CARTESIAN_POINT ( 'NONE',  ( -60.00000000000000000, 30.00000000000000711, 0.000000000000000000 ) ) ;
#756 = EDGE_LOOP ( 'NONE', ( #1301, #1942 ) ) ;
#757 = AXIS2_PLACEMENT_3D ( 'NONE', #1548, #1732, #280 ) ;
#758 = CARTESIAN_POINT ( 'NONE',  ( 24.99999999999996803, 34.52943725152285026, -21.50000000000000711 ) ) ;
#759 = DIRECTION ( 'NONE',  ( 1.000000000000000000, 0.000000000000000000, -0.000000000000000000 ) ) ;
#760 = EDGE_LOOP ( 'NONE', ( #1726, #833, #1239, #1329 ) ) ;
#761 = AXIS2_PLACEMENT_3D ( 'NONE', #31, #11, #1938 ) ;
#762 = AXIS2_PLACEMENT_3D ( 'NONE', #1882, #1422, #610 ) ;
#763 = DIRECTION ( 'NONE',  ( 0.000000000000000000, 0.000000000000000000, 1.000000000000000000 ) ) ;
#764 = AXIS2_PLACEMENT_3D ( 'NONE', #1101, #1093, #1744 ) ;
#765 = CARTESIAN_POINT ( 'NONE',  ( 39.99999999999999289, 32.42640687119261145, -22.99999999999998934 ) ) ;
#766 = CARTESIAN_POINT ( 'NONE',  ( -49.00000000000002842, -29.99999999999997868, -19.29999999999999716 ) ) ;
#767 = VERTEX_POINT ( 'NONE', #1588 ) ;
#768 = EDGE_CURVE ( 'NONE', #1921, #1454, #1447, .T. ) ;
#769 = CARTESIAN_POINT ( 'NONE',  ( 37.99999999999999289, 37.52943725152282894, -24.50000000000000000 ) ) ;
#770 = ORIENTED_EDGE ( 'NONE', *, *, #189, .T. ) ;
#771 = EDGE_CURVE ( 'NONE', #439, #1454, #614, .T. ) ;
#772 = CARTESIAN_POINT ( 'NONE',  ( 60.00000000000000000, 72.42640687119261145, -118.0000000000000000 ) ) ;
#773 = DIRECTION ( 'NONE',  ( 0.000000000000000000, 0.000000000000000000, -1.000000000000000000 ) ) ;
#774 =( BOUNDED_CURVE ( )  B_SPLINE_CURVE ( 3, ( #1920, #1458, #145, #311 ),
 .UNSPECIFIED., .F., .F. ) 
 B_SPLINE_CURVE_WITH_KNOTS ( ( 4, 4 ),
 ( 4.068887871591426730, 5.355890089177994362 ),
 .UNSPECIFIED. ) 
 CURVE ( )  GEOMETRIC_REPRESENTATION_ITEM ( )  RATIONAL_B_SPLINE_CURVE ( ( 1.000000000000000000, 0.8666666666666668073, 0.8666666666666668073, 1.000000000000000000 ) ) 
 REPRESENTATION_ITEM ( '' )  );
#775 = VERTEX_POINT ( 'NONE', #1127 ) ;
#776 = DIRECTION ( 'NONE',  ( -1.000000000000000000, 1.982541115402065110E-16, 0.000000000000000000 ) ) ;
#777 = ORIENTED_EDGE ( 'NONE', *, *, #1863, .F. ) ;
#778 = LINE ( 'NONE', #1764, #1237 ) ;
#779 = EDGE_CURVE ( 'NONE', #226, #399, #1455, .T. ) ;
#780 = ORIENTED_EDGE ( 'NONE', *, *, #1046, .F. ) ;
#781 = CARTESIAN_POINT ( 'NONE',  ( -59.99999999999999289, -30.00000000000000355, -12.00000000000000000 ) ) ;
#782 = EDGE_CURVE ( 'NONE', #536, #1202, #466, .T. ) ;
#783 = ORIENTED_EDGE ( 'NONE', *, *, #1484, .T. ) ;
#784 = CARTESIAN_POINT ( 'NONE',  ( 48.50000000000001421, 60.42640687119261855, -118.0000000000000000 ) ) ;
#785 = CARTESIAN_POINT ( 'NONE',  ( -59.99999999999999289, -30.00000000000000355, -12.00000000000000000 ) ) ;
#786 = EDGE_LOOP ( 'NONE', ( #666, #60, #1380, #2048 ) ) ;
#787 = VECTOR ( 'NONE', #34, 1000.000000000000000 ) ;
#788 = CARTESIAN_POINT ( 'NONE',  ( -60.00000000000000000, 5.000000000000023093, -22.00000000000000000 ) ) ;
#789 = AXIS2_PLACEMENT_3D ( 'NONE', #1346, #374, #1031 ) ;
#790 = VERTEX_POINT ( 'NONE', #2067 ) ;
#791 = EDGE_CURVE ( 'NONE', #1837, #1921, #626, .T. ) ;
#792 = CIRCLE ( 'NONE', #1241, 1.800000000000002931 ) ;
#793 = DIRECTION ( 'NONE',  ( -0.000000000000000000, 1.000000000000000000, -3.045137952715505745E-16 ) ) ;
#794 = LINE ( 'NONE', #1145, #2073 ) ;
#795 = ORIENTED_EDGE ( 'NONE', *, *, #1005, .T. ) ;
#796 = EDGE_CURVE ( 'NONE', #97, #1583, #1118, .T. ) ;
#797 = DIRECTION ( 'NONE',  ( 1.156482317317871478E-16, 1.000000000000000000, -0.000000000000000000 ) ) ;
#798 = CARTESIAN_POINT ( 'NONE',  ( 39.99999999999998579, -12.49999999999997868, -7.000000000000000000 ) ) ;
#799 = FACE_OUTER_BOUND ( 'NONE', #294, .T. ) ;
#800 = VERTEX_POINT ( 'NONE', #1618 ) ;
#801 = CARTESIAN_POINT ( 'NONE',  ( 60.00000000000000000, 5.000000000000007994, -22.00000000000000000 ) ) ;
#802 = DIRECTION ( 'NONE',  ( 0.000000000000000000, 0.000000000000000000, 1.000000000000000000 ) ) ;
#803 = EDGE_CURVE ( 'NONE', #435, #1195, #1426, .T. ) ;
#804 = ORIENTED_EDGE ( 'NONE', *, *, #754, .T. ) ;
#805 = DIRECTION ( 'NONE',  ( -1.000000000000000000, 0.000000000000000000, 0.000000000000000000 ) ) ;
#806 = CARTESIAN_POINT ( 'NONE',  ( -45.00000000000000000, 5.000000000000019540, -22.00000000000000000 ) ) ;
#807 = DIRECTION ( 'NONE',  ( 0.000000000000000000, 0.000000000000000000, 1.000000000000000000 ) ) ;
#808 = EDGE_LOOP ( 'NONE', ( #1791, #387, #777, #1572 ) ) ;
#809 = CARTESIAN_POINT ( 'NONE',  ( 41.99999999999999289, 37.52943725152282894, -24.50000000000000000 ) ) ;
#810 = CARTESIAN_POINT ( 'NONE',  ( -60.00000000000001421, 34.52943725152285737, -21.50000000000000711 ) ) ;
#811 = ORIENTED_EDGE ( 'NONE', *, *, #1868, .F. ) ;
#812 = EDGE_CURVE ( 'NONE', #1622, #435, #1168, .T. ) ;
#813 = DIRECTION ( 'NONE',  ( 1.000000000000000000, 0.000000000000000000, 0.000000000000000000 ) ) ;
#814 = ORIENTED_EDGE ( 'NONE', *, *, #1626, .T. ) ;
#815 = DIRECTION ( 'NONE',  ( -0.000000000000000000, 1.000000000000000000, -3.045137952715505745E-16 ) ) ;
#816 = EDGE_LOOP ( 'NONE', ( #1151, #88, #1116, #28 ) ) ;
#817 = VECTOR ( 'NONE', #156, 1000.000000000000000 ) ;
#818 = ADVANCED_FACE ( 'NONE', ( #355, #1012, #1418 ), #134, .F. ) ;
#819 = VECTOR ( 'NONE', #1574, 1000.000000000000000 ) ;
#820 = AXIS2_PLACEMENT_3D ( 'NONE', #1178, #1164, #231 ) ;
#821 = DIRECTION ( 'NONE',  ( -0.000000000000000000, -0.000000000000000000, -1.000000000000000000 ) ) ;
#822 =( NAMED_UNIT ( * ) SI_UNIT ( $, .STERADIAN. ) SOLID_ANGLE_UNIT ( ) );
#823 = VECTOR ( 'NONE', #621, 1000.000000000000000 ) ;
#824 = VERTEX_POINT ( 'NONE', #571 ) ;
#825 = LINE ( 'NONE', #1511, #480 ) ;
#826 = ORIENTED_EDGE ( 'NONE', *, *, #222, .T. ) ;
#827 = EDGE_CURVE ( 'NONE', #1102, #1181, #78, .T. ) ;
#828 = DIRECTION ( 'NONE',  ( 1.000000000000000000, -1.156482317317871478E-16, 0.000000000000000000 ) ) ;
#829 = ORIENTED_EDGE ( 'NONE', *, *, #1323, .T. ) ;
#830 = EDGE_CURVE ( 'NONE', #861, #1799, #1746, .T. ) ;
#831 = CARTESIAN_POINT ( 'NONE',  ( 48.50000000000001421, 55.42640687119263276, 0.000000000000000000 ) ) ;
#832 = CARTESIAN_POINT ( 'NONE',  ( 39.99999999999998579, -12.49999999999997868, -7.000000000000000000 ) ) ;
#833 = ORIENTED_EDGE ( 'NONE', *, *, #1177, .F. ) ;
#834 = CARTESIAN_POINT ( 'NONE',  ( 34.99999999999999289, 55.49999999999972999, -25.50000000000000355 ) ) ;
#835 = ORIENTED_EDGE ( 'NONE', *, *, #560, .T. ) ;
#836 = PLANE ( 'NONE',  #1941 ) ;
#837 = ORIENTED_EDGE ( 'NONE', *, *, #1613, .T. ) ;
#838 = CARTESIAN_POINT ( 'NONE',  ( -49.00000000000002132, -1.999999999999978684, -9.799999999999998934 ) ) ;
#839 = PLANE ( 'NONE',  #1203 ) ;
#840 = EDGE_LOOP ( 'NONE', ( #1631, #1029, #1998, #1266, #1290 ) ) ;
#841 = ADVANCED_FACE ( 'NONE', ( #1255 ), #1393, .F. ) ;
#842 = CARTESIAN_POINT ( 'NONE',  ( 0.000000000000000000, 0.000000000000000000, 0.000000000000000000 ) ) ;
#843 = CARTESIAN_POINT ( 'NONE',  ( -60.00000000000000000, 72.42640687119261145, -118.0000000000000000 ) ) ;
#844 = CARTESIAN_POINT ( 'NONE',  ( -60.00000000000000000, 20.88730162779186372, -22.00000000000000000 ) ) ;
#845 = ORIENTED_EDGE ( 'NONE', *, *, #920, .T. ) ;
#846 = LINE ( 'NONE', #539, #1369 ) ;
#847 = EDGE_LOOP ( 'NONE', ( #518, #2013 ) ) ;
#848 = AXIS2_PLACEMENT_3D ( 'NONE', #457, #1585, #773 ) ;
#849 = CARTESIAN_POINT ( 'NONE',  ( 26.99999999999999645, 50.49999999999977973, -20.49999999999998934 ) ) ;
#850 = DIRECTION ( 'NONE',  ( 0.000000000000000000, 0.000000000000000000, -1.000000000000000000 ) ) ;
#851 = VERTEX_POINT ( 'NONE', #1303 ) ;
#852 = FACE_OUTER_BOUND ( 'NONE', #1326, .T. ) ;
#853 = DIRECTION ( 'NONE',  ( 1.000000000000000000, 0.000000000000000000, -0.000000000000000000 ) ) ;
#854 = APPLICATION_PROTOCOL_DEFINITION ( 'draft international standard', 'automotive_design', 1998, #1042 ) ;
#855 = ADVANCED_FACE ( 'NONE', ( #1114 ), #1364, .F. ) ;
#856 = AXIS2_PLACEMENT_3D ( 'NONE', #1551, #739, #1075 ) ;
#857 = CIRCLE ( 'NONE', #682, 1.800000000000002931 ) ;
#858 = VECTOR ( 'NONE', #1238, 1000.000000000000000 ) ;
#859 = AXIS2_PLACEMENT_3D ( 'NONE', #1345, #537, #2029 ) ;
#860 = CARTESIAN_POINT ( 'NONE',  ( -38.19999999999999574, 12.50000000000001243, -7.000000000000000000 ) ) ;
#861 = VERTEX_POINT ( 'NONE', #1535 ) ;
#862 = VECTOR ( 'NONE', #525, 1000.000000000000000 ) ;
#863 = FACE_OUTER_BOUND ( 'NONE', #284, .T. ) ;
#864 = EDGE_CURVE ( 'NONE', #399, #1953, #1654, .T. ) ;
#865 = EDGE_LOOP ( 'NONE', ( #362, #394, #375, #1277, #2077, #1366, #690, #1281, #578, #1976, #1049, #1142, #1966, #14, #273, #384, #1655, #1414, #93 ) ) ;
#866 = CARTESIAN_POINT ( 'NONE',  ( -60.00000000000000000, 60.42640687119263276, -108.4999999999999858 ) ) ;
#867 = CARTESIAN_POINT ( 'NONE',  ( 60.00000000000000711, -29.99999999999999645, 0.000000000000000000 ) ) ;
#868 = EDGE_CURVE ( 'NONE', #1556, #1649, #62, .T. ) ;
#869 = ORIENTED_EDGE ( 'NONE', *, *, #120, .F. ) ;
#870 = CARTESIAN_POINT ( 'NONE',  ( 45.00000000000000000, 5.000000000000007994, -22.00000000000000000 ) ) ;
#871 = CARTESIAN_POINT ( 'NONE',  ( 55.00000000000000000, 5.000000000000007994, -12.00000000000000000 ) ) ;
#872 = EDGE_LOOP ( 'NONE', ( #869, #1510 ) ) ;
#873 = LINE ( 'NONE', #1023, #618 ) ;
#874 = VERTEX_POINT ( 'NONE', #1826 ) ;
#875 = EDGE_CURVE ( 'NONE', #1533, #598, #1018, .T. ) ;
#876 = DIRECTION ( 'NONE',  ( 8.018752585408969768E-17, -1.000000000000000000, 0.000000000000000000 ) ) ;
#877 = ORIENTED_EDGE ( 'NONE', *, *, #17, .T. ) ;
#878 = DIRECTION ( 'NONE',  ( -2.312964634635742957E-16, -1.000000000000000000, -9.251858538542971828E-16 ) ) ;
#879 = CYLINDRICAL_SURFACE ( 'NONE', #1001, 2.499999999999998668 ) ;
#880 = VERTEX_POINT ( 'NONE', #713 ) ;
#881 = CARTESIAN_POINT ( 'NONE',  ( -38.19999999999999574, 12.50000000000001243, -12.00000000000000000 ) ) ;
#882 = EDGE_LOOP ( 'NONE', ( #2007, #319, #707, #619 ) ) ;
#883 = FACE_OUTER_BOUND ( 'NONE', #331, .T. ) ;
#884 = PRESENTATION_STYLE_ASSIGNMENT (( #2023 ) ) ;
#885 = PLANE ( 'NONE',  #84 ) ;
#886 = ORIENTED_EDGE ( 'NONE', *, *, #1525, .T. ) ;
#887 = ADVANCED_FACE ( 'NONE', ( #73 ), #382, .F. ) ;
#888 = PLANE ( 'NONE',  #2020 ) ;
#889 = DIRECTION ( 'NONE',  ( 0.000000000000000000, -1.000000000000000000, 3.045137952715505745E-16 ) ) ;
#890 = VECTOR ( 'NONE', #166, 1000.000000000000000 ) ;
#891 = ORIENTED_EDGE ( 'NONE', *, *, #768, .T. ) ;
#892 = CARTESIAN_POINT ( 'NONE',  ( -60.00000000000001421, 49.29900190434338469, -25.50000000000000355 ) ) ;
#893 = CARTESIAN_POINT ( 'NONE',  ( -45.00000000000000000, -4.999999999999981348, -12.00000000000000000 ) ) ;
#894 = EDGE_CURVE ( 'NONE', #1016, #732, #2012, .T. ) ;
#895 = DIRECTION ( 'NONE',  ( 0.000000000000000000, -0.7071067811865440200, 0.7071067811865511255 ) ) ;
#896 = ORIENTED_EDGE ( 'NONE', *, *, #950, .F. ) ;
#897 = DIRECTION ( 'NONE',  ( 1.156482317317871478E-16, 1.000000000000000000, -0.000000000000000000 ) ) ;
#898 = CARTESIAN_POINT ( 'NONE',  ( 26.99999999999999645, 32.42640687119261145, -20.49999999999998224 ) ) ;
#899 = AXIS2_PLACEMENT_3D ( 'NONE', #806, #776, #1427 ) ;
#900 = CIRCLE ( 'NONE', #1716, 1.800000000000002931 ) ;
#901 = AXIS2_PLACEMENT_3D ( 'NONE', #2041, #928, #1381 ) ;
#902 = DIRECTION ( 'NONE',  ( -1.000000000000000000, 2.312964634635742957E-16, 0.000000000000000000 ) ) ;
#903 = VERTEX_POINT ( 'NONE', #1353 ) ;
#904 = VECTOR ( 'NONE', #570, 1000.000000000000000 ) ;
#905 = FACE_OUTER_BOUND ( 'NONE', #391, .T. ) ;
#906 = DIRECTION ( 'NONE',  ( -1.000000000000000000, 0.000000000000000000, 0.000000000000000000 ) ) ;
#907 = ADVANCED_FACE ( 'NONE', ( #1175 ), #879, .F. ) ;
#908 = CIRCLE ( 'NONE', #1302, 1.800000000000002931 ) ;
#909 = ORIENTED_EDGE ( 'NONE', *, *, #1120, .F. ) ;
#910 = PLANE ( 'NONE',  #1607 ) ;
#911 = EDGE_CURVE ( 'NONE', #986, #1362, #676, .T. ) ;
#912 = ORIENTED_EDGE ( 'NONE', *, *, #1901, .F. ) ;
#913 = DIRECTION ( 'NONE',  ( 1.000000000000000000, 0.000000000000000000, 0.000000000000000000 ) ) ;
#914 = CARTESIAN_POINT ( 'NONE',  ( -60.00000000000001421, 37.52943725152284316, -24.50000000000000000 ) ) ;
#915 = FACE_OUTER_BOUND ( 'NONE', #808, .T. ) ;
#916 = ORIENTED_EDGE ( 'NONE', *, *, #147, .F. ) ;
#917 = DIRECTION ( 'NONE',  ( -1.000000000000000000, 1.156482317317871478E-16, -0.000000000000000000 ) ) ;
#918 = DIRECTION ( 'NONE',  ( 1.000000000000000000, -1.156482317317871478E-16, -0.000000000000000000 ) ) ;
#919 = CARTESIAN_POINT ( 'NONE',  ( 60.00000000000001421, 60.42640687119261855, -108.4999999999999858 ) ) ;
#920 = EDGE_CURVE ( 'NONE', #880, #1279, #2000, .T. ) ;
#921 = CARTESIAN_POINT ( 'NONE',  ( -45.00000000000000711, -29.99999999999998224, -22.00000000000000000 ) ) ;
#922 = VERTEX_POINT ( 'NONE', #1514 ) ;
#923 = CARTESIAN_POINT ( 'NONE',  ( 48.50000000000001421, 55.42640687119263276, -118.0000000000000000 ) ) ;
#924 = EDGE_LOOP ( 'NONE', ( #1442, #8, #369, #313, #740 ) ) ;
#925 = DIRECTION ( 'NONE',  ( -0.000000000000000000, -1.000000000000000000, -0.000000000000000000 ) ) ;
#926 = CARTESIAN_POINT ( 'NONE',  ( 41.79999999999999005, 12.50000000000000178, -7.000000000000000000 ) ) ;
#927 = ORIENTED_EDGE ( 'NONE', *, *, #1805, .F. ) ;
#928 = DIRECTION ( 'NONE',  ( 1.000000000000000000, -1.982541115402065110E-16, 0.000000000000000000 ) ) ;
#929 = EDGE_CURVE ( 'NONE', #1533, #1055, #124, .T. ) ;
#930 = CARTESIAN_POINT ( 'NONE',  ( 39.99999999999998579, 12.50000000000000178, -12.00000000000000000 ) ) ;
#931 = DIRECTION ( 'NONE',  ( -0.000000000000000000, -0.7071067811865439090, 0.7071067811865512365 ) ) ;
#932 =( BOUNDED_CURVE ( )  B_SPLINE_CURVE ( 3, ( #1047, #1359, #517, #233 ),
 .UNSPECIFIED., .F., .T. ) 
 B_SPLINE_CURVE_WITH_KNOTS ( ( 4, 4 ),
 ( 3.141592653589793116, 6.283185307179586232 ),
 .UNSPECIFIED. ) 
 CURVE ( )  GEOMETRIC_REPRESENTATION_ITEM ( )  RATIONAL_B_SPLINE_CURVE ( ( 1.000000000000000000, 0.3333333333333333703, 0.3333333333333333703, 1.000000000000000000 ) ) 
 REPRESENTATION_ITEM ( '' )  );
#933 = ORIENTED_EDGE ( 'NONE', *, *, #796, .F. ) ;
#934 = VECTOR ( 'NONE', #264, 1000.000000000000000 ) ;
#935 = CARTESIAN_POINT ( 'NONE',  ( 25.00000000000000711, 37.52943725152283605, -24.50000000000000000 ) ) ;
#936 = CARTESIAN_POINT ( 'NONE',  ( 39.99999999999999289, 49.29900190434337048, -22.99999999999999289 ) ) ;
#937 = ORIENTED_EDGE ( 'NONE', *, *, #1453, .F. ) ;
#938 = VECTOR ( 'NONE', #370, 1000.000000000000000 ) ;
#939 = LINE ( 'NONE', #1902, #966 ) ;
#940 = ADVANCED_FACE ( 'NONE', ( #393 ), #839, .T. ) ;
#941 = VECTOR ( 'NONE', #1388, 1000.000000000000000 ) ;
#942 = DIRECTION ( 'NONE',  ( 1.000000000000000000, 8.018752585408969768E-17, -0.000000000000000000 ) ) ;
#943 = ORIENTED_EDGE ( 'NONE', *, *, #520, .F. ) ;
#944 = EDGE_CURVE ( 'NONE', #1518, #1156, #1699, .T. ) ;
#945 = CARTESIAN_POINT ( 'NONE',  ( 45.00000000000000000, -29.99999999999999645, -12.00000000000000000 ) ) ;
#946 = CARTESIAN_POINT ( 'NONE',  ( 0.000000000000000000, 0.000000000000000000, -12.00000000000000000 ) ) ;
#947 = VERTEX_POINT ( 'NONE', #727 ) ;
#948 = PLANE ( 'NONE',  #2083 ) ;
#949 = ORIENTED_EDGE ( 'NONE', *, *, #543, .F. ) ;
#950 = EDGE_CURVE ( 'NONE', #444, #298, #1167, .T. ) ;
#951 = DIRECTION ( 'NONE',  ( -1.000000000000000000, 1.156482317317871478E-16, -0.000000000000000000 ) ) ;
#952 = ORIENTED_EDGE ( 'NONE', *, *, #705, .F. ) ;
#953 = LINE ( 'NONE', #1100, #1375 ) ;
#954 = CARTESIAN_POINT ( 'NONE',  ( 44.99999999999999289, -29.99999999999999289, -22.00000000000000000 ) ) ;
#955 = ORIENTED_EDGE ( 'NONE', *, *, #1267, .F. ) ;
#956 = ADVANCED_FACE ( 'NONE', ( #1501 ), #1815, .F. ) ;
#957 = LINE ( 'NONE', #138, #1000 ) ;
#958 = VERTEX_POINT ( 'NONE', #1490 ) ;
#959 = LINE ( 'NONE', #1444, #674 ) ;
#960 = VERTEX_POINT ( 'NONE', #37 ) ;
#961 = DIRECTION ( 'NONE',  ( -0.000000000000000000, -0.000000000000000000, 1.000000000000000000 ) ) ;
#962 = CARTESIAN_POINT ( 'NONE',  ( 49.00000000000002132, -29.99999999999999289, -19.29999999999999716 ) ) ;
#963 = VECTOR ( 'NONE', #1386, 1000.000000000000000 ) ;
#964 = DIRECTION ( 'NONE',  ( 1.156482317317871478E-16, 1.000000000000000000, 0.000000000000000000 ) ) ;
#965 = CIRCLE ( 'NONE', #1435, 1.800000000000002931 ) ;
#966 = VECTOR ( 'NONE', #1087, 1000.000000000000000 ) ;
#967 = VERTEX_POINT ( 'NONE', #1981 ) ;
#968 = EDGE_CURVE ( 'NONE', #1319, #444, #1343, .T. ) ;
#969 = DIRECTION ( 'NONE',  ( 1.000000000000000000, -1.156482317317871478E-16, 0.000000000000000000 ) ) ;
#970 = CARTESIAN_POINT ( 'NONE',  ( 41.79999999999999005, -12.49999999999997868, -12.00000000000000000 ) ) ;
#971 = ORIENTED_EDGE ( 'NONE', *, *, #657, .F. ) ;
#972 = EDGE_CURVE ( 'NONE', #1651, #549, #1735, .T. ) ;
#973 = DIRECTION ( 'NONE',  ( 0.000000000000000000, 1.000000000000000000, 0.000000000000000000 ) ) ;
#974 = DIRECTION ( 'NONE',  ( 0.000000000000000000, 0.000000000000000000, -1.000000000000000000 ) ) ;
#975 = FACE_OUTER_BOUND ( 'NONE', #1312, .T. ) ;
#976 = EDGE_LOOP ( 'NONE', ( #990, #742, #737, #1176 ) ) ;
#977 = DIRECTION ( 'NONE',  ( -0.000000000000000000, 1.000000000000000000, -3.045137952715505745E-16 ) ) ;
#978 = DIRECTION ( 'NONE',  ( 2.312964634635742957E-16, 1.000000000000000000, 0.000000000000000000 ) ) ;
#979 = FACE_BOUND ( 'NONE', #847, .T. ) ;
#980 = EDGE_CURVE ( 'NONE', #1102, #2036, #99, .T. ) ;
#981 = ORIENTED_EDGE ( 'NONE', *, *, #1903, .F. ) ;
#982 = DIRECTION ( 'NONE',  ( -0.000000000000000000, -1.000000000000000000, -0.000000000000000000 ) ) ;
#983 = ADVANCED_FACE ( 'NONE', ( #437 ), #1755, .T. ) ;
#984 = ORIENTED_EDGE ( 'NONE', *, *, #1076, .F. ) ;
#985 = CARTESIAN_POINT ( 'NONE',  ( 26.99999999999999645, 32.42640687119261145, -22.99999999999998224 ) ) ;
#986 = VERTEX_POINT ( 'NONE', #580 ) ;
#987 = DIRECTION ( 'NONE',  ( -1.000000000000000000, 0.000000000000000000, 0.000000000000000000 ) ) ;
#988 = EDGE_CURVE ( 'NONE', #2036, #553, #1061, .T. ) ;
#989 = VERTEX_POINT ( 'NONE', #1419 ) ;
#990 = ORIENTED_EDGE ( 'NONE', *, *, #632, .F. ) ;
#991 = EDGE_CURVE ( 'NONE', #1929, #1362, #1852, .T. ) ;
#992 = DIRECTION ( 'NONE',  ( -1.000000000000000000, 0.000000000000000000, 0.000000000000000000 ) ) ;
#993 = VERTEX_POINT ( 'NONE', #769 ) ;
#994 = CARTESIAN_POINT ( 'NONE',  ( 39.99999999999998579, -12.49999999999997868, -12.00000000000000000 ) ) ;
#995 = ORIENTED_EDGE ( 'NONE', *, *, #496, .T. ) ;
#996 = VECTOR ( 'NONE', #106, 1000.000000000000000 ) ;
#997 = AXIS2_PLACEMENT_3D ( 'NONE', #511, #659, #1136 ) ;
#998 = LINE ( 'NONE', #354, #1540 ) ;
#999 = DIRECTION ( 'NONE',  ( -1.000000000000000000, 0.000000000000000000, -0.000000000000000000 ) ) ;
#1000 = VECTOR ( 'NONE', #1599, 1000.000000000000000 ) ;
#1001 = AXIS2_PLACEMENT_3D ( 'NONE', #1040, #703, #1207 ) ;
#1002 = ORIENTED_EDGE ( 'NONE', *, *, #1613, .F. ) ;
#1003 = LINE ( 'NONE', #1349, #1333 ) ;
#1004 = VERTEX_POINT ( 'NONE', #1227 ) ;
#1005 = EDGE_CURVE ( 'NONE', #732, #357, #2050, .T. ) ;
#1006 = CARTESIAN_POINT ( 'NONE',  ( 32.45000000000000284, 8.200000000000002842, -12.00000000000000000 ) ) ;
#1007 = CARTESIAN_POINT ( 'NONE',  ( 60.00000000000000000, 5.000000000000007994, -22.00000000000000000 ) ) ;
#1008 = ORIENTED_EDGE ( 'NONE', *, *, #441, .T. ) ;
#1009 = DIRECTION ( 'NONE',  ( -1.000000000000000000, 0.000000000000000000, 0.000000000000000000 ) ) ;
#1010 = DIRECTION ( 'NONE',  ( -0.000000000000000000, -0.000000000000000000, 1.000000000000000000 ) ) ;
#1011 = CARTESIAN_POINT ( 'NONE',  ( 39.99999999999999289, 32.42640687119261145, -20.49999999999998579 ) ) ;
#1012 = FACE_BOUND ( 'NONE', #638, .T. ) ;
#1013 = CARTESIAN_POINT ( 'NONE',  ( -38.19999999999999574, -12.49999999999997868, -7.000000000000000000 ) ) ;
#1014 = ORIENTED_EDGE ( 'NONE', *, *, #345, .F. ) ;
#1015 = DIRECTION ( 'NONE',  ( -0.000000000000000000, 1.000000000000000000, -3.045137952715505745E-16 ) ) ;
#1016 = VERTEX_POINT ( 'NONE', #109 ) ;
#1017 = CARTESIAN_POINT ( 'NONE',  ( -48.50000000000000000, 60.42640687119263276, -118.0000000000000000 ) ) ;
#1018 = LINE ( 'NONE', #556, #1507 ) ;
#1019 = EDGE_CURVE ( 'NONE', #1156, #861, #1216, .T. ) ;
#1020 = ORIENTED_EDGE ( 'NONE', *, *, #716, .T. ) ;
#1021 = LINE ( 'NONE', #1670, #1915 ) ;
#1022 = ADVANCED_FACE ( 'NONE', ( #293, #1880, #283, #404, #2068, #1710 ), #2061, .F. ) ;
#1023 = CARTESIAN_POINT ( 'NONE',  ( -45.00000000000000711, -29.99999999999998224, -22.00000000000000000 ) ) ;
#1024 = ORIENTED_EDGE ( 'NONE', *, *, #968, .F. ) ;
#1025 = CARTESIAN_POINT ( 'NONE',  ( 39.99999999999998579, -12.49999999999997868, -7.000000000000000000 ) ) ;
#1026 = ORIENTED_EDGE ( 'NONE', *, *, #1839, .F. ) ;
#1027 = LINE ( 'NONE', #866, #1407 ) ;
#1028 = DIRECTION ( 'NONE',  ( 1.000000000000000000, 0.000000000000000000, 0.000000000000000000 ) ) ;
#1029 = ORIENTED_EDGE ( 'NONE', *, *, #345, .T. ) ;
#1030 = CYLINDRICAL_SURFACE ( 'NONE', #122, 1.800000000000002931 ) ;
#1031 = DIRECTION ( 'NONE',  ( 0.000000000000000000, 0.000000000000000000, -1.000000000000000000 ) ) ;
#1032 = EDGE_CURVE ( 'NONE', #1691, #126, #607, .T. ) ;
#1033 = VECTOR ( 'NONE', #135, 1000.000000000000000 ) ;
#1034 = VECTOR ( 'NONE', #65, 1000.000000000000000 ) ;
#1035 = ORIENTED_EDGE ( 'NONE', *, *, #1770, .F. ) ;
#1036 = CIRCLE ( 'NONE', #1135, 2.500000000000002220 ) ;
#1037 = CARTESIAN_POINT ( 'NONE',  ( 60.00000000000000711, -29.99999999999999289, -9.799999999999998934 ) ) ;
#1038 = ORIENTED_EDGE ( 'NONE', *, *, #29, .F. ) ;
#1039 = DIRECTION ( 'NONE',  ( 0.000000000000000000, 0.000000000000000000, -1.000000000000000000 ) ) ;
#1040 = CARTESIAN_POINT ( 'NONE',  ( 26.99999999999999645, 32.42640687119261145, -22.99999999999998224 ) ) ;
#1041 = ORIENTED_EDGE ( 'NONE', *, *, #1474, .T. ) ;
#1042 = APPLICATION_CONTEXT ( 'automotive_design' ) ;
#1043 = FACE_OUTER_BOUND ( 'NONE', #1635, .T. ) ;
#1044 = FACE_OUTER_BOUND ( 'NONE', #1520, .T. ) ;
#1045 = ORIENTED_EDGE ( 'NONE', *, *, #609, .F. ) ;
#1046 = EDGE_CURVE ( 'NONE', #1706, #1249, #1259, .T. ) ;
#1047 = CARTESIAN_POINT ( 'NONE',  ( 26.99999999999999645, 50.49999999999977973, -20.49999999999998934 ) ) ;
#1048 = CARTESIAN_POINT ( 'NONE',  ( 48.50000000000001421, 45.42640687119261855, -118.0000000000000000 ) ) ;
#1049 = ORIENTED_EDGE ( 'NONE', *, *, #803, .T. ) ;
#1050 = PRODUCT_DEFINITION_CONTEXT ( 'detailed design', #1042, 'design' ) ;
#1051 = CARTESIAN_POINT ( 'NONE',  ( -45.00000000000000711, -30.00000000000000355, -12.00000000000000000 ) ) ;
#1052 = DIRECTION ( 'NONE',  ( 0.000000000000000000, 0.000000000000000000, 1.000000000000000000 ) ) ;
#1053 = ORIENTED_EDGE ( 'NONE', *, *, #1019, .F. ) ;
#1054 = LINE ( 'NONE', #285, #1544 ) ;
#1055 = VERTEX_POINT ( 'NONE', #926 ) ;
#1056 = CARTESIAN_POINT ( 'NONE',  ( 60.00000000000000711, -29.99999999999999645, -12.00000000000000000 ) ) ;
#1057 = VERTEX_POINT ( 'NONE', #1379 ) ;
#1058 = LINE ( 'NONE', #246, #214 ) ;
#1059 = VERTEX_POINT ( 'NONE', #1908 ) ;
#1060 = DIRECTION ( 'NONE',  ( -1.156482317317871478E-16, -1.000000000000000000, 0.000000000000000000 ) ) ;
#1061 = LINE ( 'NONE', #1413, #652 ) ;
#1062 = VECTOR ( 'NONE', #1452, 1000.000000000000000 ) ;
#1063 = ORIENTED_EDGE ( 'NONE', *, *, #830, .T. ) ;
#1064 = CARTESIAN_POINT ( 'NONE',  ( -41.80000000000000426, 12.50000000000001243, -7.000000000000000000 ) ) ;
#1065 = EDGE_LOOP ( 'NONE', ( #142, #2021 ) ) ;
#1066 = DIRECTION ( 'NONE',  ( 0.000000000000000000, 0.000000000000000000, 1.000000000000000000 ) ) ;
#1067 = LINE ( 'NONE', #914, #1034 ) ;
#1068 = AXIS2_PLACEMENT_3D ( 'NONE', #1797, #170, #992 ) ;
#1069 = AXIS2_PLACEMENT_3D ( 'NONE', #547, #1198, #1519 ) ;
#1070 = VECTOR ( 'NONE', #807, 1000.000000000000000 ) ;
#1071 = LINE ( 'NONE', #1443, #414 ) ;
#1072 = EDGE_LOOP ( 'NONE', ( #1113, #1399, #1857, #1318 ) ) ;
#1073 = VECTOR ( 'NONE', #460, 1000.000000000000000 ) ;
#1074 = CARTESIAN_POINT ( 'NONE',  ( -48.50000000000000000, 60.42640687119263276, -108.4999999999999858 ) ) ;
#1075 = DIRECTION ( 'NONE',  ( -1.000000000000000000, 0.000000000000000000, 0.000000000000000000 ) ) ;
#1076 = EDGE_CURVE ( 'NONE', #1963, #1518, #286, .T. ) ;
#1077 = CYLINDRICAL_SURFACE ( 'NONE', #762, 1.800000000000002931 ) ;
#1078 = EDGE_CURVE ( 'NONE', #790, #1765, #1298, .T. ) ;
#1079 = CARTESIAN_POINT ( 'NONE',  ( 39.99999999999999289, 50.49999999999977973, -20.49999999999999289 ) ) ;
#1080 = EDGE_LOOP ( 'NONE', ( #538, #1668, #1647, #1961 ) ) ;
#1081 = LINE ( 'NONE', #1865, #151 ) ;
#1082 = ORIENTED_EDGE ( 'NONE', *, *, #683, .F. ) ;
#1083 = CARTESIAN_POINT ( 'NONE',  ( -58.49999999999998579, 45.42640687119263276, -108.5000000000000000 ) ) ;
#1084 = CARTESIAN_POINT ( 'NONE',  ( -60.00000000000001421, 34.52943725152285737, -21.50000000000000711 ) ) ;
#1085 = ORIENTED_EDGE ( 'NONE', *, *, #352, .T. ) ;
#1086 = ADVANCED_FACE ( 'NONE', ( #600 ), #447, .F. ) ;
#1087 = DIRECTION ( 'NONE',  ( -1.000000000000000000, -0.000000000000000000, -0.000000000000000000 ) ) ;
#1088 = FACE_OUTER_BOUND ( 'NONE', #1425, .T. ) ;
#1089 = EDGE_CURVE ( 'NONE', #5, #1706, #1389, .T. ) ;
#1090 = CARTESIAN_POINT ( 'NONE',  ( 60.00000000000000711, -1.999999999999991340, -19.29999999999999716 ) ) ;
#1091 = ORIENTED_EDGE ( 'NONE', *, *, #991, .T. ) ;
#1092 = DIRECTION ( 'NONE',  ( -1.000000000000000000, 0.000000000000000000, 0.000000000000000000 ) ) ;
#1093 = DIRECTION ( 'NONE',  ( -1.156482317317871478E-16, -1.000000000000000000, 0.000000000000000000 ) ) ;
#1094 = DIRECTION ( 'NONE',  ( -0.000000000000000000, -0.000000000000000000, -1.000000000000000000 ) ) ;
#1095 = LINE ( 'NONE', #1730, #1840 ) ;
#1096 = ADVANCED_FACE ( 'NONE', ( #1401 ), #1243, .F. ) ;
#1097 = VECTOR ( 'NONE', #931, 999.9999999999998863 ) ;
#1098 = ORIENTED_EDGE ( 'NONE', *, *, #1542, .T. ) ;
#1099 = VECTOR ( 'NONE', #1189, 1000.000000000000000 ) ;
#1100 = CARTESIAN_POINT ( 'NONE',  ( 60.00000000000000711, -1.999999999999991340, -9.799999999999998934 ) ) ;
#1101 = CARTESIAN_POINT ( 'NONE',  ( -48.50000000000000000, 45.42640687119263276, -118.0000000000000000 ) ) ;
#1102 = VERTEX_POINT ( 'NONE', #1933 ) ;
#1103 = DIRECTION ( 'NONE',  ( -2.312964634635742957E-16, -1.000000000000000000, 0.000000000000000000 ) ) ;
#1104 = VECTOR ( 'NONE', #1185, 1000.000000000000000 ) ;
#1105 = ORIENTED_EDGE ( 'NONE', *, *, #699, .T. ) ;
#1106 = CARTESIAN_POINT ( 'NONE',  ( -60.00000000000001421, 49.29900190434338469, -24.50000000000000355 ) ) ;
#1107 = EDGE_CURVE ( 'NONE', #531, #1963, #1539, .T. ) ;
#1108 = ORIENTED_EDGE ( 'NONE', *, *, #1636, .F. ) ;
#1109 = DIRECTION ( 'NONE',  ( 0.7071067811865485719, -0.7071067811865465735, -6.542051911182386462E-16 ) ) ;
#1110 = CARTESIAN_POINT ( 'NONE',  ( 0.000000000000000000, 25.85786437626902412, -10.00000000000000000 ) ) ;
#1111 = EDGE_CURVE ( 'NONE', #16, #1881, #1129, .T. ) ;
#1112 = FACE_OUTER_BOUND ( 'NONE', #1627, .T. ) ;
#1113 = ORIENTED_EDGE ( 'NONE', *, *, #2070, .F. ) ;
#1114 = FACE_OUTER_BOUND ( 'NONE', #220, .T. ) ;
#1115 = PLANE ( 'NONE',  #174 ) ;
#1116 = ORIENTED_EDGE ( 'NONE', *, *, #1893, .F. ) ;
#1117 = APPLICATION_CONTEXT ( 'automotive_design' ) ;
#1118 = LINE ( 'NONE', #1768, #1439 ) ;
#1119 = CARTESIAN_POINT ( 'NONE',  ( 60.00000000000000711, -29.99999999999999645, 0.000000000000000000 ) ) ;
#1120 = EDGE_CURVE ( 'NONE', #800, #1760, #1464, .T. ) ;
#1121 = DIRECTION ( 'NONE',  ( 1.000000000000000000, -1.156482317317871478E-16, 0.000000000000000000 ) ) ;
#1122 = EDGE_LOOP ( 'NONE', ( #1723, #644, #405, #66 ) ) ;
#1123 = DIRECTION ( 'NONE',  ( -1.000000000000000000, 0.000000000000000000, 0.000000000000000000 ) ) ;
#1124 = PLANE ( 'NONE',  #1262 ) ;
#1125 = AXIS2_PLACEMENT_3D ( 'NONE', #1970, #1830, #529 ) ;
#1126 = VERTEX_POINT ( 'NONE', #643 ) ;
#1127 = CARTESIAN_POINT ( 'NONE',  ( 37.99999999999997868, 49.29900190434337048, -21.50000000000000711 ) ) ;
#1128 = DIRECTION ( 'NONE',  ( -1.000000000000000000, 0.000000000000000000, 0.000000000000000000 ) ) ;
#1129 = CIRCLE ( 'NONE', #1441, 2.499999999999998668 ) ;
#1130 = FACE_OUTER_BOUND ( 'NONE', #1601, .T. ) ;
#1131 = EDGE_CURVE ( 'NONE', #526, #880, #475, .T. ) ;
#1132 = VECTOR ( 'NONE', #1152, 1000.000000000000000 ) ;
#1133 = CIRCLE ( 'NONE', #454, 10.00000000000000178 ) ;
#1134 = ORIENTED_EDGE ( 'NONE', *, *, #1107, .T. ) ;
#1135 = AXIS2_PLACEMENT_3D ( 'NONE', #403, #1060, #2037 ) ;
#1136 = DIRECTION ( 'NONE',  ( 1.000000000000000000, 0.000000000000000000, 0.000000000000000000 ) ) ;
#1137 = LINE ( 'NONE', #1759, #242 ) ;
#1138 = EDGE_LOOP ( 'NONE', ( #338, #955, #770, #877 ) ) ;
#1139 = CYLINDRICAL_SURFACE ( 'NONE', #1162, 10.00000000000000000 ) ;
#1140 = ORIENTED_EDGE ( 'NONE', *, *, #1111, .F. ) ;
#1141 = LINE ( 'NONE', #462, #48 ) ;
#1142 = ORIENTED_EDGE ( 'NONE', *, *, #455, .T. ) ;
#1143 = ADVANCED_FACE ( 'NONE', ( #15 ), #1598, .F. ) ;
#1144 = CARTESIAN_POINT ( 'NONE',  ( 39.99999999999999289, 32.42640687119261145, -22.99999999999998934 ) ) ;
#1145 = CARTESIAN_POINT ( 'NONE',  ( -60.00000000000001421, -29.99999999999997868, -9.799999999999998934 ) ) ;
#1146 = EDGE_CURVE ( 'NONE', #1249, #874, #497, .T. ) ;
#1147 = ORIENTED_EDGE ( 'NONE', *, *, #1274, .F. ) ;
#1148 = ORIENTED_EDGE ( 'NONE', *, *, #1423, .T. ) ;
#1149 = CARTESIAN_POINT ( 'NONE',  ( 24.99999999999996803, 34.52943725152285026, -21.50000000000000711 ) ) ;
#1150 = DIRECTION ( 'NONE',  ( -1.156482317317871478E-16, -1.000000000000000000, 0.000000000000000000 ) ) ;
#1151 = ORIENTED_EDGE ( 'NONE', *, *, #1357, .F. ) ;
#1152 = DIRECTION ( 'NONE',  ( -1.000000000000000000, 1.156482317317871478E-16, -0.000000000000000000 ) ) ;
#1153 = DIRECTION ( 'NONE',  ( 0.000000000000000000, 0.000000000000000000, 1.000000000000000000 ) ) ;
#1154 = VECTOR ( 'NONE', #1264, 1000.000000000000000 ) ;
#1155 = EDGE_CURVE ( 'NONE', #1055, #1533, #1809, .T. ) ;
#1156 = VERTEX_POINT ( 'NONE', #1149 ) ;
#1157 = DIRECTION ( 'NONE',  ( 1.000000000000000000, 8.018752585408969768E-17, 0.000000000000000000 ) ) ;
#1158 = EDGE_LOOP ( 'NONE', ( #2031, #937, #171, #533 ) ) ;
#1159 = DIRECTION ( 'NONE',  ( -1.000000000000000000, 0.000000000000000000, 0.000000000000000000 ) ) ;
#1160 = DIRECTION ( 'NONE',  ( -1.000000000000000000, 0.000000000000000000, 0.000000000000000000 ) ) ;
#1161 = ORIENTED_EDGE ( 'NONE', *, *, #1683, .F. ) ;
#1162 = AXIS2_PLACEMENT_3D ( 'NONE', #1110, #813, #1448 ) ;
#1163 = AXIS2_PLACEMENT_3D ( 'NONE', #930, #269, #94 ) ;
#1164 = DIRECTION ( 'NONE',  ( 0.000000000000000000, 0.000000000000000000, -1.000000000000000000 ) ) ;
#1165 = AXIS2_PLACEMENT_3D ( 'NONE', #1621, #1592, #1630 ) ;
#1166 = LINE ( 'NONE', #22, #341 ) ;
#1167 = CIRCLE ( 'NONE', #51, 10.00000000000000178 ) ;
#1168 = LINE ( 'NONE', #446, #153 ) ;
#1169 = VECTOR ( 'NONE', #415, 1000.000000000000000 ) ;
#1170 = ORIENTED_EDGE ( 'NONE', *, *, #2016, .F. ) ;
#1171 = EDGE_CURVE ( 'NONE', #1642, #1651, #1628, .T. ) ;
#1172 = DIRECTION ( 'NONE',  ( -1.000000000000000000, 0.000000000000000000, 0.000000000000000000 ) ) ;
#1173 = ORIENTED_EDGE ( 'NONE', *, *, #1171, .T. ) ;
#1174 = CARTESIAN_POINT ( 'NONE',  ( 60.00000000000001421, 20.88730162779186372, -22.00000000000000000 ) ) ;
#1175 = FACE_OUTER_BOUND ( 'NONE', #1524, .T. ) ;
#1176 = ORIENTED_EDGE ( 'NONE', *, *, #189, .F. ) ;
#1177 = EDGE_CURVE ( 'NONE', #1059, #874, #654, .T. ) ;
#1178 = CARTESIAN_POINT ( 'NONE',  ( 39.99999999999998579, -12.49999999999997868, -12.00000000000000000 ) ) ;
#1179 = DIRECTION ( 'NONE',  ( 0.000000000000000000, 0.000000000000000000, -1.000000000000000000 ) ) ;
#1180 = CARTESIAN_POINT ( 'NONE',  ( 39.99999999999999289, 55.49999999999972999, -25.50000000000000000 ) ) ;
#1181 = VERTEX_POINT ( 'NONE', #310 ) ;
#1182 = CARTESIAN_POINT ( 'NONE',  ( 60.00000000000000000, 69.49747468305814380, -39.49747468305854881 ) ) ;
#1183 = ORIENTED_EDGE ( 'NONE', *, *, #1263, .F. ) ;
#1184 = DIRECTION ( 'NONE',  ( -1.000000000000000000, 1.156482317317871478E-16, 0.000000000000000000 ) ) ;
#1185 = DIRECTION ( 'NONE',  ( -0.000000000000000000, 0.000000000000000000, -1.000000000000000000 ) ) ;
#1186 = EDGE_LOOP ( 'NONE', ( #544, #367, #698, #2051, #1026, #933, #1496, #943, #2089, #1956, #35, #804, #1045, #100, #1552, #671, #281, #693, #1787 ) ) ;
#1187 = ADVANCED_FACE ( 'NONE', ( #467 ), #1139, .T. ) ;
#1188 = CARTESIAN_POINT ( 'NONE',  ( 39.99999999999998579, 12.50000000000000178, -12.00000000000000000 ) ) ;
#1189 = DIRECTION ( 'NONE',  ( 1.982541115402065110E-16, 1.000000000000000000, -0.000000000000000000 ) ) ;
#1190 = ORIENTED_EDGE ( 'NONE', *, *, #17, .F. ) ;
#1191 = LINE ( 'NONE', #1037, #1974 ) ;
#1192 = ORIENTED_EDGE ( 'NONE', *, *, #2059, .F. ) ;
#1193 = VECTOR ( 'NONE', #398, 1000.000000000000000 ) ;
#1194 = CARTESIAN_POINT ( 'NONE',  ( 39.99999999999998579, 12.50000000000000178, -7.000000000000000000 ) ) ;
#1195 = VERTEX_POINT ( 'NONE', #336 ) ;
#1196 = ADVANCED_FACE ( 'NONE', ( #144 ), #2087, .F. ) ;
#1197 = FACE_OUTER_BOUND ( 'NONE', #154, .T. ) ;
#1198 = DIRECTION ( 'NONE',  ( 0.7071067811865465735, -0.7071067811865484609, 0.000000000000000000 ) ) ;
#1199 =( GEOMETRIC_REPRESENTATION_CONTEXT ( 3 ) GLOBAL_UNCERTAINTY_ASSIGNED_CONTEXT ( ( #1708 ) ) GLOBAL_UNIT_ASSIGNED_CONTEXT ( ( #1397, #1233, #1731 ) ) REPRESENTATION_CONTEXT ( 'NONE', 'WORKASPACE' ) );
#1200 = ORIENTED_EDGE ( 'NONE', *, *, #1728, .F. ) ;
#1201 = LINE ( 'NONE', #1854, #1099 ) ;
#1202 = VERTEX_POINT ( 'NONE', #2075 ) ;
#1203 = AXIS2_PLACEMENT_3D ( 'NONE', #1690, #1331, #1052 ) ;
#1204 = DIRECTION ( 'NONE',  ( 0.000000000000000000, 0.000000000000000000, -1.000000000000000000 ) ) ;
#1205 = VERTEX_POINT ( 'NONE', #954 ) ;
#1206 = CARTESIAN_POINT ( 'NONE',  ( 24.30769230769229239, 35.45251417459972743, -22.42307692307698730 ) ) ;
#1207 = DIRECTION ( 'NONE',  ( 0.000000000000000000, 0.000000000000000000, 1.000000000000000000 ) ) ;
#1208 = VERTEX_POINT ( 'NONE', #615 ) ;
#1209 = CARTESIAN_POINT ( 'NONE',  ( 49.00000000000002132, 1.272130549049656432E-15, 0.000000000000000000 ) ) ;
#1210 = EDGE_CURVE ( 'NONE', #1793, #1996, #1763, .T. ) ;
#1211 = ORIENTED_EDGE ( 'NONE', *, *, #334, .T. ) ;
#1212 = CARTESIAN_POINT ( 'NONE',  ( 44.99999999999999289, -29.99999999999999289, -22.00000000000000000 ) ) ;
#1213 = DIRECTION ( 'NONE',  ( 1.000000000000000000, -0.000000000000000000, -0.000000000000000000 ) ) ;
#1214 = ORIENTED_EDGE ( 'NONE', *, *, #161, .T. ) ;
#1215 = CARTESIAN_POINT ( 'NONE',  ( -59.99999999999999289, 20.88730162779186728, -12.00000000000000000 ) ) ;
#1216 = LINE ( 'NONE', #1084, #590 ) ;
#1217 = VERTEX_POINT ( 'NONE', #1438 ) ;
#1218 =( LENGTH_UNIT ( ) NAMED_UNIT ( * ) SI_UNIT ( .MILLI., .METRE. ) );
#1219 = DIRECTION ( 'NONE',  ( -1.000000000000000000, 1.156482317317871478E-16, 0.000000000000000000 ) ) ;
#1220 = ORIENTED_EDGE ( 'NONE', *, *, #968, .T. ) ;
#1221 = LINE ( 'NONE', #1873, #721 ) ;
#1222 = CARTESIAN_POINT ( 'NONE',  ( 32.45000000000000284, -8.199999999999997513, -12.00000000000000000 ) ) ;
#1223 = EDGE_CURVE ( 'NONE', #1622, #1837, #1278, .T. ) ;
#1224 = CARTESIAN_POINT ( 'NONE',  ( -60.00000000000001421, 34.52943725152285737, -21.50000000000000711 ) ) ;
#1225 = ORIENTED_EDGE ( 'NONE', *, *, #602, .T. ) ;
#1226 = CARTESIAN_POINT ( 'NONE',  ( 37.99999999999997868, 32.42640687119261145, -21.50000000000000711 ) ) ;
#1227 = CARTESIAN_POINT ( 'NONE',  ( -60.00000000000000000, 60.42640687119262566, -47.39696961967014488 ) ) ;
#1228 = AXIS2_PLACEMENT_3D ( 'NONE', #696, #1179, #999 ) ;
#1229 = VERTEX_POINT ( 'NONE', #321 ) ;
#1230 = DIRECTION ( 'NONE',  ( 1.000000000000000000, 0.000000000000000000, 0.000000000000000000 ) ) ;
#1231 = ORIENTED_EDGE ( 'NONE', *, *, #1111, .T. ) ;
#1232 = CARTESIAN_POINT ( 'NONE',  ( -60.00000000000001421, 49.29900190434338469, -21.50000000000000711 ) ) ;
#1233 =( NAMED_UNIT ( * ) PLANE_ANGLE_UNIT ( ) SI_UNIT ( $, .RADIAN. ) );
#1234 = AXIS2_PLACEMENT_3D ( 'NONE', #946, #749, #759 ) ;
#1235 = VECTOR ( 'NONE', #1874, 1000.000000000000000 ) ;
#1236 = AXIS2_PLACEMENT_3D ( 'NONE', #442, #1904, #1247 ) ;
#1237 = VECTOR ( 'NONE', #330, 1000.000000000000000 ) ;
#1238 = DIRECTION ( 'NONE',  ( 1.000000000000000000, -0.000000000000000000, -0.000000000000000000 ) ) ;
#1239 = ORIENTED_EDGE ( 'NONE', *, *, #1972, .F. ) ;
#1240 = EDGE_CURVE ( 'NONE', #993, #744, #1940, .T. ) ;
#1241 = AXIS2_PLACEMENT_3D ( 'NONE', #392, #1550, #1092 ) ;
#1242 = DIRECTION ( 'NONE',  ( -2.312964634635742957E-16, -1.000000000000000000, -9.251858538542971828E-16 ) ) ;
#1243 = PLANE ( 'NONE',  #178 ) ;
#1244 = FACE_OUTER_BOUND ( 'NONE', #1072, .T. ) ;
#1245 = ADVANCED_FACE ( 'NONE', ( #1456 ), #836, .F. ) ;
#1246 = EDGE_CURVE ( 'NONE', #861, #531, #846, .T. ) ;
#1247 = DIRECTION ( 'NONE',  ( 0.000000000000000000, 1.000000000000000000, 0.000000000000000000 ) ) ;
#1248 = CARTESIAN_POINT ( 'NONE',  ( -41.80000000000000426, -12.49999999999997868, -7.000000000000000000 ) ) ;
#1249 = VERTEX_POINT ( 'NONE', #225 ) ;
#1250 = CARTESIAN_POINT ( 'NONE',  ( 60.00000000000000711, -29.99999999999999645, -12.00000000000000000 ) ) ;
#1251 = DIRECTION ( 'NONE',  ( 0.000000000000000000, 0.000000000000000000, -1.000000000000000000 ) ) ;
#1252 = ORIENTED_EDGE ( 'NONE', *, *, #929, .T. ) ;
#1253 = DIRECTION ( 'NONE',  ( 0.000000000000000000, -1.000000000000000000, 1.836327642138343940E-16 ) ) ;
#1254 = EDGE_CURVE ( 'NONE', #10, #1556, #378, .T. ) ;
#1255 = FACE_OUTER_BOUND ( 'NONE', #181, .T. ) ;
#1256 = DIRECTION ( 'NONE',  ( -0.000000000000000000, 1.000000000000000000, -3.045137952715505745E-16 ) ) ;
#1257 = ORIENTED_EDGE ( 'NONE', *, *, #911, .F. ) ;
#1258 = DIRECTION ( 'NONE',  ( -1.000000000000000000, -0.000000000000000000, -0.000000000000000000 ) ) ;
#1259 = LINE ( 'NONE', #250, #648 ) ;
#1260 = ORIENTED_EDGE ( 'NONE', *, *, #492, .F. ) ;
#1261 = FACE_OUTER_BOUND ( 'NONE', #756, .T. ) ;
#1262 = AXIS2_PLACEMENT_3D ( 'NONE', #2071, #1292, #612 ) ;
#1263 = EDGE_CURVE ( 'NONE', #2036, #662, #368, .T. ) ;
#1264 = DIRECTION ( 'NONE',  ( 1.000000000000000000, -0.000000000000000000, -0.000000000000000000 ) ) ;
#1265 = VECTOR ( 'NONE', #902, 1000.000000000000000 ) ;
#1266 = ORIENTED_EDGE ( 'NONE', *, *, #1223, .T. ) ;
#1267 = EDGE_CURVE ( 'NONE', #459, #1691, #257, .T. ) ;
#1268 = AXIS2_PLACEMENT_3D ( 'NONE', #1506, #396, #853 ) ;
#1269 = STYLED_ITEM ( 'NONE', ( #884 ), #2 ) ;
#1270 = DIRECTION ( 'NONE',  ( 0.000000000000000000, 0.000000000000000000, 1.000000000000000000 ) ) ;
#1271 = DIRECTION ( 'NONE',  ( 0.000000000000000000, 0.000000000000000000, -1.000000000000000000 ) ) ;
#1272 = VECTOR ( 'NONE', #1762, 1000.000000000000000 ) ;
#1273 = ORIENTED_EDGE ( 'NONE', *, *, #1339, .F. ) ;
#1274 = EDGE_CURVE ( 'NONE', #1126, #16, #1340, .T. ) ;
#1275 = CARTESIAN_POINT ( 'NONE',  ( -49.00000000000002842, -29.99999999999997868, -19.29999999999999716 ) ) ;
#1276 = EDGE_CURVE ( 'NONE', #553, #880, #1673, .T. ) ;
#1277 = ORIENTED_EDGE ( 'NONE', *, *, #1276, .F. ) ;
#1278 = LINE ( 'NONE', #1926, #817 ) ;
#1279 = VERTEX_POINT ( 'NONE', #1975 ) ;
#1280 = CYLINDRICAL_SURFACE ( 'NONE', #1781, 2.499999999999998668 ) ;
#1281 = ORIENTED_EDGE ( 'NONE', *, *, #791, .F. ) ;
#1282 = DIRECTION ( 'NONE',  ( -1.000000000000000000, 0.000000000000000000, 0.000000000000000000 ) ) ;
#1283 = DIRECTION ( 'NONE',  ( 1.156482317317871478E-16, 1.000000000000000000, 0.000000000000000000 ) ) ;
#1284 = ORIENTED_EDGE ( 'NONE', *, *, #812, .F. ) ;
#1285 = ADVANCED_FACE ( 'NONE', ( #863 ), #1810, .T. ) ;
#1286 = FACE_OUTER_BOUND ( 'NONE', #1138, .T. ) ;
#1287 = DIRECTION ( 'NONE',  ( -0.000000000000000000, -0.000000000000000000, 1.000000000000000000 ) ) ;
#1288 = ORIENTED_EDGE ( 'NONE', *, *, #1411, .T. ) ;
#1289 = CARTESIAN_POINT ( 'NONE',  ( 60.00000000000001421, 45.42640687119261855, -118.0000000000000000 ) ) ;
#1290 = ORIENTED_EDGE ( 'NONE', *, *, #1313, .T. ) ;
#1291 = CARTESIAN_POINT ( 'NONE',  ( -49.00000000000002132, 1.260565725876480348E-14, 0.000000000000000000 ) ) ;
#1292 = DIRECTION ( 'NONE',  ( 0.000000000000000000, -0.7071067811865513475, -0.7071067811865437980 ) ) ;
#1293 = ORIENTED_EDGE ( 'NONE', *, *, #1328, .T. ) ;
#1294 = CARTESIAN_POINT ( 'NONE',  ( 60.00000000000000711, -29.99999999999999645, -12.00000000000000000 ) ) ;
#1295 = CARTESIAN_POINT ( 'NONE',  ( 37.30769230769230660, 36.60636032844585941, -23.57692307692312994 ) ) ;
#1296 = EDGE_LOOP ( 'NONE', ( #1906, #795, #660, #647 ) ) ;
#1297 = ADVANCED_FACE ( 'NONE', ( #1822 ), #521, .T. ) ;
#1298 = CIRCLE ( 'NONE', #121, 1.800000000000002931 ) ;
#1299 = DIRECTION ( 'NONE',  ( -1.000000000000000000, 0.000000000000000000, -0.000000000000000000 ) ) ;
#1300 = AXIS2_PLACEMENT_3D ( 'NONE', #1737, #646, #490 ) ;
#1301 = ORIENTED_EDGE ( 'NONE', *, *, #1267, .T. ) ;
#1302 = AXIS2_PLACEMENT_3D ( 'NONE', #108, #2011, #282 ) ;
#1303 = CARTESIAN_POINT ( 'NONE',  ( 42.00000000000000711, 49.29900190434337048, -21.50000000000000711 ) ) ;
#1304 = ADVANCED_FACE ( 'NONE', ( #1497 ), #700, .T. ) ;
#1305 = CARTESIAN_POINT ( 'NONE',  ( 41.79999999999999005, 12.50000000000000178, -7.000000000000000000 ) ) ;
#1306 = DIRECTION ( 'NONE',  ( -0.000000000000000000, -1.000000000000000000, -0.000000000000000000 ) ) ;
#1307 = ORIENTED_EDGE ( 'NONE', *, *, #1903, .T. ) ;
#1308 = DIRECTION ( 'NONE',  ( -1.000000000000000000, 0.000000000000000000, 0.000000000000000000 ) ) ;
#1309 = VERTEX_POINT ( 'NONE', #532 ) ;
#1310 = ADVANCED_BREP_SHAPE_REPRESENTATION ( 'Aztechs_Hackathon.Housing_Face_V2', ( #2, #1125 ), #1772 ) ;
#1311 = PLANE ( 'NONE',  #1851 ) ;
#1312 = EDGE_LOOP ( 'NONE', ( #213, #1844, #1360, #601, #1816 ) ) ;
#1313 = EDGE_CURVE ( 'NONE', #1837, #1205, #1003, .T. ) ;
#1314 = CARTESIAN_POINT ( 'NONE',  ( -60.00000000000001421, -29.99999999999997868, -19.29999999999999716 ) ) ;
#1315 = ORIENTED_EDGE ( 'NONE', *, *, #548, .T. ) ;
#1316 = ORIENTED_EDGE ( 'NONE', *, *, #1542, .F. ) ;
#1317 = DIRECTION ( 'NONE',  ( 2.312964634635742957E-16, 1.000000000000000000, 0.000000000000000000 ) ) ;
#1318 = ORIENTED_EDGE ( 'NONE', *, *, #1395, .F. ) ;
#1319 = VERTEX_POINT ( 'NONE', #1182 ) ;
#1320 = LINE ( 'NONE', #1861, #1576 ) ;
#1321 = DIRECTION ( 'NONE',  ( 0.000000000000000000, 0.000000000000000000, -1.000000000000000000 ) ) ;
#1322 = FACE_OUTER_BOUND ( 'NONE', #840, .T. ) ;
#1323 = EDGE_CURVE ( 'NONE', #453, #655, #1856, .T. ) ;
#1324 = VECTOR ( 'NONE', #1256, 1000.000000000000000 ) ;
#1325 = CARTESIAN_POINT ( 'NONE',  ( -60.00000000000001421, -29.99999999999997868, -19.29999999999999716 ) ) ;
#1326 = EDGE_LOOP ( 'NONE', ( #1855, #1085, #200, #2028 ) ) ;
#1327 = DIRECTION ( 'NONE',  ( -0.000000000000000000, 1.000000000000000000, -3.045137952715505745E-16 ) ) ;
#1328 = EDGE_CURVE ( 'NONE', #1953, #625, #212, .T. ) ;
#1329 = ORIENTED_EDGE ( 'NONE', *, *, #1046, .T. ) ;
#1330 = CARTESIAN_POINT ( 'NONE',  ( -48.50000000000000000, 45.42640687119263276, -108.5000000000000000 ) ) ;
#1331 = DIRECTION ( 'NONE',  ( -1.000000000000000000, 0.000000000000000000, 0.000000000000000000 ) ) ;
#1332 = VERTEX_POINT ( 'NONE', #182 ) ;
#1333 = VECTOR ( 'NONE', #1989, 1000.000000000000000 ) ;
#1334 = AXIS2_PLACEMENT_3D ( 'NONE', #1144, #332, #2019 ) ;
#1335 = DIRECTION ( 'NONE',  ( 0.000000000000000000, 0.000000000000000000, 1.000000000000000000 ) ) ;
#1336 = LINE ( 'NONE', #1305, #1780 ) ;
#1337 = AXIS2_PLACEMENT_3D ( 'NONE', #765, #977, #1623 ) ;
#1338 = ORIENTED_EDGE ( 'NONE', *, *, #1089, .F. ) ;
#1339 = EDGE_CURVE ( 'NONE', #1808, #958, #825, .T. ) ;
#1340 = LINE ( 'NONE', #1664, #1575 ) ;
#1341 = ORIENTED_EDGE ( 'NONE', *, *, #868, .T. ) ;
#1342 = DIRECTION ( 'NONE',  ( 1.000000000000000000, 0.000000000000000000, 0.000000000000000000 ) ) ;
#1343 = LINE ( 'NONE', #1992, #1410 ) ;
#1344 = ORIENTED_EDGE ( 'NONE', *, *, #1537, .F. ) ;
#1345 = CARTESIAN_POINT ( 'NONE',  ( 48.50000000000001421, 1.329954664915552237E-15, 0.000000000000000000 ) ) ;
#1346 = CARTESIAN_POINT ( 'NONE',  ( 32.45000000000000284, -8.199999999999997513, -12.00000000000000000 ) ) ;
#1347 = DIRECTION ( 'NONE',  ( 0.000000000000000000, 0.000000000000000000, -1.000000000000000000 ) ) ;
#1348 = EDGE_LOOP ( 'NONE', ( #1665, #1993, #565, #296 ) ) ;
#1349 = CARTESIAN_POINT ( 'NONE',  ( 44.99999999999999289, -29.99999999999999289, -22.00000000000000000 ) ) ;
#1350 = VERTEX_POINT ( 'NONE', #1477 ) ;
#1351 = EDGE_CURVE ( 'NONE', #399, #1309, #1843, .T. ) ;
#1352 = LINE ( 'NONE', #1017, #1916 ) ;
#1353 = CARTESIAN_POINT ( 'NONE',  ( -48.50000000000000000, 55.42640687119259013, -118.0000000000000000 ) ) ;
#1354 = EDGE_LOOP ( 'NONE', ( #1515, #158, #633, #70 ) ) ;
#1355 = CARTESIAN_POINT ( 'NONE',  ( -60.00000000000000711, -1.999999999999977573, -9.799999999999998934 ) ) ;
#1356 = PLANE ( 'NONE',  #1069 ) ;
#1357 = EDGE_CURVE ( 'NONE', #162, #1279, #1678, .T. ) ;
#1358 = ORIENTED_EDGE ( 'NONE', *, *, #1594, .T. ) ;
#1359 = CARTESIAN_POINT ( 'NONE',  ( 22.00000000000000000, 50.49999999999977973, -20.49999999999998934 ) ) ;
#1360 = ORIENTED_EDGE ( 'NONE', *, *, #1351, .T. ) ;
#1361 = DIRECTION ( 'NONE',  ( 0.000000000000000000, 0.000000000000000000, 1.000000000000000000 ) ) ;
#1362 = VERTEX_POINT ( 'NONE', #192 ) ;
#1363 = LINE ( 'NONE', #1898, #1547 ) ;
#1364 = CYLINDRICAL_SURFACE ( 'NONE', #1472, 1.800000000000002931 ) ;
#1365 = EDGE_CURVE ( 'NONE', #1181, #553, #1191, .T. ) ;
#1366 = ORIENTED_EDGE ( 'NONE', *, *, #735, .F. ) ;
#1367 = LINE ( 'NONE', #373, #452 ) ;
#1368 = ADVANCED_FACE ( 'NONE', ( #1740 ), #1696, .F. ) ;
#1369 = VECTOR ( 'NONE', #1015, 1000.000000000000000 ) ;
#1370 = AXIS2_PLACEMENT_3D ( 'NONE', #433, #596, #80 ) ;
#1371 = EDGE_LOOP ( 'NONE', ( #1801, #1821, #146, #568 ) ) ;
#1372 = CIRCLE ( 'NONE', #651, 1.800000000000002931 ) ;
#1373 = CARTESIAN_POINT ( 'NONE',  ( -41.80000000000000426, 12.50000000000001243, -12.00000000000000000 ) ) ;
#1374 = DIRECTION ( 'NONE',  ( 1.000000000000000000, -0.000000000000000000, -0.000000000000000000 ) ) ;
#1375 = VECTOR ( 'NONE', #961, 1000.000000000000000 ) ;
#1376 = CARTESIAN_POINT ( 'NONE',  ( 39.99999999999998579, -12.49999999999997868, -7.000000000000000000 ) ) ;
#1377 = VERTEX_POINT ( 'NONE', #1408 ) ;
#1378 = LINE ( 'NONE', #1724, #728 ) ;
#1379 = CARTESIAN_POINT ( 'NONE',  ( 28.99999999999998224, 49.29900190434337048, -24.50000000000000355 ) ) ;
#1380 = ORIENTED_EDGE ( 'NONE', *, *, #334, .F. ) ;
#1381 = DIRECTION ( 'NONE',  ( 1.982541115402065110E-16, 1.000000000000000000, 0.000000000000000000 ) ) ;
#1382 = EDGE_CURVE ( 'NONE', #444, #947, #1896, .T. ) ;
#1383 = ORIENTED_EDGE ( 'NONE', *, *, #1959, .T. ) ;
#1384 = DIRECTION ( 'NONE',  ( 0.000000000000000000, -1.000000000000000000, 2.947812475903406485E-16 ) ) ;
#1385 = ORIENTED_EDGE ( 'NONE', *, *, #1131, .F. ) ;
#1386 = DIRECTION ( 'NONE',  ( -0.000000000000000000, -0.000000000000000000, -1.000000000000000000 ) ) ;
#1387 = ORIENTED_EDGE ( 'NONE', *, *, #1587, .T. ) ;
#1388 = DIRECTION ( 'NONE',  ( -0.000000000000000000, -0.000000000000000000, -1.000000000000000000 ) ) ;
#1389 = LINE ( 'NONE', #1725, #934 ) ;
#1390 = EDGE_LOOP ( 'NONE', ( #1609, #491, #1973, #2009 ) ) ;
#1391 = FACE_OUTER_BOUND ( 'NONE', #1348, .T. ) ;
#1392 = CARTESIAN_POINT ( 'NONE',  ( 32.45000000000000284, 8.200000000000002842, 0.000000000000000000 ) ) ;
#1393 = CYLINDRICAL_SURFACE ( 'NONE', #1337, 2.500000000000002220 ) ;
#1394 = ORIENTED_EDGE ( 'NONE', *, *, #543, .T. ) ;
#1395 = EDGE_CURVE ( 'NONE', #790, #1229, #2057, .T. ) ;
#1396 = LINE ( 'NONE', #1864, #1193 ) ;
#1397 =( LENGTH_UNIT ( ) NAMED_UNIT ( * ) SI_UNIT ( .MILLI., .METRE. ) );
#1398 = DIRECTION ( 'NONE',  ( 0.000000000000000000, 0.000000000000000000, 1.000000000000000000 ) ) ;
#1399 = ORIENTED_EDGE ( 'NONE', *, *, #302, .T. ) ;
#1400 = DIRECTION ( 'NONE',  ( 0.000000000000000000, -1.000000000000000000, 2.947812475903406485E-16 ) ) ;
#1401 = FACE_OUTER_BOUND ( 'NONE', #641, .T. ) ;
#1402 = EDGE_LOOP ( 'NONE', ( #1833, #1035, #1108 ) ) ;
#1403 = CARTESIAN_POINT ( 'NONE',  ( 26.99999999999999645, 32.42640687119261145, -25.49999999999998224 ) ) ;
#1404 = LINE ( 'NONE', #733, #1324 ) ;
#1405 = AXIS2_PLACEMENT_3D ( 'NONE', #842, #187, #1516 ) ;
#1406 = CIRCLE ( 'NONE', #997, 10.00000000000000178 ) ;
#1407 = VECTOR ( 'NONE', #878, 1000.000000000000000 ) ;
#1408 = CARTESIAN_POINT ( 'NONE',  ( 48.50000000000001421, 60.42640687119261855, -108.4999999999999858 ) ) ;
#1409 = EDGE_LOOP ( 'NONE', ( #1231, #826, #347, #476, #709, #43, #949, #426 ) ) ;
#1410 = VECTOR ( 'NONE', #906, 1000.000000000000000 ) ;
#1411 = EDGE_CURVE ( 'NONE', #1953, #1202, #2035, .T. ) ;
#1412 = CARTESIAN_POINT ( 'NONE',  ( 49.00000000000002132, -29.99999999999999289, -19.29999999999999716 ) ) ;
#1413 = CARTESIAN_POINT ( 'NONE',  ( 49.00000000000002132, -29.99999999999999289, -9.799999999999998934 ) ) ;
#1414 = ORIENTED_EDGE ( 'NONE', *, *, #389, .T. ) ;
#1415 = LINE ( 'NONE', #731, #123 ) ;
#1416 = CARTESIAN_POINT ( 'NONE',  ( 59.99999999999999289, -29.99999999999999289, -22.00000000000000000 ) ) ;
#1417 = EDGE_LOOP ( 'NONE', ( #1870, #2072, #916, #1677 ) ) ;
#1418 = FACE_OUTER_BOUND ( 'NONE', #558, .T. ) ;
#1419 = CARTESIAN_POINT ( 'NONE',  ( 41.79999999999999005, 12.50000000000000178, -12.00000000000000000 ) ) ;
#1420 = VERTEX_POINT ( 'NONE', #96 ) ;
#1421 = EDGE_CURVE ( 'NONE', #1332, #1350, #577, .T. ) ;
#1422 = DIRECTION ( 'NONE',  ( -0.000000000000000000, -0.000000000000000000, -1.000000000000000000 ) ) ;
#1423 = EDGE_CURVE ( 'NONE', #1649, #1249, #1578, .T. ) ;
#1424 = FACE_OUTER_BOUND ( 'NONE', #2042, .T. ) ;
#1425 = EDGE_LOOP ( 'NONE', ( #1579, #1170, #504, #835 ) ) ;
#1426 = LINE ( 'NONE', #1294, #1644 ) ;
#1427 = DIRECTION ( 'NONE',  ( -1.982541115402065110E-16, -1.000000000000000000, 0.000000000000000000 ) ) ;
#1428 = ADVANCED_FACE ( 'NONE', ( #915 ), #885, .T. ) ;
#1429 = DIRECTION ( 'NONE',  ( -1.000000000000000000, 0.000000000000000000, 0.000000000000000000 ) ) ;
#1430 = EDGE_LOOP ( 'NONE', ( #1590, #1564, #1293, #1733 ) ) ;
#1431 = LINE ( 'NONE', #1106, #2045 ) ;
#1432 = VECTOR ( 'NONE', #69, 1000.000000000000000 ) ;
#1433 = ORIENTED_EDGE ( 'NONE', *, *, #796, .T. ) ;
#1434 = EDGE_CURVE ( 'NONE', #1866, #800, #149, .T. ) ;
#1435 = AXIS2_PLACEMENT_3D ( 'NONE', #832, #1633, #1123 ) ;
#1436 = AXIS2_PLACEMENT_3D ( 'NONE', #9, #1757, #1429 ) ;
#1437 = CYLINDRICAL_SURFACE ( 'NONE', #486, 1.800000000000002931 ) ;
#1438 = CARTESIAN_POINT ( 'NONE',  ( -60.00000000000000711, -1.999999999999977573, -9.799999999999998934 ) ) ;
#1439 = VECTOR ( 'NONE', #320, 1000.000000000000000 ) ;
#1440 = CYLINDRICAL_SURFACE ( 'NONE', #1436, 1.800000000000002931 ) ;
#1441 = AXIS2_PLACEMENT_3D ( 'NONE', #1945, #1919, #1954 ) ;
#1442 = ORIENTED_EDGE ( 'NONE', *, *, #184, .T. ) ;
#1443 = CARTESIAN_POINT ( 'NONE',  ( -49.00000000000002842, -29.99999999999997868, -9.799999999999998934 ) ) ;
#1444 = CARTESIAN_POINT ( 'NONE',  ( 55.00000000000000000, 5.000000000000007994, -22.00000000000000000 ) ) ;
#1445 = EDGE_CURVE ( 'NONE', #993, #986, #411, .T. ) ;
#1446 = ORIENTED_EDGE ( 'NONE', *, *, #624, .T. ) ;
#1447 = LINE ( 'NONE', #2094, #1817 ) ;
#1448 = DIRECTION ( 'NONE',  ( 0.000000000000000000, 0.000000000000000000, -1.000000000000000000 ) ) ;
#1449 = PLANE ( 'NONE',  #1717 ) ;
#1450 = VERTEX_POINT ( 'NONE', #746 ) ;
#1451 = LINE ( 'NONE', #1803, #2014 ) ;
#1452 = DIRECTION ( 'NONE',  ( 0.000000000000000000, 0.000000000000000000, -1.000000000000000000 ) ) ;
#1453 = EDGE_CURVE ( 'NONE', #629, #1195, #434, .T. ) ;
#1454 = VERTEX_POINT ( 'NONE', #1090 ) ;
#1455 = LINE ( 'NONE', #1782, #557 ) ;
#1456 = FACE_OUTER_BOUND ( 'NONE', #882, .T. ) ;
#1457 = EDGE_CURVE ( 'NONE', #1208, #960, #1071, .T. ) ;
#1458 = CARTESIAN_POINT ( 'NONE',  ( 42.69230769230769340, 35.45251417459971321, -22.42307692307696954 ) ) ;
#1459 = ORIENTED_EDGE ( 'NONE', *, *, #589, .F. ) ;
#1460 = LINE ( 'NONE', #1314, #1638 ) ;
#1461 = CARTESIAN_POINT ( 'NONE',  ( -49.00000000000002132, -1.999999999999978684, -9.799999999999998934 ) ) ;
#1462 = CIRCLE ( 'NONE', #1875, 1.800000000000002931 ) ;
#1463 = EDGE_LOOP ( 'NONE', ( #1014, #1082, #38, #1192 ) ) ;
#1464 = LINE ( 'NONE', #785, #616 ) ;
#1465 = ORIENTED_EDGE ( 'NONE', *, *, #208, .F. ) ;
#1466 = EDGE_CURVE ( 'NONE', #1663, #1872, #1883, .T. ) ;
#1467 = VECTOR ( 'NONE', #1287, 1000.000000000000000 ) ;
#1468 = CLOSED_SHELL ( 'NONE', ( #87, #1143, #299, #1086, #1643, #386, #1368, #1022, #940, #573, #413, #76, #127, #514, #1656, #1245, #1196, #363, #1304, #196, #956, #2092, #422, #64, #1652, #2046, #1096, #58, #1752, #1836, #527, #1577, #818, #266, #290, #1957, #745, #400, #169, #71, #328, #983, #1952, #1669, #907, #841, #1428, #1988, #172, #667, #1695, #376, #1878, #1905, #271, #2078, #372, #1297, #855, #1285, #730, #278, #887, #228, #1187 ) ) ;
#1469 = DIRECTION ( 'NONE',  ( 0.000000000000000000, 0.000000000000000000, 1.000000000000000000 ) ) ;
#1470 = VECTOR ( 'NONE', #1771, 1000.000000000000000 ) ;
#1471 = ORIENTED_EDGE ( 'NONE', *, *, #520, .T. ) ;
#1472 = AXIS2_PLACEMENT_3D ( 'NONE', #86, #361, #1527 ) ;
#1473 = DIRECTION ( 'NONE',  ( 1.000000000000000000, -1.156482317317871478E-16, 0.000000000000000000 ) ) ;
#1474 = EDGE_CURVE ( 'NONE', #536, #1377, #630, .T. ) ;
#1475 = DIRECTION ( 'NONE',  ( -0.000000000000000000, 1.000000000000000000, -0.000000000000000000 ) ) ;
#1476 = ORIENTED_EDGE ( 'NONE', *, *, #1210, .F. ) ;
#1477 = CARTESIAN_POINT ( 'NONE',  ( 38.19999999999998153, -12.49999999999997868, -12.00000000000000000 ) ) ;
#1478 = CARTESIAN_POINT ( 'NONE',  ( 29.00000000000001066, 49.29900190434337759, -21.50000000000000711 ) ) ;
#1479 = EDGE_CURVE ( 'NONE', #947, #162, #1705, .T. ) ;
#1480 = EDGE_LOOP ( 'NONE', ( #20, #473, #1886, #417, #1831, #1605, #927, #487, #506, #1806 ) ) ;
#1481 = DIRECTION ( 'NONE',  ( 0.000000000000000000, 0.000000000000000000, 1.000000000000000000 ) ) ;
#1482 = CARTESIAN_POINT ( 'NONE',  ( 48.50000000000001421, 60.42640687119261855, -108.4999999999999858 ) ) ;
#1483 = DIRECTION ( 'NONE',  ( -0.000000000000000000, 1.000000000000000000, -3.045137952715505745E-16 ) ) ;
#1484 = EDGE_CURVE ( 'NONE', #1793, #1332, #451, .T. ) ;
#1485 = PLANE ( 'NONE',  #1606 ) ;
#1486 = VERTEX_POINT ( 'NONE', #1930 ) ;
#1487 = CARTESIAN_POINT ( 'NONE',  ( -58.49999999999998579, 45.42640687119263276, -108.5000000000000000 ) ) ;
#1488 = VERTEX_POINT ( 'NONE', #471 ) ;
#1489 = DIRECTION ( 'NONE',  ( -0.000000000000000000, 1.000000000000000000, -3.045137952715505745E-16 ) ) ;
#1490 = CARTESIAN_POINT ( 'NONE',  ( -49.00000000000002132, -1.999999999999978684, -19.29999999999999716 ) ) ;
#1491 = ORIENTED_EDGE ( 'NONE', *, *, #1738, .F. ) ;
#1492 = DIRECTION ( 'NONE',  ( 0.000000000000000000, 0.000000000000000000, 1.000000000000000000 ) ) ;
#1493 = CARTESIAN_POINT ( 'NONE',  ( -40.00000000000000000, 12.50000000000001243, -12.00000000000000000 ) ) ;
#1494 = EDGE_CURVE ( 'NONE', #1450, #1622, #587, .T. ) ;
#1495 = VECTOR ( 'NONE', #1720, 1000.000000000000000 ) ;
#1496 = ORIENTED_EDGE ( 'NONE', *, *, #167, .T. ) ;
#1497 = FACE_OUTER_BOUND ( 'NONE', #924, .T. ) ;
#1498 = EDGE_LOOP ( 'NONE', ( #468, #1890, #701, #1214 ) ) ;
#1499 = EDGE_CURVE ( 'NONE', #800, #767, #1081, .T. ) ;
#1500 = CYLINDRICAL_SURFACE ( 'NONE', #725, 10.00000000000000178 ) ;
#1501 = FACE_OUTER_BOUND ( 'NONE', #1694, .T. ) ;
#1502 = ORIENTED_EDGE ( 'NONE', *, *, #716, .F. ) ;
#1503 = VECTOR ( 'NONE', #1398, 1000.000000000000000 ) ;
#1504 = CIRCLE ( 'NONE', #761, 2.500000000000002220 ) ;
#1505 = PLANE ( 'NONE',  #859 ) ;
#1506 = CARTESIAN_POINT ( 'NONE',  ( 49.00000000000002132, -29.99999999999999289, -9.799999999999998934 ) ) ;
#1507 = VECTOR ( 'NONE', #1835, 1000.000000000000000 ) ;
#1508 = EDGE_CURVE ( 'NONE', #1518, #531, #1058, .T. ) ;
#1509 = CARTESIAN_POINT ( 'NONE',  ( 60.00000000000000000, 72.42640687119261145, -118.0000000000000000 ) ) ;
#1510 = ORIENTED_EDGE ( 'NONE', *, *, #477, .F. ) ;
#1511 = CARTESIAN_POINT ( 'NONE',  ( -49.00000000000002842, -29.99999999999997868, -19.29999999999999716 ) ) ;
#1512 = ORIENTED_EDGE ( 'NONE', *, *, #1923, .F. ) ;
#1513 = DIRECTION ( 'NONE',  ( -1.000000000000000000, 0.000000000000000000, 0.000000000000000000 ) ) ;
#1514 = CARTESIAN_POINT ( 'NONE',  ( 60.00000000000000000, 27.95836943965737120, -14.92893218813456180 ) ) ;
#1515 = ORIENTED_EDGE ( 'NONE', *, *, #111, .F. ) ;
#1516 = DIRECTION ( 'NONE',  ( 1.000000000000000000, 0.000000000000000000, -0.000000000000000000 ) ) ;
#1517 = FACE_OUTER_BOUND ( 'NONE', #2062, .T. ) ;
#1518 = VERTEX_POINT ( 'NONE', #3 ) ;
#1519 = DIRECTION ( 'NONE',  ( 0.000000000000000000, 0.000000000000000000, -1.000000000000000000 ) ) ;
#1520 = EDGE_LOOP ( 'NONE', ( #588, #335, #1932, #351 ) ) ;
#1521 = EDGE_CURVE ( 'NONE', #1651, #732, #1406, .T. ) ;
#1522 = CARTESIAN_POINT ( 'NONE',  ( 32.45000000000000284, -8.199999999999997513, -12.00000000000000000 ) ) ;
#1523 =( BOUNDED_CURVE ( )  B_SPLINE_CURVE ( 3, ( #935, #2060, #1206, #758 ),
 .UNSPECIFIED., .F., .F. ) 
 B_SPLINE_CURVE_WITH_KNOTS ( ( 4, 4 ),
 ( 0.9272952180015849866, 2.214297435588151064 ),
 .UNSPECIFIED. ) 
 CURVE ( )  GEOMETRIC_REPRESENTATION_ITEM ( )  RATIONAL_B_SPLINE_CURVE ( ( 1.000000000000000000, 0.8666666666666671404, 0.8666666666666671404, 1.000000000000000000 ) ) 
 REPRESENTATION_ITEM ( '' )  );
#1524 = EDGE_LOOP ( 'NONE', ( #1674, #1586, #1307, #2005, #1842, #1134, #1596, #1860 ) ) ;
#1525 = EDGE_CURVE ( 'NONE', #1055, #989, #1336, .T. ) ;
#1526 = PLANE ( 'NONE',  #215 ) ;
#1527 = DIRECTION ( 'NONE',  ( -1.000000000000000000, 0.000000000000000000, 0.000000000000000000 ) ) ;
#1528 = ORIENTED_EDGE ( 'NONE', *, *, #431, .F. ) ;
#1529 = CYLINDRICAL_SURFACE ( 'NONE', #211, 10.00000000000000178 ) ;
#1530 = ORIENTED_EDGE ( 'NONE', *, *, #1146, .F. ) ;
#1531 = PLANE ( 'NONE',  #1632 ) ;
#1532 = DIRECTION ( 'NONE',  ( -0.000000000000000000, -0.000000000000000000, -1.000000000000000000 ) ) ;
#1533 = VERTEX_POINT ( 'NONE', #339 ) ;
#1534 = DIRECTION ( 'NONE',  ( 0.7071067811865484609, 0.7071067811865465735, 6.542051911182388434E-16 ) ) ;
#1535 = CARTESIAN_POINT ( 'NONE',  ( 29.00000000000003553, 34.52943725152278631, -21.50000000000003553 ) ) ;
#1536 = VERTEX_POINT ( 'NONE', #809 ) ;
#1537 = EDGE_CURVE ( 'NONE', #1362, #1536, #1166, .T. ) ;
#1538 = DIRECTION ( 'NONE',  ( 0.000000000000000000, -1.000000000000000000, -9.251858538542971828E-16 ) ) ;
#1539 = CIRCLE ( 'NONE', #1068, 2.499999999999998668 ) ;
#1540 = VECTOR ( 'NONE', #1010, 1000.000000000000000 ) ;
#1541 = CIRCLE ( 'NONE', #820, 1.800000000000002931 ) ;
#1542 = EDGE_CURVE ( 'NONE', #5, #1649, #998, .T. ) ;
#1543 = ORIENTED_EDGE ( 'NONE', *, *, #481, .F. ) ;
#1544 = VECTOR ( 'NONE', #255, 1000.000000000000000 ) ;
#1545 = DIRECTION ( 'NONE',  ( 1.000000000000000000, 8.018752585408969768E-17, -0.000000000000000000 ) ) ;
#1546 = DIRECTION ( 'NONE',  ( -1.000000000000000000, 0.000000000000000000, 0.000000000000000000 ) ) ;
#1547 = VECTOR ( 'NONE', #566, 1000.000000000000000 ) ;
#1548 = CARTESIAN_POINT ( 'NONE',  ( 60.00000000000000000, 60.42640687119261855, -118.0000000000000000 ) ) ;
#1549 = ORIENTED_EDGE ( 'NONE', *, *, #1479, .T. ) ;
#1550 = DIRECTION ( 'NONE',  ( 0.000000000000000000, 0.000000000000000000, -1.000000000000000000 ) ) ;
#1551 = CARTESIAN_POINT ( 'NONE',  ( 39.99999999999998579, 12.50000000000000178, -7.000000000000000000 ) ) ;
#1552 = ORIENTED_EDGE ( 'NONE', *, *, #1120, .T. ) ;
#1553 = PLANE ( 'NONE',  #308 ) ;
#1554 = EDGE_CURVE ( 'NONE', #967, #711, #165, .T. ) ;
#1555 = DIRECTION ( 'NONE',  ( -0.000000000000000000, 0.000000000000000000, 1.000000000000000000 ) ) ;
#1556 = VERTEX_POINT ( 'NONE', #669 ) ;
#1557 = LINE ( 'NONE', #409, #252 ) ;
#1558 = CARTESIAN_POINT ( 'NONE',  ( 32.45000000000000284, 8.200000000000002842, -12.00000000000000000 ) ) ;
#1559 = EDGE_CURVE ( 'NONE', #1377, #711, #649, .T. ) ;
#1560 = DIRECTION ( 'NONE',  ( 1.000000000000000000, 0.000000000000000000, 0.000000000000000000 ) ) ;
#1561 = VERTEX_POINT ( 'NONE', #1646 ) ;
#1562 = CARTESIAN_POINT ( 'NONE',  ( 38.19999999999998153, 12.50000000000000178, -12.00000000000000000 ) ) ;
#1563 = CARTESIAN_POINT ( 'NONE',  ( -55.00000000000000000, 5.000000000000022204, -22.00000000000000000 ) ) ;
#1564 = ORIENTED_EDGE ( 'NONE', *, *, #864, .T. ) ;
#1565 = CARTESIAN_POINT ( 'NONE',  ( 60.00000000000000000, 72.42640687119262566, -42.42640687119306619 ) ) ;
#1566 = CARTESIAN_POINT ( 'NONE',  ( 45.00000000000000000, -4.999999999999990230, -12.00000000000000000 ) ) ;
#1567 = EDGE_CURVE ( 'NONE', #1760, #1561, #1460, .T. ) ;
#1568 = CARTESIAN_POINT ( 'NONE',  ( -45.00000000000000711, -29.99999999999998224, -22.00000000000000000 ) ) ;
#1569 = ORIENTED_EDGE ( 'NONE', *, *, #911, .T. ) ;
#1570 = LINE ( 'NONE', #115, #1785 ) ;
#1571 = DIRECTION ( 'NONE',  ( -1.000000000000000000, 0.000000000000000000, 0.000000000000000000 ) ) ;
#1572 = ORIENTED_EDGE ( 'NONE', *, *, #1959, .F. ) ;
#1573 = LINE ( 'NONE', #1064, #1813 ) ;
#1574 = DIRECTION ( 'NONE',  ( 1.000000000000000000, -1.156482317317871478E-16, 0.000000000000000000 ) ) ;
#1575 = VECTOR ( 'NONE', #1327, 1000.000000000000000 ) ;
#1576 = VECTOR ( 'NONE', #1692, 1000.000000000000000 ) ;
#1577 = ADVANCED_FACE ( 'NONE', ( #188 ), #1969, .F. ) ;
#1578 = LINE ( 'NONE', #723, #996 ) ;
#1579 = ORIENTED_EDGE ( 'NONE', *, *, #1567, .F. ) ;
#1580 = VECTOR ( 'NONE', #1891, 1000.000000000000000 ) ;
#1581 = LINE ( 'NONE', #427, #622 ) ;
#1582 = DIRECTION ( 'NONE',  ( 1.000000000000000000, -1.156482317317871478E-16, 0.000000000000000000 ) ) ;
#1583 = VERTEX_POINT ( 'NONE', #843 ) ;
#1584 = CYLINDRICAL_SURFACE ( 'NONE', #419, 10.00000000000000178 ) ;
#1585 = DIRECTION ( 'NONE',  ( -1.000000000000000000, 2.312964634635742957E-16, 0.000000000000000000 ) ) ;
#1586 = ORIENTED_EDGE ( 'NONE', *, *, #431, .T. ) ;
#1587 = EDGE_CURVE ( 'NONE', #1332, #1793, #965, .T. ) ;
#1588 = CARTESIAN_POINT ( 'NONE',  ( -60.00000000000000000, 5.000000000000023093, -22.00000000000000000 ) ) ;
#1589 = CARTESIAN_POINT ( 'NONE',  ( -38.19999999999999574, 12.50000000000001243, -7.000000000000000000 ) ) ;
#1590 = ORIENTED_EDGE ( 'NONE', *, *, #1351, .F. ) ;
#1591 = EDGE_CURVE ( 'NONE', #126, #1877, #900, .T. ) ;
#1592 = DIRECTION ( 'NONE',  ( -0.000000000000000000, 0.000000000000000000, -1.000000000000000000 ) ) ;
#1593 = ORIENTED_EDGE ( 'NONE', *, *, #1276, .T. ) ;
#1594 = EDGE_CURVE ( 'NONE', #922, #824, #1958, .T. ) ;
#1595 = CARTESIAN_POINT ( 'NONE',  ( 45.00000000000000000, -4.999999999999990230, -22.00000000000000000 ) ) ;
#1596 = ORIENTED_EDGE ( 'NONE', *, *, #21, .T. ) ;
#1597 = LINE ( 'NONE', #1754, #456 ) ;
#1598 = CYLINDRICAL_SURFACE ( 'NONE', #2053, 1.800000000000002931 ) ;
#1599 = DIRECTION ( 'NONE',  ( 0.000000000000000000, 0.000000000000000000, 1.000000000000000000 ) ) ;
#1600 = EDGE_CURVE ( 'NONE', #824, #1004, #40, .T. ) ;
#1601 = EDGE_LOOP ( 'NONE', ( #1543, #1917, #247, #130 ) ) ;
#1602 = CARTESIAN_POINT ( 'NONE',  ( 39.99999999999999289, 49.29900190434337048, -25.49999999999999645 ) ) ;
#1603 = AXIS2_PLACEMENT_3D ( 'NONE', #1687, #390, #672 ) ;
#1604 = MECHANICAL_DESIGN_GEOMETRIC_PRESENTATION_REPRESENTATION (  '', ( #1269 ), #1199 ) ;
#1605 = ORIENTED_EDGE ( 'NONE', *, *, #1747, .F. ) ;
#1606 = AXIS2_PLACEMENT_3D ( 'NONE', #343, #1347, #32 ) ;
#1607 = AXIS2_PLACEMENT_3D ( 'NONE', #1910, #420, #2052 ) ;
#1608 = DIRECTION ( 'NONE',  ( -0.000000000000000000, -0.000000000000000000, -1.000000000000000000 ) ) ;
#1609 = ORIENTED_EDGE ( 'NONE', *, *, #1089, .T. ) ;
#1610 = VECTOR ( 'NONE', #129, 1000.000000000000000 ) ;
#1611 = LINE ( 'NONE', #1289, #1070 ) ;
#1612 = ORIENTED_EDGE ( 'NONE', *, *, #1600, .T. ) ;
#1613 = EDGE_CURVE ( 'NONE', #1126, #1799, #1789, .T. ) ;
#1614 = LINE ( 'NONE', #159, #1132 ) ;
#1615 = DIRECTION ( 'NONE',  ( 0.000000000000000000, 0.000000000000000000, 1.000000000000000000 ) ) ;
#1616 = VERTEX_POINT ( 'NONE', #679 ) ;
#1617 = EDGE_CURVE ( 'NONE', #1208, #1217, #1614, .T. ) ;
#1618 = CARTESIAN_POINT ( 'NONE',  ( -60.00000000000000711, -29.99999999999997868, -22.00000000000000000 ) ) ;
#1619 = DIRECTION ( 'NONE',  ( 0.000000000000000000, 0.000000000000000000, 1.000000000000000000 ) ) ;
#1620 = ORIENTED_EDGE ( 'NONE', *, *, #1788, .F. ) ;
#1621 = CARTESIAN_POINT ( 'NONE',  ( 55.00000000000000000, -4.999999999999992006, -22.00000000000000000 ) ) ;
#1622 = VERTEX_POINT ( 'NONE', #801 ) ;
#1623 = DIRECTION ( 'NONE',  ( 0.000000000000000000, 0.000000000000000000, 1.000000000000000000 ) ) ;
#1624 = DIRECTION ( 'NONE',  ( -0.000000000000000000, 0.7071067811865440200, -0.7071067811865511255 ) ) ;
#1625 = CARTESIAN_POINT ( 'NONE',  ( 60.00000000000000000, 60.42640687119261855, -118.0000000000000000 ) ) ;
#1626 = EDGE_CURVE ( 'NONE', #1279, #1756, #1451, .T. ) ;
#1627 = EDGE_LOOP ( 'NONE', ( #1827, #1688, #952, #193, #1471 ) ) ;
#1628 = LINE ( 'NONE', #635, #2079 ) ;
#1629 = ORIENTED_EDGE ( 'NONE', *, *, #868, .F. ) ;
#1630 = DIRECTION ( 'NONE',  ( 1.000000000000000000, 0.000000000000000000, 0.000000000000000000 ) ) ;
#1631 = ORIENTED_EDGE ( 'NONE', *, *, #147, .T. ) ;
#1632 = AXIS2_PLACEMENT_3D ( 'NONE', #719, #104, #1384 ) ;
#1633 = DIRECTION ( 'NONE',  ( 0.000000000000000000, 0.000000000000000000, -1.000000000000000000 ) ) ;
#1634 = ORIENTED_EDGE ( 'NONE', *, *, #302, .F. ) ;
#1635 = EDGE_LOOP ( 'NONE', ( #845, #814, #1446, #230 ) ) ;
#1636 = EDGE_CURVE ( 'NONE', #397, #775, #1504, .T. ) ;
#1637 = CARTESIAN_POINT ( 'NONE',  ( 39.99999999999998579, 12.50000000000000178, -7.000000000000000000 ) ) ;
#1638 = VECTOR ( 'NONE', #978, 1000.000000000000000 ) ;
#1639 = VECTOR ( 'NONE', #1828, 1000.000000000000000 ) ;
#1640 = DIRECTION ( 'NONE',  ( -1.069167011387862512E-16, 1.000000000000000000, 0.000000000000000000 ) ) ;
#1641 = AXIS2_PLACEMENT_3D ( 'NONE', #772, #1555, #1230 ) ;
#1642 = VERTEX_POINT ( 'NONE', #482 ) ;
#1643 = ADVANCED_FACE ( 'NONE', ( #325 ), #493, .F. ) ;
#1644 = VECTOR ( 'NONE', #1971, 1000.000000000000000 ) ;
#1645 = CARTESIAN_POINT ( 'NONE',  ( -40.00000000000000000, 12.50000000000001243, -7.000000000000000000 ) ) ;
#1646 = CARTESIAN_POINT ( 'NONE',  ( -60.00000000000000711, -1.999999999999977573, -19.29999999999999716 ) ) ;
#1647 = ORIENTED_EDGE ( 'NONE', *, *, #875, .T. ) ;
#1648 = LINE ( 'NONE', #1986, #1680 ) ;
#1649 = VERTEX_POINT ( 'NONE', #1392 ) ;
#1650 = DIRECTION ( 'NONE',  ( 0.000000000000000000, 1.000000000000000000, 0.000000000000000000 ) ) ;
#1651 = VERTEX_POINT ( 'NONE', #893 ) ;
#1652 = ADVANCED_FACE ( 'NONE', ( #1044 ), #1829, .F. ) ;
#1653 = CARTESIAN_POINT ( 'NONE',  ( -59.99999999999999289, -30.00000000000000355, 0.000000000000000000 ) ) ;
#1654 = LINE ( 'NONE', #1859, #1104 ) ;
#1655 = ORIENTED_EDGE ( 'NONE', *, *, #1738, .T. ) ;
#1656 = ADVANCED_FACE ( 'NONE', ( #54 ), #695, .F. ) ;
#1657 = PRODUCT ( 'Aztechs_Hackathon.Housing_Face_V2', 'Aztechs_Hackathon.Housing_Face_V2', '', ( #406 ) ) ;
#1658 = FACE_OUTER_BOUND ( 'NONE', #1371, .T. ) ;
#1659 = CARTESIAN_POINT ( 'NONE',  ( 60.00000000000000000, 60.42640687119261855, -118.0000000000000000 ) ) ;
#1660 = DIRECTION ( 'NONE',  ( 1.000000000000000000, 0.000000000000000000, -0.000000000000000000 ) ) ;
#1661 = PLANE ( 'NONE',  #2084 ) ;
#1662 = CARTESIAN_POINT ( 'NONE',  ( -32.45000000000000284, 8.199999999999995737, -12.00000000000000000 ) ) ;
#1663 = VERTEX_POINT ( 'NONE', #871 ) ;
#1664 = CARTESIAN_POINT ( 'NONE',  ( 25.00000000000001066, 32.42640687119261145, -24.50000000000000000 ) ) ;
#1665 = ORIENTED_EDGE ( 'NONE', *, *, #1839, .T. ) ;
#1666 = FACE_OUTER_BOUND ( 'NONE', #1354, .T. ) ;
#1667 = DIRECTION ( 'NONE',  ( 0.000000000000000000, 0.000000000000000000, -1.000000000000000000 ) ) ;
#1668 = ORIENTED_EDGE ( 'NONE', *, *, #929, .F. ) ;
#1669 = ADVANCED_FACE ( 'NONE', ( #1517 ), #1356, .T. ) ;
#1670 = CARTESIAN_POINT ( 'NONE',  ( -60.00000000000000000, 45.42640687119263276, -118.0000000000000000 ) ) ;
#1671 = DIRECTION ( 'NONE',  ( -1.000000000000000000, 1.156482317317871478E-16, 0.000000000000000000 ) ) ;
#1672 = ORIENTED_EDGE ( 'NONE', *, *, #705, .T. ) ;
#1673 = LINE ( 'NONE', #689, #523 ) ;
#1674 = ORIENTED_EDGE ( 'NONE', *, *, #222, .F. ) ;
#1675 = CARTESIAN_POINT ( 'NONE',  ( 49.00000000000002132, -1.999999999999990008, -19.29999999999999716 ) ) ;
#1676 = CARTESIAN_POINT ( 'NONE',  ( -60.00000000000000000, 5.000000000000023093, -12.00000000000000000 ) ) ;
#1677 = ORIENTED_EDGE ( 'NONE', *, *, #1901, .T. ) ;
#1678 = CIRCLE ( 'NONE', #314, 10.00000000000000178 ) ;
#1679 = AXIS2_PLACEMENT_3D ( 'NONE', #831, #1850, #1335 ) ;
#1680 = VECTOR ( 'NONE', #661, 999.9999999999998863 ) ;
#1681 = DIRECTION ( 'NONE',  ( -1.000000000000000000, 0.000000000000000000, 0.000000000000000000 ) ) ;
#1682 = AXIS2_PLACEMENT_3D ( 'NONE', #838, #72, #828 ) ;
#1683 = EDGE_CURVE ( 'NONE', #1319, #162, #1648, .T. ) ;
#1684 = VECTOR ( 'NONE', #1892, 1000.000000000000000 ) ;
#1685 = FACE_OUTER_BOUND ( 'NONE', #327, .T. ) ;
#1686 = ORIENTED_EDGE ( 'NONE', *, *, #972, .T. ) ;
#1687 = CARTESIAN_POINT ( 'NONE',  ( -40.00000000000000000, 12.50000000000001243, -7.000000000000000000 ) ) ;
#1688 = ORIENTED_EDGE ( 'NONE', *, *, #657, .T. ) ;
#1689 = CARTESIAN_POINT ( 'NONE',  ( -55.00000000000000000, -4.999999999999979572, -22.00000000000000000 ) ) ;
#1690 = CARTESIAN_POINT ( 'NONE',  ( -59.99999999999999289, -30.00000000000000355, -12.00000000000000000 ) ) ;
#1691 = VERTEX_POINT ( 'NONE', #860 ) ;
#1692 = DIRECTION ( 'NONE',  ( 0.000000000000000000, -1.000000000000000000, -9.251858538542971828E-16 ) ) ;
#1693 = VERTEX_POINT ( 'NONE', #1509 ) ;
#1694 = EDGE_LOOP ( 'NONE', ( #103, #489, #503, #1284 ) ) ;
#1695 = ADVANCED_FACE ( 'NONE', ( #1685 ), #67, .T. ) ;
#1696 = PLANE ( 'NONE',  #757 ) ;
#1697 = ORIENTED_EDGE ( 'NONE', *, *, #602, .F. ) ;
#1698 = CARTESIAN_POINT ( 'NONE',  ( -60.00000000000000000, 5.000000000000023093, -22.00000000000000000 ) ) ;
#1699 = LINE ( 'NONE', #692, #383 ) ;
#1700 = ORIENTED_EDGE ( 'NONE', *, *, #1240, .T. ) ;
#1701 = LINE ( 'NONE', #919, #1944 ) ;
#1702 = EDGE_LOOP ( 'NONE', ( #1002, #1394, #258, #1063 ) ) ;
#1703 = DIRECTION ( 'NONE',  ( -0.000000000000000000, 0.7071067811865440200, -0.7071067811865511255 ) ) ;
#1704 = ORIENTED_EDGE ( 'NONE', *, *, #791, .T. ) ;
#1705 = LINE ( 'NONE', #2047, #858 ) ;
#1706 = VERTEX_POINT ( 'NONE', #1662 ) ;
#1707 = EDGE_CURVE ( 'NONE', #677, #463, #932, .T. ) ;
#1708 = UNCERTAINTY_MEASURE_WITH_UNIT (LENGTH_MEASURE( 1.000000000000000082E-05 ), #1397, 'distance_accuracy_value', 'NONE');
#1709 = CARTESIAN_POINT ( 'NONE',  ( 26.99999999999999645, 50.49999999999977973, -20.49999999999998934 ) ) ;
#1710 = FACE_OUTER_BOUND ( 'NONE', #1480, .T. ) ;
#1711 = ORIENTED_EDGE ( 'NONE', *, *, #2016, .T. ) ;
#1712 = PLANE ( 'NONE',  #1228 ) ;
#1713 = CARTESIAN_POINT ( 'NONE',  ( 60.00000000000000000, 62.42640687119262566, -46.56854249492399589 ) ) ;
#1714 = AXIS2_PLACEMENT_3D ( 'NONE', #552, #46, #1172 ) ;
#1715 = EDGE_CURVE ( 'NONE', #824, #629, #1943, .T. ) ;
#1716 = AXIS2_PLACEMENT_3D ( 'NONE', #1493, #1321, #176 ) ;
#1717 = AXIS2_PLACEMENT_3D ( 'NONE', #1935, #1271, #1299 ) ;
#1718 = ORIENTED_EDGE ( 'NONE', *, *, #771, .F. ) ;
#1719 = AXIS2_PLACEMENT_3D ( 'NONE', #507, #1879, #2049 ) ;
#1720 = DIRECTION ( 'NONE',  ( -0.000000000000000000, -0.000000000000000000, 1.000000000000000000 ) ) ;
#1721 = AXIS2_PLACEMENT_3D ( 'NONE', #1637, #2095, #1128 ) ;
#1722 = DIRECTION ( 'NONE',  ( -2.312964634635742957E-16, -1.000000000000000000, -0.000000000000000000 ) ) ;
#1723 = ORIENTED_EDGE ( 'NONE', *, *, #1484, .F. ) ;
#1724 = CARTESIAN_POINT ( 'NONE',  ( -49.00000000000002132, -1.999999999999978684, -19.29999999999999716 ) ) ;
#1725 = CARTESIAN_POINT ( 'NONE',  ( 32.45000000000000284, 8.200000000000002842, -12.00000000000000000 ) ) ;
#1726 = ORIENTED_EDGE ( 'NONE', *, *, #1146, .T. ) ;
#1727 = PLANE ( 'NONE',  #620 ) ;
#1728 = EDGE_CURVE ( 'NONE', #203, #718, #2080, .T. ) ;
#1729 = CARTESIAN_POINT ( 'NONE',  ( 29.69230769230770051, 35.45251417459971321, -22.42307692307698730 ) ) ;
#1730 = CARTESIAN_POINT ( 'NONE',  ( 49.00000000000002132, -29.99999999999999289, -19.29999999999999716 ) ) ;
#1731 =( NAMED_UNIT ( * ) SI_UNIT ( $, .STERADIAN. ) SOLID_ANGLE_UNIT ( ) );
#1732 = DIRECTION ( 'NONE',  ( 0.000000000000000000, 1.000000000000000000, -9.828039769013113849E-17 ) ) ;
#1733 = ORIENTED_EDGE ( 'NONE', *, *, #312, .T. ) ;
#1734 = LINE ( 'NONE', #1412, #421 ) ;
#1735 = LINE ( 'NONE', #1899, #1610 ) ;
#1736 = ORIENTED_EDGE ( 'NONE', *, *, #645, .F. ) ;
#1737 = CARTESIAN_POINT ( 'NONE',  ( -40.00000000000000000, -12.49999999999997868, -7.000000000000000000 ) ) ;
#1738 = EDGE_CURVE ( 'NONE', #625, #1693, #530, .T. ) ;
#1739 = LINE ( 'NONE', #2065, #306 ) ;
#1740 = FACE_OUTER_BOUND ( 'NONE', #224, .T. ) ;
#1741 = ORIENTED_EDGE ( 'NONE', *, *, #1328, .F. ) ;
#1742 = EDGE_CURVE ( 'NONE', #1866, #549, #873, .T. ) ;
#1743 = CARTESIAN_POINT ( 'NONE',  ( 60.00000000000001421, 45.42640687119261855, -118.0000000000000000 ) ) ;
#1744 = DIRECTION ( 'NONE',  ( 1.000000000000000000, -1.156482317317871478E-16, 0.000000000000000000 ) ) ;
#1745 = FACE_OUTER_BOUND ( 'NONE', #522, .T. ) ;
#1746 =( BOUNDED_CURVE ( )  B_SPLINE_CURVE ( 3, ( #752, #1729, #268, #432 ),
 .UNSPECIFIED., .F., .T. ) 
 B_SPLINE_CURVE_WITH_KNOTS ( ( 4, 4 ),
 ( 4.068887871591432059, 5.355890089178001467 ),
 .UNSPECIFIED. ) 
 CURVE ( )  GEOMETRIC_REPRESENTATION_ITEM ( )  RATIONAL_B_SPLINE_CURVE ( ( 1.000000000000000000, 0.8666666666666664742, 0.8666666666666664742, 1.000000000000000000 ) ) 
 REPRESENTATION_ITEM ( '' )  );
#1747 = EDGE_CURVE ( 'NONE', #729, #1872, #1201, .T. ) ;
#1748 = PLANE ( 'NONE',  #2054 ) ;
#1749 = VECTOR ( 'NONE', #1475, 1000.000000000000000 ) ;
#1750 = AXIS2_PLACEMENT_3D ( 'NONE', #1188, #510, #385 ) ;
#1751 = VECTOR ( 'NONE', #1489, 1000.000000000000000 ) ;
#1752 = ADVANCED_FACE ( 'NONE', ( #1807 ), #1485, .T. ) ;
#1753 = EDGE_LOOP ( 'NONE', ( #1672, #581, #479, #402 ) ) ;
#1754 = CARTESIAN_POINT ( 'NONE',  ( -59.99999999999999289, -30.00000000000000355, -12.00000000000000000 ) ) ;
#1755 = PLANE ( 'NONE',  #764 ) ;
#1756 = VERTEX_POINT ( 'NONE', #670 ) ;
#1757 = DIRECTION ( 'NONE',  ( -0.000000000000000000, -0.000000000000000000, -1.000000000000000000 ) ) ;
#1758 = ORIENTED_EDGE ( 'NONE', *, *, #441, .F. ) ;
#1759 = CARTESIAN_POINT ( 'NONE',  ( -32.45000000000000284, -8.200000000000002842, -12.00000000000000000 ) ) ;
#1760 = VERTEX_POINT ( 'NONE', #1325 ) ;
#1761 = EDGE_CURVE ( 'NONE', #718, #203, #423, .T. ) ;
#1762 = DIRECTION ( 'NONE',  ( 0.000000000000000000, -1.000000000000000000, 0.000000000000000000 ) ) ;
#1763 = LINE ( 'NONE', #1783, #720 ) ;
#1764 = CARTESIAN_POINT ( 'NONE',  ( 49.00000000000002132, -1.999999999999990008, -9.799999999999998934 ) ) ;
#1765 = VERTEX_POINT ( 'NONE', #1013 ) ;
#1766 = CARTESIAN_POINT ( 'NONE',  ( 49.00000000000002132, -1.999999999999990008, -9.799999999999998934 ) ) ;
#1767 = ORIENTED_EDGE ( 'NONE', *, *, #1934, .F. ) ;
#1768 = CARTESIAN_POINT ( 'NONE',  ( -60.00000000000000000, 72.42640687119261145, -118.0000000000000000 ) ) ;
#1769 = DIRECTION ( 'NONE',  ( 1.000000000000000000, 5.782411586589357392E-17, -0.000000000000000000 ) ) ;
#1770 = EDGE_CURVE ( 'NONE', #775, #851, #2056, .T. ) ;
#1771 = DIRECTION ( 'NONE',  ( -0.000000000000000000, 1.836327642138343694E-16, 1.000000000000000000 ) ) ;
#1772 =( GEOMETRIC_REPRESENTATION_CONTEXT ( 3 ) GLOBAL_UNCERTAINTY_ASSIGNED_CONTEXT ( ( #216 ) ) GLOBAL_UNIT_ASSIGNED_CONTEXT ( ( #1218, #680, #822 ) ) REPRESENTATION_CONTEXT ( 'NONE', 'WORKASPACE' ) );
#1773 = EDGE_LOOP ( 'NONE', ( #995, #1784, #1225, #1433, #572, #1491, #1741, #1288, #653, #608 ) ) ;
#1774 = EDGE_CURVE ( 'NONE', #851, #397, #684, .T. ) ;
#1775 = DIRECTION ( 'NONE',  ( 0.000000000000000000, 0.000000000000000000, 1.000000000000000000 ) ) ;
#1776 = FACE_BOUND ( 'NONE', #1065, .T. ) ;
#1777 = AXIS2_PLACEMENT_3D ( 'NONE', #24, #710, #346 ) ;
#1778 = AXIS2_PLACEMENT_3D ( 'NONE', #1209, #678, #1481 ) ;
#1779 = EDGE_LOOP ( 'NONE', ( #1341, #1316, #1038, #240 ) ) ;
#1780 = VECTOR ( 'NONE', #821, 1000.000000000000000 ) ;
#1781 = AXIS2_PLACEMENT_3D ( 'NONE', #985, #815, #1469 ) ;
#1782 = CARTESIAN_POINT ( 'NONE',  ( 46.00000000000002132, 57.92640687119261855, -108.4999999999999858 ) ) ;
#1783 = CARTESIAN_POINT ( 'NONE',  ( 41.79999999999999005, -12.49999999999997868, -7.000000000000000000 ) ) ;
#1784 = ORIENTED_EDGE ( 'NONE', *, *, #137, .T. ) ;
#1785 = VECTOR ( 'NONE', #1258, 1000.000000000000000 ) ;
#1786 = PLANE ( 'NONE',  #254 ) ;
#1787 = ORIENTED_EDGE ( 'NONE', *, *, #1948, .T. ) ;
#1788 = EDGE_CURVE ( 'NONE', #922, #967, #1221, .T. ) ;
#1789 = LINE ( 'NONE', #1985, #1977 ) ;
#1790 = CARTESIAN_POINT ( 'NONE',  ( 32.45000000000000284, -8.199999999999997513, 0.000000000000000000 ) ) ;
#1791 = ORIENTED_EDGE ( 'NONE', *, *, #699, .F. ) ;
#1792 = CARTESIAN_POINT ( 'NONE',  ( 37.99999999999995026, 34.52943725152284316, -21.50000000000000711 ) ) ;
#1793 = VERTEX_POINT ( 'NONE', #112 ) ;
#1794 = DIRECTION ( 'NONE',  ( -0.000000000000000000, -9.828039769013113849E-17, -1.000000000000000000 ) ) ;
#1795 = EDGE_CURVE ( 'NONE', #197, #1319, #1812, .T. ) ;
#1796 = ORIENTED_EDGE ( 'NONE', *, *, #161, .F. ) ;
#1797 = CARTESIAN_POINT ( 'NONE',  ( 26.99999999999999645, 49.29900190434337048, -22.99999999999998579 ) ) ;
#1798 = EDGE_CURVE ( 'NONE', #598, #989, #2082, .T. ) ;
#1799 = VERTEX_POINT ( 'NONE', #277 ) ;
#1800 = CARTESIAN_POINT ( 'NONE',  ( 26.99999999999999645, 49.29900190434337048, -22.99999999999998579 ) ) ;
#1801 = ORIENTED_EDGE ( 'NONE', *, *, #1411, .F. ) ;
#1802 = VECTOR ( 'NONE', #12, 1000.000000000000000 ) ;
#1803 = CARTESIAN_POINT ( 'NONE',  ( -59.99999999999999289, 25.85786437626902412, 0.000000000000000000 ) ) ;
#1804 = DIRECTION ( 'NONE',  ( -1.000000000000000000, 0.000000000000000000, 0.000000000000000000 ) ) ;
#1805 = EDGE_CURVE ( 'NONE', #549, #729, #753, .T. ) ;
#1806 = ORIENTED_EDGE ( 'NONE', *, *, #894, .F. ) ;
#1807 = FACE_OUTER_BOUND ( 'NONE', #1498, .T. ) ;
#1808 = VERTEX_POINT ( 'NONE', #424 ) ;
#1809 = CIRCLE ( 'NONE', #1721, 1.800000000000002931 ) ;
#1810 = PLANE ( 'NONE',  #513 ) ;
#1811 = EDGE_LOOP ( 'NONE', ( #1990, #613 ) ) ;
#1812 = CIRCLE ( 'NONE', #1236, 10.00000000000000178 ) ;
#1813 = VECTOR ( 'NONE', #1094, 1000.000000000000000 ) ;
#1814 = DIRECTION ( 'NONE',  ( -2.312964634635742957E-16, -1.000000000000000000, 0.000000000000000000 ) ) ;
#1815 = PLANE ( 'NONE',  #519 ) ;
#1816 = ORIENTED_EDGE ( 'NONE', *, *, #1559, .F. ) ;
#1817 = VECTOR ( 'NONE', #973, 1000.000000000000000 ) ;
#1818 = FACE_OUTER_BOUND ( 'NONE', #760, .T. ) ;
#1819 = DIRECTION ( 'NONE',  ( 0.000000000000000000, -1.000000000000000000, 3.045137952715505745E-16 ) ) ;
#1820 = DIRECTION ( 'NONE',  ( -0.000000000000000000, -0.000000000000000000, 1.000000000000000000 ) ) ;
#1821 = ORIENTED_EDGE ( 'NONE', *, *, #864, .F. ) ;
#1822 = FACE_OUTER_BOUND ( 'NONE', #1811, .T. ) ;
#1823 = EDGE_LOOP ( 'NONE', ( #1736, #1569, #561 ) ) ;
#1824 = EDGE_CURVE ( 'NONE', #1059, #10, #1557, .T. ) ;
#1825 = FACE_OUTER_BOUND ( 'NONE', #265, .T. ) ;
#1826 = CARTESIAN_POINT ( 'NONE',  ( -32.45000000000000284, -8.200000000000002842, 0.000000000000000000 ) ) ;
#1827 = ORIENTED_EDGE ( 'NONE', *, *, #502, .F. ) ;
#1828 = DIRECTION ( 'NONE',  ( 1.982541115402065110E-16, 1.000000000000000000, -0.000000000000000000 ) ) ;
#1829 = PLANE ( 'NONE',  #1268 ) ;
#1830 = DIRECTION ( 'NONE',  ( 0.000000000000000000, 0.000000000000000000, 1.000000000000000000 ) ) ;
#1831 = ORIENTED_EDGE ( 'NONE', *, *, #1466, .T. ) ;
#1832 = DIRECTION ( 'NONE',  ( 1.000000000000000000, -1.156482317317871478E-16, 0.000000000000000000 ) ) ;
#1833 = ORIENTED_EDGE ( 'NONE', *, *, #1774, .F. ) ;
#1834 = LINE ( 'NONE', #1330, #91 ) ;
#1835 = DIRECTION ( 'NONE',  ( -0.000000000000000000, -0.000000000000000000, -1.000000000000000000 ) ) ;
#1836 = ADVANCED_FACE ( 'NONE', ( #1088 ), #1748, .T. ) ;
#1837 = VERTEX_POINT ( 'NONE', #1416 ) ;
#1838 = DIRECTION ( 'NONE',  ( 0.000000000000000000, 0.000000000000000000, 1.000000000000000000 ) ) ;
#1839 = EDGE_CURVE ( 'NONE', #1583, #298, #1739, .T. ) ;
#1840 = VECTOR ( 'NONE', #1895, 1000.000000000000000 ) ;
#1841 = CARTESIAN_POINT ( 'NONE',  ( 45.00000000000000000, 50.49999999999977973, -20.49999999999999289 ) ) ;
#1842 = ORIENTED_EDGE ( 'NONE', *, *, #1246, .T. ) ;
#1843 = LINE ( 'NONE', #59, #787 ) ;
#1844 = ORIENTED_EDGE ( 'NONE', *, *, #779, .T. ) ;
#1845 = CARTESIAN_POINT ( 'NONE',  ( -58.49999999999998579, 45.42640687119263276, -118.0000000000000000 ) ) ;
#1846 = CARTESIAN_POINT ( 'NONE',  ( 32.45000000000000284, -8.199999999999997513, 0.000000000000000000 ) ) ;
#1847 = ORIENTED_EDGE ( 'NONE', *, *, #2002, .F. ) ;
#1848 = VECTOR ( 'NONE', #2038, 1000.000000000000000 ) ;
#1849 = VECTOR ( 'NONE', #1492, 1000.000000000000000 ) ;
#1850 = DIRECTION ( 'NONE',  ( 0.7071067811865465735, 0.7071067811865485719, -0.000000000000000000 ) ) ;
#1851 = AXIS2_PLACEMENT_3D ( 'NONE', #163, #2088, #617 ) ;
#1852 = CIRCLE ( 'NONE', #288, 2.500000000000002220 ) ;
#1853 = EDGE_LOOP ( 'NONE', ( #186, #1897 ) ) ;
#1854 = CARTESIAN_POINT ( 'NONE',  ( 45.00000000000000000, 5.000000000000007994, -12.00000000000000000 ) ) ;
#1855 = ORIENTED_EDGE ( 'NONE', *, *, #782, .T. ) ;
#1856 = LINE ( 'NONE', #1487, #1911 ) ;
#1857 = ORIENTED_EDGE ( 'NONE', *, *, #611, .T. ) ;
#1858 = DIRECTION ( 'NONE',  ( 0.000000000000000000, 1.000000000000000000, 0.000000000000000000 ) ) ;
#1859 = CARTESIAN_POINT ( 'NONE',  ( 58.50000000000004974, 45.42640687119261855, -118.0000000000000000 ) ) ;
#1860 = ORIENTED_EDGE ( 'NONE', *, *, #445, .F. ) ;
#1861 = CARTESIAN_POINT ( 'NONE',  ( 48.50000000000001421, 60.42640687119261855, -108.4999999999999858 ) ) ;
#1862 = EDGE_LOOP ( 'NONE', ( #747, #1949, #550, #1053 ) ) ;
#1863 = EDGE_CURVE ( 'NONE', #133, #851, #1404, .T. ) ;
#1864 = CARTESIAN_POINT ( 'NONE',  ( 28.99999999999998224, 32.42640687119261145, -24.50000000000000000 ) ) ;
#1865 = CARTESIAN_POINT ( 'NONE',  ( -60.00000000000000711, -29.99999999999997868, -22.00000000000000000 ) ) ;
#1866 = VERTEX_POINT ( 'NONE', #921 ) ;
#1867 = LINE ( 'NONE', #738, #941 ) ;
#1868 = EDGE_CURVE ( 'NONE', #662, #1921, #1095, .T. ) ;
#1869 = CARTESIAN_POINT ( 'NONE',  ( 49.00000000000002132, -29.99999999999999289, -9.799999999999998934 ) ) ;
#1870 = ORIENTED_EDGE ( 'NONE', *, *, #1747, .T. ) ;
#1871 = DIRECTION ( 'NONE',  ( 0.000000000000000000, 0.000000000000000000, 1.000000000000000000 ) ) ;
#1872 = VERTEX_POINT ( 'NONE', #1566 ) ;
#1873 = CARTESIAN_POINT ( 'NONE',  ( 60.00000000000000000, 60.42640687119262566, -47.39696961967014488 ) ) ;
#1874 = DIRECTION ( 'NONE',  ( 0.000000000000000000, 1.000000000000000000, 0.000000000000000000 ) ) ;
#1875 = AXIS2_PLACEMENT_3D ( 'NONE', #55, #512, #1804 ) ;
#1876 = DIRECTION ( 'NONE',  ( 0.000000000000000000, 0.000000000000000000, -1.000000000000000000 ) ) ;
#1877 = VERTEX_POINT ( 'NONE', #1373 ) ;
#1878 = ADVANCED_FACE ( 'NONE', ( #883 ), #1531, .T. ) ;
#1879 = DIRECTION ( 'NONE',  ( 0.000000000000000000, 0.000000000000000000, -1.000000000000000000 ) ) ;
#1880 = FACE_BOUND ( 'NONE', #872, .T. ) ;
#1881 = VERTEX_POINT ( 'NONE', #2022 ) ;
#1882 = CARTESIAN_POINT ( 'NONE',  ( 39.99999999999998579, 12.50000000000000178, -7.000000000000000000 ) ) ;
#1883 = CIRCLE ( 'NONE', #44, 10.00000000000000178 ) ;
#1884 = VECTOR ( 'NONE', #1374, 1000.000000000000000 ) ;
#1885 = AXIS2_PLACEMENT_3D ( 'NONE', #1291, #315, #1775 ) ;
#1886 = ORIENTED_EDGE ( 'NONE', *, *, #803, .F. ) ;
#1887 = AXIS2_PLACEMENT_3D ( 'NONE', #1250, #98, #263 ) ;
#1888 = CARTESIAN_POINT ( 'NONE',  ( -60.00000000000001421, 49.29900190434338469, -25.50000000000000355 ) ) ;
#1889 = DIRECTION ( 'NONE',  ( -1.000000000000000000, 0.000000000000000000, -0.000000000000000000 ) ) ;
#1890 = ORIENTED_EDGE ( 'NONE', *, *, #1617, .F. ) ;
#1891 = DIRECTION ( 'NONE',  ( -0.000000000000000000, -0.000000000000000000, 1.000000000000000000 ) ) ;
#1892 = DIRECTION ( 'NONE',  ( -0.000000000000000000, -1.000000000000000000, -0.000000000000000000 ) ) ;
#1893 = EDGE_CURVE ( 'NONE', #1756, #947, #443, .T. ) ;
#1894 = CYLINDRICAL_SURFACE ( 'NONE', #1300, 1.800000000000002931 ) ;
#1895 = DIRECTION ( 'NONE',  ( 1.000000000000000000, -1.156482317317871478E-16, -0.000000000000000000 ) ) ;
#1896 = LINE ( 'NONE', #755, #1097 ) ;
#1897 = ORIENTED_EDGE ( 'NONE', *, *, #116, .F. ) ;
#1898 = CARTESIAN_POINT ( 'NONE',  ( -48.50000000000000000, 45.42640687119263276, -118.0000000000000000 ) ) ;
#1899 = CARTESIAN_POINT ( 'NONE',  ( -45.00000000000000000, 5.000000000000019540, -12.00000000000000000 ) ) ;
#1900 = ORIENTED_EDGE ( 'NONE', *, *, #1382, .T. ) ;
#1901 = EDGE_CURVE ( 'NONE', #1205, #729, #585, .T. ) ;
#1902 = CARTESIAN_POINT ( 'NONE',  ( 60.00000000000000000, 72.42640687119261145, -118.0000000000000000 ) ) ;
#1903 = EDGE_CURVE ( 'NONE', #1057, #1799, #1396, .T. ) ;
#1904 = DIRECTION ( 'NONE',  ( 1.000000000000000000, -1.156482317317871478E-16, 0.000000000000000000 ) ) ;
#1905 = ADVANCED_FACE ( 'NONE', ( #2043 ), #244, .T. ) ;
#1906 = ORIENTED_EDGE ( 'NONE', *, *, #894, .T. ) ;
#1907 = CARTESIAN_POINT ( 'NONE',  ( 48.50000000000001421, 45.42640687119261855, -118.0000000000000000 ) ) ;
#1908 = CARTESIAN_POINT ( 'NONE',  ( -32.45000000000000284, -8.200000000000002842, -12.00000000000000000 ) ) ;
#1909 = ORIENTED_EDGE ( 'NONE', *, *, #1868, .T. ) ;
#1910 = CARTESIAN_POINT ( 'NONE',  ( -40.00000000000000000, 12.50000000000001243, -7.000000000000000000 ) ) ;
#1911 = VECTOR ( 'NONE', #1361, 1000.000000000000000 ) ;
#1912 = CARTESIAN_POINT ( 'NONE',  ( 60.00000000000000711, -29.99999999999999289, -19.29999999999999716 ) ) ;
#1913 = EDGE_CURVE ( 'NONE', #874, #1556, #259, .T. ) ;
#1914 = VECTOR ( 'NONE', #1213, 1000.000000000000000 ) ;
#1915 = VECTOR ( 'NONE', #207, 1000.000000000000000 ) ;
#1916 = VECTOR ( 'NONE', #1814, 1000.000000000000000 ) ;
#1917 = ORIENTED_EDGE ( 'NONE', *, *, #1005, .F. ) ;
#1918 = FACE_OUTER_BOUND ( 'NONE', #1430, .T. ) ;
#1919 = DIRECTION ( 'NONE',  ( -1.156482317317871478E-16, -1.000000000000000000, 0.000000000000000000 ) ) ;
#1920 = CARTESIAN_POINT ( 'NONE',  ( 42.00000000000002842, 34.52943725152277921, -21.50000000000003197 ) ) ;
#1921 = VERTEX_POINT ( 'NONE', #1912 ) ;
#1922 = FACE_OUTER_BOUND ( 'NONE', #786, .T. ) ;
#1923 = EDGE_CURVE ( 'NONE', #1488, #903, #472, .T. ) ;
#1924 = EDGE_LOOP ( 'NONE', ( #1190, #291 ) ) ;
#1925 = CARTESIAN_POINT ( 'NONE',  ( 37.99999999999995026, 34.52943725152284316, -21.50000000000000711 ) ) ;
#1926 = CARTESIAN_POINT ( 'NONE',  ( 59.99999999999999289, -29.99999999999999289, -22.00000000000000000 ) ) ;
#1927 = ORIENTED_EDGE ( 'NONE', *, *, #1457, .F. ) ;
#1928 = FACE_OUTER_BOUND ( 'NONE', #865, .T. ) ;
#1929 = VERTEX_POINT ( 'NONE', #1602 ) ;
#1930 = CARTESIAN_POINT ( 'NONE',  ( -60.00000000000000000, 60.42640687119263276, -108.4999999999999858 ) ) ;
#1931 = CARTESIAN_POINT ( 'NONE',  ( 60.00000000000000000, 72.42640687119262566, -46.56854249492399589 ) ) ;
#1932 = ORIENTED_EDGE ( 'NONE', *, *, #980, .F. ) ;
#1933 = CARTESIAN_POINT ( 'NONE',  ( 49.00000000000002132, -1.999999999999990008, -9.799999999999998934 ) ) ;
#1934 = EDGE_CURVE ( 'NONE', #298, #197, #464, .T. ) ;
#1935 = CARTESIAN_POINT ( 'NONE',  ( -60.00000000000001421, 34.52943725152285737, -21.50000000000000711 ) ) ;
#1936 = AXIS2_PLACEMENT_3D ( 'NONE', #494, #2081, #1939 ) ;
#1937 = ORIENTED_EDGE ( 'NONE', *, *, #1559, .T. ) ;
#1938 = DIRECTION ( 'NONE',  ( -1.000000000000000000, 0.000000000000000000, -1.387778780781444492E-15 ) ) ;
#1939 = DIRECTION ( 'NONE',  ( -1.000000000000000000, 1.156482317317871478E-16, 0.000000000000000000 ) ) ;
#1940 =( BOUNDED_CURVE ( )  B_SPLINE_CURVE ( 3, ( #7, #1295, #488, #1792 ),
 .UNSPECIFIED., .F., .T. ) 
 B_SPLINE_CURVE_WITH_KNOTS ( ( 4, 4 ),
 ( 0.9272952180015916479, 2.214297435588151064 ),
 .UNSPECIFIED. ) 
 CURVE ( )  GEOMETRIC_REPRESENTATION_ITEM ( )  RATIONAL_B_SPLINE_CURVE ( ( 1.000000000000000000, 0.8666666666666685837, 0.8666666666666685837, 1.000000000000000000 ) ) 
 REPRESENTATION_ITEM ( '' )  );
#1941 = AXIS2_PLACEMENT_3D ( 'NONE', #358, #876, #1157 ) ;
#1942 = ORIENTED_EDGE ( 'NONE', *, *, #632, .T. ) ;
#1943 = CIRCLE ( 'NONE', #179, 10.00000000000000000 ) ;
#1944 = VECTOR ( 'NONE', #1538, 1000.000000000000000 ) ;
#1945 = CARTESIAN_POINT ( 'NONE',  ( 26.99999999999999645, 49.29900190434337048, -22.99999999999998579 ) ) ;
#1946 = AXIS2_PLACEMENT_3D ( 'NONE', #606, #2074, #895 ) ;
#1947 = CARTESIAN_POINT ( 'NONE',  ( -48.50000000000000000, 60.42640687119263276, -108.4999999999999858 ) ) ;
#1948 = EDGE_CURVE ( 'NONE', #2001, #526, #141, .T. ) ;
#1949 = ORIENTED_EDGE ( 'NONE', *, *, #1508, .T. ) ;
#1950 = CARTESIAN_POINT ( 'NONE',  ( -60.00000000000000000, 27.95836943965737831, -14.92893218813455825 ) ) ;
#1951 = CARTESIAN_POINT ( 'NONE',  ( -60.00000000000001421, -29.99999999999997868, -9.799999999999998934 ) ) ;
#1952 = ADVANCED_FACE ( 'NONE', ( #160 ), #4, .F. ) ;
#1953 = VERTEX_POINT ( 'NONE', #640 ) ;
#1954 = DIRECTION ( 'NONE',  ( -1.000000000000000000, 0.000000000000000000, 0.000000000000000000 ) ) ;
#1955 = CARTESIAN_POINT ( 'NONE',  ( -41.80000000000000426, 12.50000000000001243, -7.000000000000000000 ) ) ;
#1956 = ORIENTED_EDGE ( 'NONE', *, *, #1600, .F. ) ;
#1957 = ADVANCED_FACE ( 'NONE', ( #979, #1776, #1424 ), #1124, .F. ) ;
#1958 = LINE ( 'NONE', #1950, #317 ) ;
#1959 = EDGE_CURVE ( 'NONE', #744, #133, #150, .T. ) ;
#1960 = CARTESIAN_POINT ( 'NONE',  ( 60.00000000000000000, 72.42640687119261145, -118.0000000000000000 ) ) ;
#1961 = ORIENTED_EDGE ( 'NONE', *, *, #1798, .T. ) ;
#1962 = DIRECTION ( 'NONE',  ( -1.000000000000000000, 0.000000000000000000, -0.000000000000000000 ) ) ;
#1963 = VERTEX_POINT ( 'NONE', #316 ) ;
#1964 = CARTESIAN_POINT ( 'NONE',  ( -55.00000000000000000, -4.999999999999979572, -22.00000000000000000 ) ) ;
#1965 = CARTESIAN_POINT ( 'NONE',  ( -60.00000000000000000, 62.42640687119262566, -46.56854249492399589 ) ) ;
#1966 = ORIENTED_EDGE ( 'NONE', *, *, #1788, .T. ) ;
#1967 = VECTOR ( 'NONE', #942, 1000.000000000000000 ) ;
#1968 = LINE ( 'NONE', #1355, #1849 ) ;
#1969 = PLANE ( 'NONE',  #1885 ) ;
#1970 = CARTESIAN_POINT ( 'NONE',  ( 0.000000000000000000, 0.000000000000000000, 0.000000000000000000 ) ) ;
#1971 = DIRECTION ( 'NONE',  ( 1.156482317317871478E-16, 1.000000000000000000, 0.000000000000000000 ) ) ;
#1972 = EDGE_CURVE ( 'NONE', #1706, #1059, #1137, .T. ) ;
#1973 = ORIENTED_EDGE ( 'NONE', *, *, #1824, .T. ) ;
#1974 = VECTOR ( 'NONE', #235, 1000.000000000000000 ) ;
#1975 = CARTESIAN_POINT ( 'NONE',  ( 60.00000000000001421, 25.85786437626902767, 0.000000000000000000 ) ) ;
#1976 = ORIENTED_EDGE ( 'NONE', *, *, #812, .T. ) ;
#1977 = VECTOR ( 'NONE', #969, 1000.000000000000000 ) ;
#1978 = VECTOR ( 'NONE', #430, 1000.000000000000000 ) ;
#1979 = LINE ( 'NONE', #194, #318 ) ;
#1980 = EDGE_CURVE ( 'NONE', #16, #1057, #1431, .T. ) ;
#1981 = CARTESIAN_POINT ( 'NONE',  ( 60.00000000000000000, 60.42640687119262566, -47.39696961967014488 ) ) ;
#1982 = VECTOR ( 'NONE', #1534, 1000.000000000000000 ) ;
#1983 = ORIENTED_EDGE ( 'NONE', *, *, #1636, .T. ) ;
#1984 = CARTESIAN_POINT ( 'NONE',  ( -60.00000000000000000, 45.42640687119263276, -118.0000000000000000 ) ) ;
#1985 = CARTESIAN_POINT ( 'NONE',  ( -60.00000000000001421, 37.52943725152284316, -24.50000000000000000 ) ) ;
#1986 = CARTESIAN_POINT ( 'NONE',  ( 60.00000000000000000, 30.00000000000000711, 0.000000000000000000 ) ) ;
#1987 = ORIENTED_EDGE ( 'NONE', *, *, #324, .F. ) ;
#1988 = ADVANCED_FACE ( 'NONE', ( #623 ), #326, .T. ) ;
#1989 = DIRECTION ( 'NONE',  ( -1.000000000000000000, -0.000000000000000000, -0.000000000000000000 ) ) ;
#1990 = ORIENTED_EDGE ( 'NONE', *, *, #1078, .T. ) ;
#1991 = CARTESIAN_POINT ( 'NONE',  ( 31.99999999999999645, 55.49999999999972999, -25.49999999999999289 ) ) ;
#1992 = CARTESIAN_POINT ( 'NONE',  ( 60.00000000000000000, 69.49747468305814380, -39.49747468305854881 ) ) ;
#1993 = ORIENTED_EDGE ( 'NONE', *, *, #1934, .T. ) ;
#1994 = DIRECTION ( 'NONE',  ( -0.7071067811865484609, -0.7071067811865465735, 0.000000000000000000 ) ) ;
#1995 = DIRECTION ( 'NONE',  ( 1.156482317317871478E-16, 1.000000000000000000, -0.000000000000000000 ) ) ;
#1996 = VERTEX_POINT ( 'NONE', #970 ) ;
#1997 = CARTESIAN_POINT ( 'NONE',  ( 60.00000000000001421, 25.85786437626902412, -10.00000000000000000 ) ) ;
#1998 = ORIENTED_EDGE ( 'NONE', *, *, #1494, .T. ) ;
#1999 = DIRECTION ( 'NONE',  ( -1.000000000000000000, -1.069167011387862512E-16, 0.000000000000000000 ) ) ;
#2000 = LINE ( 'NONE', #867, #219 ) ;
#2001 = VERTEX_POINT ( 'NONE', #1951 ) ;
#2002 = EDGE_CURVE ( 'NONE', #958, #1208, #483, .T. ) ;
#2003 = CARTESIAN_POINT ( 'NONE',  ( 55.00000000000000000, -4.999999999999992006, -22.00000000000000000 ) ) ;
#2004 = VECTOR ( 'NONE', #1483, 1000.000000000000000 ) ;
#2005 = ORIENTED_EDGE ( 'NONE', *, *, #830, .F. ) ;
#2006 = DIRECTION ( 'NONE',  ( -0.000000000000000000, -0.000000000000000000, 1.000000000000000000 ) ) ;
#2007 = ORIENTED_EDGE ( 'NONE', *, *, #1913, .T. ) ;
#2008 = DIRECTION ( 'NONE',  ( 0.000000000000000000, 0.000000000000000000, -1.000000000000000000 ) ) ;
#2009 = ORIENTED_EDGE ( 'NONE', *, *, #29, .T. ) ;
#2010 = VECTOR ( 'NONE', #1832, 1000.000000000000000 ) ;
#2011 = DIRECTION ( 'NONE',  ( 0.000000000000000000, 0.000000000000000000, -1.000000000000000000 ) ) ;
#2012 = LINE ( 'NONE', #1676, #862 ) ;
#2013 = ORIENTED_EDGE ( 'NONE', *, *, #1761, .T. ) ;
#2014 = VECTOR ( 'NONE', #639, 1000.000000000000000 ) ;
#2015 = AXIS2_PLACEMENT_3D ( 'NONE', #75, #1009, #1838 ) ;
#2016 = EDGE_CURVE ( 'NONE', #1808, #1760, #650, .T. ) ;
#2017 = DIRECTION ( 'NONE',  ( -1.000000000000000000, 1.156482317317871478E-16, -0.000000000000000000 ) ) ;
#2018 = AXIS2_PLACEMENT_3D ( 'NONE', #1174, #535, #712 ) ;
#2019 = DIRECTION ( 'NONE',  ( 0.000000000000000000, 0.000000000000000000, 1.000000000000000000 ) ) ;
#2020 = AXIS2_PLACEMENT_3D ( 'NONE', #85, #726, #1400 ) ;
#2021 = ORIENTED_EDGE ( 'NONE', *, *, #445, .T. ) ;
#2022 = CARTESIAN_POINT ( 'NONE',  ( 26.99999999999999645, 49.29900190434337048, -25.49999999999998579 ) ) ;
#2023 = SURFACE_STYLE_USAGE ( .BOTH. , #388 ) ;
#2024 = DIRECTION ( 'NONE',  ( 0.000000000000000000, 0.000000000000000000, -1.000000000000000000 ) ) ;
#2025 = ORIENTED_EDGE ( 'NONE', *, *, #41, .T. ) ;
#2026 = PLANE ( 'NONE',  #1887 ) ;
#2027 = DIRECTION ( 'NONE',  ( -1.000000000000000000, 0.000000000000000000, 1.387778780781446464E-15 ) ) ;
#2028 = ORIENTED_EDGE ( 'NONE', *, *, #1474, .F. ) ;
#2029 = DIRECTION ( 'NONE',  ( -0.000000000000000000, 0.000000000000000000, -1.000000000000000000 ) ) ;
#2030 = EDGE_CURVE ( 'NONE', #536, #636, #631, .T. ) ;
#2031 = ORIENTED_EDGE ( 'NONE', *, *, #455, .F. ) ;
#2032 = DIRECTION ( 'NONE',  ( -1.000000000000000000, 1.156482317317871478E-16, 0.000000000000000000 ) ) ;
#2033 = DIRECTION ( 'NONE',  ( -0.000000000000000000, 1.000000000000000000, -3.045137952715505745E-16 ) ) ;
#2034 = EDGE_CURVE ( 'NONE', #1217, #2001, #794, .T. ) ;
#2035 = LINE ( 'NONE', #923, #148 ) ;
#2036 = VERTEX_POINT ( 'NONE', #2091 ) ;
#2037 = DIRECTION ( 'NONE',  ( -1.000000000000000000, 0.000000000000000000, 0.000000000000000000 ) ) ;
#2038 = DIRECTION ( 'NONE',  ( -0.000000000000000000, -0.000000000000000000, -1.000000000000000000 ) ) ;
#2039 = VERTEX_POINT ( 'NONE', #1595 ) ;
#2040 = DIRECTION ( 'NONE',  ( 0.000000000000000000, -0.000000000000000000, 1.000000000000000000 ) ) ;
#2041 = CARTESIAN_POINT ( 'NONE',  ( 45.00000000000000000, 5.000000000000007994, -22.00000000000000000 ) ) ;
#2042 = EDGE_LOOP ( 'NONE', ( #1900, #1549, #1161, #1220 ) ) ;
#2043 = FACE_OUTER_BOUND ( 'NONE', #371, .T. ) ;
#2044 = CARTESIAN_POINT ( 'NONE',  ( 25.00000000000001066, 49.29900190434337048, -24.50000000000000355 ) ) ;
#2045 = VECTOR ( 'NONE', #297, 1000.000000000000000 ) ;
#2046 = ADVANCED_FACE ( 'NONE', ( #1922 ), #1115, .F. ) ;
#2047 = CARTESIAN_POINT ( 'NONE',  ( 60.00000000000000000, 32.92893218813453871, -2.928932188134562242 ) ) ;
#2048 = ORIENTED_EDGE ( 'NONE', *, *, #771, .T. ) ;
#2049 = DIRECTION ( 'NONE',  ( -1.000000000000000000, 0.000000000000000000, 0.000000000000000000 ) ) ;
#2050 = LINE ( 'NONE', #1563, #1848 ) ;
#2051 = ORIENTED_EDGE ( 'NONE', *, *, #950, .T. ) ;
#2052 = DIRECTION ( 'NONE',  ( -1.000000000000000000, 0.000000000000000000, -0.000000000000000000 ) ) ;
#2053 = AXIS2_PLACEMENT_3D ( 'NONE', #798, #1608, #1308 ) ;
#2054 = AXIS2_PLACEMENT_3D ( 'NONE', #766, #574, #913 ) ;
#2055 = VECTOR ( 'NONE', #185, 1000.000000000000000 ) ;
#2056 = LINE ( 'NONE', #1232, #819 ) ;
#2057 = LINE ( 'NONE', #1248, #963 ) ;
#2058 = ORIENTED_EDGE ( 'NONE', *, *, #251, .F. ) ;
#2059 = EDGE_CURVE ( 'NONE', #1450, #1663, #959, .T. ) ;
#2060 = CARTESIAN_POINT ( 'NONE',  ( 24.30769230769232436, 36.60636032844585941, -23.57692307692313349 ) ) ;
#2061 = PLANE ( 'NONE',  #1234 ) ;
#2062 = EDGE_LOOP ( 'NONE', ( #2085, #1512, #971, #584 ) ) ;
#2063 = FACE_OUTER_BOUND ( 'NONE', #1773, .T. ) ;
#2064 = EDGE_CURVE ( 'NONE', #397, #203, #253, .T. ) ;
#2065 = CARTESIAN_POINT ( 'NONE',  ( -60.00000000000000000, 72.42640687119262566, -42.42640687119306619 ) ) ;
#2066 = ORIENTED_EDGE ( 'NONE', *, *, #1980, .F. ) ;
#2067 = CARTESIAN_POINT ( 'NONE',  ( -41.80000000000000426, -12.49999999999997868, -7.000000000000000000 ) ) ;
#2068 = FACE_BOUND ( 'NONE', #1390, .T. ) ;
#2069 = LINE ( 'NONE', #90, #1978 ) ;
#2070 = EDGE_CURVE ( 'NONE', #1765, #790, #1462, .T. ) ;
#2071 = CARTESIAN_POINT ( 'NONE',  ( 60.00000000000000000, 30.00000000000000711, 0.000000000000000000 ) ) ;
#2072 = ORIENTED_EDGE ( 'NONE', *, *, #683, .T. ) ;
#2073 = VECTOR ( 'NONE', #289, 1000.000000000000000 ) ;
#2074 = DIRECTION ( 'NONE',  ( -0.000000000000000000, 0.7071067811865511255, 0.7071067811865440200 ) ) ;
#2075 = CARTESIAN_POINT ( 'NONE',  ( 48.50000000000001421, 55.42640687119263276, -118.0000000000000000 ) ) ;
#2076 = LINE ( 'NONE', #19, #1470 ) ;
#2077 = ORIENTED_EDGE ( 'NONE', *, *, #1365, .F. ) ;
#2078 = ADVANCED_FACE ( 'NONE', ( #177 ), #1712, .T. ) ;
#2079 = VECTOR ( 'NONE', #1270, 1000.000000000000000 ) ;
#2080 =( BOUNDED_CURVE ( )  B_SPLINE_CURVE ( 3, ( #356, #697, #834, #708 ),
 .UNSPECIFIED., .F., .T. ) 
 B_SPLINE_CURVE_WITH_KNOTS ( ( 4, 4 ),
 ( 3.141592653589793116, 6.283185307179586232 ),
 .UNSPECIFIED. ) 
 CURVE ( )  GEOMETRIC_REPRESENTATION_ITEM ( )  RATIONAL_B_SPLINE_CURVE ( ( 1.000000000000000000, 0.3333333333333333703, 0.3333333333333333703, 1.000000000000000000 ) ) 
 REPRESENTATION_ITEM ( '' )  );
#2081 = DIRECTION ( 'NONE',  ( 1.156482317317871478E-16, 1.000000000000000000, -0.000000000000000000 ) ) ;
#2082 = CIRCLE ( 'NONE', #1163, 1.800000000000002931 ) ;
#2083 = AXIS2_PLACEMENT_3D ( 'NONE', #1947, #450, #303 ) ;
#2084 = AXIS2_PLACEMENT_3D ( 'NONE', #1907, #797, #2086 ) ;
#2085 = ORIENTED_EDGE ( 'NONE', *, *, #137, .F. ) ;
#2086 = DIRECTION ( 'NONE',  ( -1.000000000000000000, 1.156482317317871478E-16, 0.000000000000000000 ) ) ;
#2087 = PLANE ( 'NONE',  #899 ) ;
#2088 = DIRECTION ( 'NONE',  ( -1.069961080215131224E-31, -9.251858538542971828E-16, 1.000000000000000000 ) ) ;
#2089 = ORIENTED_EDGE ( 'NONE', *, *, #534, .F. ) ;
#2090 = CARTESIAN_POINT ( 'NONE',  ( 55.00000000000000000, -4.999999999999992006, -12.00000000000000000 ) ) ;
#2091 = CARTESIAN_POINT ( 'NONE',  ( 49.00000000000002132, -29.99999999999999645, -9.799999999999998934 ) ) ;
#2092 = ADVANCED_FACE ( 'NONE', ( #1322 ), #1553, .F. ) ;
#2093 = ORIENTED_EDGE ( 'NONE', *, *, #1313, .F. ) ;
#2094 = CARTESIAN_POINT ( 'NONE',  ( 60.00000000000000711, -29.99999999999999289, -19.29999999999999716 ) ) ;
#2095 = DIRECTION ( 'NONE',  ( 0.000000000000000000, 0.000000000000000000, -1.000000000000000000 ) ) ;
#2096 = DIRECTION ( 'NONE',  ( 1.000000000000000000, -2.312964634635742957E-16, 0.000000000000000000 ) ) ;
ENDSEC;
END-ISO-10303-21;
